<?xml version="1.0" encoding="UTF-8"?>
<!DOCTYPE nmaprun>
<?xml-stylesheet href="file:///C:/Program Files (x86)/Nmap/nmap.xsl" type="text/xsl"?>
<!-- Nmap 7.95 scan initiated Tue Jan 21 13:33:51 2025 as: &quot;C:\\Program Files (x86)\\Nmap\\nmap.exe&quot; -sS -Pn -p- -T4 -iL output\\scope28.txt -oA output\\open_port_scope28 -&#45;max-rtt-timeout 100ms -&#45;max-retries 3 -&#45;defeat-rst-ratelimit -&#45;min-rate 450 -&#45;max-rate 15000 -->
<nmaprun scanner="nmap" args="&quot;C:\\Program Files (x86)\\Nmap\\nmap.exe&quot; -sS -Pn -p- -T4 -iL output\\scope28.txt -oA output\\open_port_scope28 -&#45;max-rtt-timeout 100ms -&#45;max-retries 3 -&#45;defeat-rst-ratelimit -&#45;min-rate 450 -&#45;max-rate 15000" start="1737462831" startstr="Tue Jan 21 13:33:51 2025" version="7.95" xmloutputversion="1.05">
<scaninfo type="syn" protocol="tcp" numservices="65535" services="1-65535"/>
<verbose level="0"/>
<debugging level="0"/>
<host starttime="1737462842" endtime="1737465138"><status state="up" reason="user-set" reason_ttl="0"/>
<address addr="172.16.1.139" addrtype="ipv4"/>
<hostnames>
<hostname name="CM01CAP01S.SGBC.SOCGEN" type="PTR"/>
</hostnames>
<ports><extraports state="filtered" count="65535">
<extrareasons reason="no-response" count="65535" proto="tcp" ports="1-65535"/>
</extraports>
</ports>
</host>
<host starttime="1737462842" endtime="1737465140"><status state="up" reason="user-set" reason_ttl="0"/>
<address addr="172.16.1.140" addrtype="ipv4"/>
<hostnames>
<hostname name="CM01CAP02S.SGBC.SOCGEN" type="PTR"/>
</hostnames>
<ports><extraports state="filtered" count="65535">
<extrareasons reason="no-response" count="65535" proto="tcp" ports="1-65535"/>
</extraports>
</ports>
</host>
<host starttime="1737462842" endtime="1737465141"><status state="up" reason="user-set" reason_ttl="0"/>
<address addr="172.16.1.141" addrtype="ipv4"/>
<hostnames>
<hostname name="CM01FIC02S.SGBC.SOCGEN" type="PTR"/>
</hostnames>
<ports><extraports state="filtered" count="65535">
<extrareasons reason="no-response" count="65535" proto="tcp" ports="1-65535"/>
</extraports>
</ports>
</host>
<host starttime="1737462842" endtime="1737465146"><status state="up" reason="user-set" reason_ttl="0"/>
<address addr="172.16.1.142" addrtype="ipv4"/>
<hostnames>
<hostname name="PWE32DLPPNT01.SGBC.SOCGEN" type="PTR"/>
</hostnames>
<ports><extraports state="filtered" count="65535">
<extrareasons reason="no-response" count="65535" proto="tcp" ports="1-65535"/>
</extraports>
</ports>
</host>
<host starttime="1737462842" endtime="1737465138"><status state="up" reason="user-set" reason_ttl="0"/>
<address addr="172.16.1.143" addrtype="ipv4"/>
<hostnames>
<hostname name="PWE32DLPPNT02.SGBC.SOCGEN" type="PTR"/>
</hostnames>
<ports><extraports state="filtered" count="65535">
<extrareasons reason="no-response" count="65535" proto="tcp" ports="1-65535"/>
</extraports>
</ports>
</host>
<host starttime="1737462842" endtime="1737465144"><status state="up" reason="user-set" reason_ttl="0"/>
<address addr="172.16.1.144" addrtype="ipv4"/>
<hostnames>
<hostname name="PWE32DLPWEB01.SGBC.SOCGEN" type="PTR"/>
</hostnames>
<ports><extraports state="filtered" count="65535">
<extrareasons reason="no-response" count="65535" proto="tcp" ports="1-65535"/>
</extraports>
</ports>
</host>
<host starttime="1737462842" endtime="1737465147"><status state="up" reason="user-set" reason_ttl="0"/>
<address addr="172.16.1.145" addrtype="ipv4"/>
<hostnames>
<hostname name="PWE32DLPWEB02.SGBC.SOCGEN" type="PTR"/>
</hostnames>
<ports><extraports state="filtered" count="65535">
<extrareasons reason="no-response" count="65535" proto="tcp" ports="1-65535"/>
</extraports>
</ports>
</host>
<host starttime="1737462842" endtime="1737465132"><status state="up" reason="user-set" reason_ttl="0"/>
<address addr="172.16.1.146" addrtype="ipv4"/>
<hostnames>
<hostname name="CM01SMS01S.SGBC.SOCGEN" type="PTR"/>
</hostnames>
<ports><extraports state="filtered" count="65526">
<extrareasons reason="no-response" count="65526" proto="tcp" ports="1-16,18-255,257-263,265-442,444-585,587-1079,1081-1722,1724-18230,18232-18233,18235-65535"/>
</extraports>
<port protocol="tcp" portid="17"><state state="closed" reason="reset" reason_ttl="126"/><service name="qotd" method="table" conf="3"/></port>
<port protocol="tcp" portid="256"><state state="closed" reason="reset" reason_ttl="126"/><service name="fw1-secureremote" method="table" conf="3"/></port>
<port protocol="tcp" portid="264"><state state="closed" reason="reset" reason_ttl="126"/><service name="bgmp" method="table" conf="3"/></port>
<port protocol="tcp" portid="443"><state state="open" reason="syn-ack" reason_ttl="126"/><service name="https" method="table" conf="3"/></port>
<port protocol="tcp" portid="586"><state state="closed" reason="reset" reason_ttl="126"/><service name="password-chg" method="table" conf="3"/></port>
<port protocol="tcp" portid="1080"><state state="closed" reason="reset" reason_ttl="126"/><service name="socks" method="table" conf="3"/></port>
<port protocol="tcp" portid="1723"><state state="closed" reason="reset" reason_ttl="126"/><service name="pptp" method="table" conf="3"/></port>
<port protocol="tcp" portid="18231"><state state="closed" reason="reset" reason_ttl="126"/></port>
<port protocol="tcp" portid="18234"><state state="closed" reason="reset" reason_ttl="126"/></port>
</ports>
<times srtt="52465" rttvar="2790" to="100000"/>
</host>
<taskprogress task="SYN Stealth Scan" time="1737468425" percent="47.18" remaining="3671" etc="1737472095"/>
<taskprogress task="SYN Stealth Scan" time="1737468562" percent="54.28" remaining="2877" etc="1737471438"/>
<taskprogress task="SYN Stealth Scan" time="1737468562" percent="54.28" remaining="2877" etc="1737471438"/>
<host starttime="1737465147" endtime="1737472408"><status state="up" reason="user-set" reason_ttl="0"/>
<address addr="172.16.1.147" addrtype="ipv4"/>
<hostnames>
<hostname name="CM01EDM03S.sgbc.socgen" type="PTR"/>
</hostnames>
<ports><extraports state="filtered" count="65453">
<extrareasons reason="no-response" count="65453" proto="tcp" ports="1-16,18-255,257-263,265-442,444-585,587-1079,1081-1400,1402-1485,1487-1722,1724-1982,1984-3203,3205-4477,4479-5089,5091-5222,5224-5283,5285-6097,6099-6291,6293-7144,7146-7462,7464-7548,7550-8184,8186-10974,10976-12939,12941-13065,13067-13244,13246-14497,14499-14818,14820-14940,14942-15406,15408-18230,18232-18233,18235-18318,18320-18866,18868-19238,19240-19742,19744-19979,19981-20063,20065-20095,20097-20921,20923-20946,20948-22392,22394-22711,22713-24766,24768-25022,25024-25108,25110-25188,25190-26175,26177-26621,26623-27676,27678-29045,29047-29991,29993-30047,30049-31841,31843-33474,33476-35477,35479-36105,36107-37574,37576-38150,38152-38187,38189-42677,42679-43893,43895-45166,45168-45341,45343-45934,45936-47582,47584-48906,48908-49711,49713-50516,50518-53982,53984-54348,54350-54984,54986-55512,55514-56415,56417-56544,56546-56987,56989-57048,57050-57569,57571-57720,57722-59899,59901-60602,60604-61333,61335-65221,65223-65535"/>
</extraports>
<extraports state="closed" count="82">
<extrareasons reason="reset" count="82" proto="tcp" ports="17,256,264,443,586,1080,1401,1486,1723,1983,3204,4478,5090,5223,5284,6098,6292,7145,7463,7549,8185,10975,12940,13066,13245,14498,14819,14941,15407,18231,18234,18319,18867,19239,19743,19980,20064,20096,20922,20947,22393,22712,24767,25023,25109,25189,26176,26622,27677,29046,29992,30048,31842,33475,35478,36106,37575,38151,38188,42678,43894,45167,45342,45935,47583,48907,49712,50517,53983,54349,54985,55513,56416,56545,56988,57049,57570,57721,59900,60603,61334,65222"/>
</extraports>
</ports>
<times srtt="38469" rttvar="17590" to="100000"/>
</host>
<host starttime="1737465147" endtime="1737472407"><status state="up" reason="user-set" reason_ttl="0"/>
<address addr="172.16.1.148" addrtype="ipv4"/>
<hostnames>
<hostname name="pwe32KCP02.sgbc.socgen" type="PTR"/>
</hostnames>
<ports><extraports state="filtered" count="65535">
<extrareasons reason="no-response" count="65535" proto="tcp" ports="1-65535"/>
</extraports>
</ports>
</host>
<host starttime="1737465147" endtime="1737472408"><status state="up" reason="user-set" reason_ttl="0"/>
<address addr="172.16.1.149" addrtype="ipv4"/>
<hostnames>
<hostname name="CM01EDM05S.SGBC.SOCGEN" type="PTR"/>
</hostnames>
<ports><extraports state="filtered" count="65535">
<extrareasons reason="no-response" count="65535" proto="tcp" ports="1-65535"/>
</extraports>
</ports>
</host>
<host starttime="1737465147" endtime="1737472409"><status state="up" reason="user-set" reason_ttl="0"/>
<address addr="172.16.1.150" addrtype="ipv4"/>
<hostnames>
<hostname name="CM01EDM04D.SGBC.SOCGEN" type="PTR"/>
</hostnames>
<ports><extraports state="filtered" count="65534">
<extrareasons reason="no-response" count="65534" proto="tcp" ports="1-442,444-65535"/>
</extraports>
<port protocol="tcp" portid="443"><state state="open" reason="syn-ack" reason_ttl="126"/><service name="https" method="table" conf="3"/></port>
</ports>
<times srtt="51548" rttvar="669" to="100000"/>
</host>
<host starttime="1737465147" endtime="1737472404"><status state="up" reason="user-set" reason_ttl="0"/>
<address addr="172.16.1.151" addrtype="ipv4"/>
<hostnames>
<hostname name="CM01EDM03D.SGBC.SOCGEN" type="PTR"/>
</hostnames>
<ports><extraports state="filtered" count="65535">
<extrareasons reason="no-response" count="65535" proto="tcp" ports="1-65535"/>
</extraports>
</ports>
</host>
<host starttime="1737465147" endtime="1737472406"><status state="up" reason="user-set" reason_ttl="0"/>
<address addr="172.16.1.152" addrtype="ipv4"/>
<hostnames>
<hostname name="CM01RSA01S.SGBC.SOCGEN" type="PTR"/>
</hostnames>
<ports><extraports state="filtered" count="65534">
<extrareasons reason="no-response" count="65534" proto="tcp" ports="1-442,444-65535"/>
</extraports>
<port protocol="tcp" portid="443"><state state="open" reason="syn-ack" reason_ttl="126"/><service name="https" method="table" conf="3"/></port>
</ports>
<times srtt="51966" rttvar="740" to="100000"/>
</host>
<host starttime="1737465147" endtime="1737472408"><status state="up" reason="user-set" reason_ttl="0"/>
<address addr="172.16.1.153" addrtype="ipv4"/>
<hostnames>
<hostname name="CM01EDM01S.SGBC.SOCGEN" type="PTR"/>
</hostnames>
<ports><extraports state="filtered" count="65535">
<extrareasons reason="no-response" count="65535" proto="tcp" ports="1-65535"/>
</extraports>
</ports>
</host>
<host starttime="1737465147" endtime="1737472408"><status state="up" reason="user-set" reason_ttl="0"/>
<address addr="172.16.1.154" addrtype="ipv4"/>
<hostnames>
<hostname name="CM01EPO01S.SGBC.SOCGEN" type="PTR"/>
</hostnames>
<ports><extraports state="filtered" count="65535">
<extrareasons reason="no-response" count="65535" proto="tcp" ports="1-65535"/>
</extraports>
</ports>
</host>
<host starttime="1737465147" endtime="1737472407"><status state="up" reason="user-set" reason_ttl="0"/>
<address addr="172.16.1.155" addrtype="ipv4"/>
<hostnames>
<hostname name="CM01CAP03S.SGBC.SOCGEN" type="PTR"/>
</hostnames>
<ports><extraports state="filtered" count="65535">
<extrareasons reason="no-response" count="65535" proto="tcp" ports="1-65535"/>
</extraports>
</ports>
</host>
<host starttime="1737465147" endtime="1737472401"><status state="up" reason="user-set" reason_ttl="0"/>
<address addr="172.16.1.156" addrtype="ipv4"/>
<hostnames>
<hostname name="CM01CAP04S.SGBC.SOCGEN" type="PTR"/>
</hostnames>
<ports><extraports state="filtered" count="65535">
<extrareasons reason="no-response" count="65535" proto="tcp" ports="1-65535"/>
</extraports>
</ports>
</host>
<host starttime="1737465147" endtime="1737472398"><status state="up" reason="user-set" reason_ttl="0"/>
<address addr="172.16.1.157" addrtype="ipv4"/>
<hostnames>
<hostname name="CM01SAG01S.SGBC.SOCGEN" type="PTR"/>
</hostnames>
<ports><extraports state="filtered" count="65535">
<extrareasons reason="no-response" count="65535" proto="tcp" ports="1-65535"/>
</extraports>
</ports>
</host>
<host starttime="1737465147" endtime="1737472404"><status state="up" reason="user-set" reason_ttl="0"/>
<address addr="172.16.1.18" addrtype="ipv4"/>
<hostnames>
</hostnames>
<ports><extraports state="filtered" count="65535">
<extrareasons reason="no-response" count="65504" proto="tcp" ports="1-16,18-255,257-263,265-442,444-585,587-1722,1724-1814,1816-2435,2437-3670,3672-5402,5404-8835,8837-10776,10778-12616,12618-12691,12693-13840,13842-17478,17480-18005,18007-18230,18232-18233,18235-20255,20257-20684,20686-25781,25783-26422,26424-33637,33639-33772,33774-39492,39494-47760,47762-57880,57882-60658,60660-62569,62571-64928,64930-65535"/>
<extrareasons reason="host-prohibited" count="31" proto="tcp" ports="17,256,264,443,586,1723,1815,2436,3671,5403,8836,10777,12617,12692,13841,17479,18006,18231,18234,20256,20685,25782,26423,33638,33773,39493,47761,57881,60659,62570,64929"/>
</extraports>
</ports>
<times srtt="29331" rttvar="15281" to="100000"/>
</host>
<runstats><finished time="1737472409" timestr="Tue Jan 21 16:13:29 2025" summary="Nmap done at Tue Jan 21 16:13:29 2025; 20 IP addresses (20 hosts up) scanned in 9577.81 seconds" elapsed="9577.81" exit="success"/><hosts up="20" down="0" total="20"/>
</runstats>
</nmaprun>
