<?xml version="1.0" encoding="UTF-8"?>
<!DOCTYPE nmaprun>
<?xml-stylesheet href="file:///C:/Program Files (x86)/Nmap/nmap.xsl" type="text/xsl"?>
<!-- Nmap 7.95 scan initiated Tue Jan 21 13:33:31 2025 as: &quot;C:\\Program Files (x86)\\Nmap\\nmap.exe&quot; -sS -Pn -p- -T4 -iL output\\scope19.txt -oA output\\open_port_scope19 -&#45;max-rtt-timeout 100ms -&#45;max-retries 3 -&#45;defeat-rst-ratelimit -&#45;min-rate 450 -&#45;max-rate 15000 -->
<nmaprun scanner="nmap" args="&quot;C:\\Program Files (x86)\\Nmap\\nmap.exe&quot; -sS -Pn -p- -T4 -iL output\\scope19.txt -oA output\\open_port_scope19 -&#45;max-rtt-timeout 100ms -&#45;max-retries 3 -&#45;defeat-rst-ratelimit -&#45;min-rate 450 -&#45;max-rate 15000" start="1737462811" startstr="Tue Jan 21 13:33:31 2025" version="7.95" xmloutputversion="1.05">
<scaninfo type="syn" protocol="tcp" numservices="65535" services="1-65535"/>
<verbose level="0"/>
<debugging level="0"/>
<host starttime="1737462828" endtime="1737466887"><status state="up" reason="user-set" reason_ttl="0"/>
<address addr="10.50.1.1" addrtype="ipv4"/>
<hostnames>
</hostnames>
<ports><extraports state="filtered" count="65535">
<extrareasons reason="no-response" count="65535" proto="tcp" ports="1-65535"/>
</extraports>
</ports>
</host>
<host starttime="1737462828" endtime="1737466886"><status state="up" reason="user-set" reason_ttl="0"/>
<address addr="10.50.10.1" addrtype="ipv4"/>
<hostnames>
</hostnames>
<ports><extraports state="filtered" count="65535">
<extrareasons reason="no-response" count="65535" proto="tcp" ports="1-65535"/>
</extraports>
</ports>
</host>
<host starttime="1737462828" endtime="1737466898"><status state="up" reason="user-set" reason_ttl="0"/>
<address addr="10.50.11.1" addrtype="ipv4"/>
<hostnames>
</hostnames>
<ports><extraports state="filtered" count="65535">
<extrareasons reason="no-response" count="65535" proto="tcp" ports="1-65535"/>
</extraports>
</ports>
</host>
<host starttime="1737462828" endtime="1737466897"><status state="up" reason="user-set" reason_ttl="0"/>
<address addr="10.50.13.1" addrtype="ipv4"/>
<hostnames>
</hostnames>
<ports><extraports state="filtered" count="65535">
<extrareasons reason="no-response" count="65535" proto="tcp" ports="1-65535"/>
</extraports>
</ports>
</host>
<host starttime="1737462828" endtime="1737466897"><status state="up" reason="user-set" reason_ttl="0"/>
<address addr="10.50.14.1" addrtype="ipv4"/>
<hostnames>
</hostnames>
<ports><extraports state="filtered" count="65535">
<extrareasons reason="no-response" count="65535" proto="tcp" ports="1-65535"/>
</extraports>
</ports>
</host>
<host starttime="1737462828" endtime="1737466893"><status state="up" reason="user-set" reason_ttl="0"/>
<address addr="10.50.15.1" addrtype="ipv4"/>
<hostnames>
</hostnames>
<ports><extraports state="filtered" count="65535">
<extrareasons reason="no-response" count="65535" proto="tcp" ports="1-65535"/>
</extraports>
</ports>
</host>
<host starttime="1737462828" endtime="1737466892"><status state="up" reason="user-set" reason_ttl="0"/>
<address addr="10.50.15.2" addrtype="ipv4"/>
<hostnames>
</hostnames>
<ports><extraports state="filtered" count="65535">
<extrareasons reason="no-response" count="65535" proto="tcp" ports="1-65535"/>
</extraports>
</ports>
</host>
<host starttime="1737462828" endtime="1737466897"><status state="up" reason="user-set" reason_ttl="0"/>
<address addr="10.50.15.3" addrtype="ipv4"/>
<hostnames>
</hostnames>
<ports><extraports state="filtered" count="65535">
<extrareasons reason="no-response" count="65535" proto="tcp" ports="1-65535"/>
</extraports>
</ports>
</host>
<taskprogress task="SYN Stealth Scan" time="1737470655" percent="56.77" remaining="2861" etc="1737473516"/>
<host starttime="1737466898" endtime="1737472931"><status state="up" reason="user-set" reason_ttl="0"/>
<address addr="10.50.15.4" addrtype="ipv4"/>
<hostnames>
</hostnames>
<ports><extraports state="filtered" count="65535">
<extrareasons reason="no-response" count="65535" proto="tcp" ports="1-65535"/>
</extraports>
</ports>
</host>
<host starttime="1737466898" endtime="1737472932"><status state="up" reason="user-set" reason_ttl="0"/>
<address addr="10.50.15.5" addrtype="ipv4"/>
<hostnames>
</hostnames>
<ports><extraports state="filtered" count="65535">
<extrareasons reason="no-response" count="65535" proto="tcp" ports="1-65535"/>
</extraports>
</ports>
</host>
<host starttime="1737466898" endtime="1737472932"><status state="up" reason="user-set" reason_ttl="0"/>
<address addr="10.50.15.7" addrtype="ipv4"/>
<hostnames>
</hostnames>
<ports><extraports state="filtered" count="65535">
<extrareasons reason="no-response" count="65535" proto="tcp" ports="1-65535"/>
</extraports>
</ports>
</host>
<host starttime="1737466898" endtime="1737472932"><status state="up" reason="user-set" reason_ttl="0"/>
<address addr="10.50.16.2" addrtype="ipv4"/>
<hostnames>
</hostnames>
<ports><extraports state="filtered" count="65535">
<extrareasons reason="no-response" count="65535" proto="tcp" ports="1-65535"/>
</extraports>
</ports>
</host>
<host starttime="1737466898" endtime="1737472932"><status state="up" reason="user-set" reason_ttl="0"/>
<address addr="10.50.16.3" addrtype="ipv4"/>
<hostnames>
</hostnames>
<ports><extraports state="filtered" count="65535">
<extrareasons reason="no-response" count="65535" proto="tcp" ports="1-65535"/>
</extraports>
</ports>
</host>
<host starttime="1737466898" endtime="1737472932"><status state="up" reason="user-set" reason_ttl="0"/>
<address addr="10.50.17.1" addrtype="ipv4"/>
<hostnames>
</hostnames>
<ports><extraports state="filtered" count="65535">
<extrareasons reason="no-response" count="65535" proto="tcp" ports="1-65535"/>
</extraports>
</ports>
</host>
<host starttime="1737466898" endtime="1737472931"><status state="up" reason="user-set" reason_ttl="0"/>
<address addr="10.50.17.2" addrtype="ipv4"/>
<hostnames>
</hostnames>
<ports><extraports state="filtered" count="65535">
<extrareasons reason="no-response" count="65535" proto="tcp" ports="1-65535"/>
</extraports>
</ports>
</host>
<host starttime="1737466898" endtime="1737472930"><status state="up" reason="user-set" reason_ttl="0"/>
<address addr="10.50.17.3" addrtype="ipv4"/>
<hostnames>
</hostnames>
<ports><extraports state="filtered" count="65535">
<extrareasons reason="no-response" count="65535" proto="tcp" ports="1-65535"/>
</extraports>
</ports>
</host>
<host starttime="1737466898" endtime="1737472932"><status state="up" reason="user-set" reason_ttl="0"/>
<address addr="10.50.18.1" addrtype="ipv4"/>
<hostnames>
</hostnames>
<ports><extraports state="filtered" count="65535">
<extrareasons reason="no-response" count="65535" proto="tcp" ports="1-65535"/>
</extraports>
</ports>
</host>
<host starttime="1737466898" endtime="1737472932"><status state="up" reason="user-set" reason_ttl="0"/>
<address addr="10.50.18.2" addrtype="ipv4"/>
<hostnames>
</hostnames>
<ports><extraports state="filtered" count="65535">
<extrareasons reason="no-response" count="65535" proto="tcp" ports="1-65535"/>
</extraports>
</ports>
</host>
<host starttime="1737466898" endtime="1737472932"><status state="up" reason="user-set" reason_ttl="0"/>
<address addr="10.50.18.3" addrtype="ipv4"/>
<hostnames>
</hostnames>
<ports><extraports state="filtered" count="65535">
<extrareasons reason="no-response" count="65535" proto="tcp" ports="1-65535"/>
</extraports>
</ports>
</host>
<host starttime="1737466898" endtime="1737472932"><status state="up" reason="user-set" reason_ttl="0"/>
<address addr="10.50.19.1" addrtype="ipv4"/>
<hostnames>
</hostnames>
<ports><extraports state="filtered" count="65535">
<extrareasons reason="no-response" count="65535" proto="tcp" ports="1-65535"/>
</extraports>
</ports>
</host>
<runstats><finished time="1737472932" timestr="Tue Jan 21 16:22:12 2025" summary="Nmap done at Tue Jan 21 16:22:12 2025; 20 IP addresses (20 hosts up) scanned in 10121.56 seconds" elapsed="10121.56" exit="success"/><hosts up="20" down="0" total="20"/>
</runstats>
</nmaprun>
