<?xml version="1.0" encoding="UTF-8"?>
<!DOCTYPE nmaprun>
<?xml-stylesheet href="file:///C:/Program Files (x86)/Nmap/nmap.xsl" type="text/xsl"?>
<!-- Nmap 7.95 scan initiated Tue Jan 21 13:34:19 2025 as: &quot;C:\\Program Files (x86)\\Nmap\\nmap.exe&quot; -sS -Pn -p- -T4 -iL output\\scope9.txt -oA output\\open_port_scope9 -&#45;max-rtt-timeout 100ms -&#45;max-retries 3 -&#45;defeat-rst-ratelimit -&#45;min-rate 450 -&#45;max-rate 15000 -->
<nmaprun scanner="nmap" args="&quot;C:\\Program Files (x86)\\Nmap\\nmap.exe&quot; -sS -Pn -p- -T4 -iL output\\scope9.txt -oA output\\open_port_scope9 -&#45;max-rtt-timeout 100ms -&#45;max-retries 3 -&#45;defeat-rst-ratelimit -&#45;min-rate 450 -&#45;max-rate 15000" start="1737462859" startstr="Tue Jan 21 13:34:19 2025" version="7.95" xmloutputversion="1.05">
<scaninfo type="syn" protocol="tcp" numservices="65535" services="1-65535"/>
<verbose level="0"/>
<debugging level="0"/>
<taskprogress task="SYN Stealth Scan" time="1737463492" percent="19.94" remaining="2474" etc="1737465966"/>
<taskprogress task="SYN Stealth Scan" time="1737463496" percent="19.99" remaining="2483" etc="1737465978"/>
<taskprogress task="SYN Stealth Scan" time="1737464554" percent="40.44" remaining="2471" etc="1737467025"/>
<taskprogress task="SYN Stealth Scan" time="1737464554" percent="40.45" remaining="2471" etc="1737467025"/>
<taskprogress task="SYN Stealth Scan" time="1737464574" percent="40.75" remaining="2469" etc="1737467042"/>
<taskprogress task="SYN Stealth Scan" time="1737464748" percent="43.33" remaining="2449" etc="1737467197"/>
<taskprogress task="SYN Stealth Scan" time="1737464756" percent="43.41" remaining="2452" etc="1737467207"/>
<taskprogress task="SYN Stealth Scan" time="1737465377" percent="68.46" remaining="1153" etc="1737466529"/>
<taskprogress task="SYN Stealth Scan" time="1737465378" percent="68.46" remaining="1153" etc="1737466531"/>
<taskprogress task="SYN Stealth Scan" time="1737466892" percent="95.62" remaining="184" etc="1737467076"/>
<taskprogress task="SYN Stealth Scan" time="1737466893" percent="95.62" remaining="184" etc="1737467077"/>
<host starttime="1737462876" endtime="1737467027"><status state="up" reason="user-set" reason_ttl="0"/>
<address addr="10.255.25.1" addrtype="ipv4"/>
<hostnames>
</hostnames>
<ports><extraports state="filtered" count="65535">
<extrareasons reason="no-response" count="65535" proto="tcp" ports="1-65535"/>
</extraports>
</ports>
</host>
<host starttime="1737462876" endtime="1737467027"><status state="up" reason="user-set" reason_ttl="0"/>
<address addr="10.255.25.2" addrtype="ipv4"/>
<hostnames>
</hostnames>
<ports><extraports state="filtered" count="65535">
<extrareasons reason="no-response" count="65535" proto="tcp" ports="1-65535"/>
</extraports>
</ports>
</host>
<host starttime="1737462876" endtime="1737467026"><status state="up" reason="user-set" reason_ttl="0"/>
<address addr="10.255.25.6" addrtype="ipv4"/>
<hostnames>
</hostnames>
<ports><extraports state="filtered" count="65535">
<extrareasons reason="no-response" count="65535" proto="tcp" ports="1-65535"/>
</extraports>
</ports>
</host>
<host starttime="1737462876" endtime="1737467026"><status state="up" reason="user-set" reason_ttl="0"/>
<address addr="10.255.255.1" addrtype="ipv4"/>
<hostnames>
</hostnames>
<ports><extraports state="filtered" count="65535">
<extrareasons reason="no-response" count="65535" proto="tcp" ports="1-65535"/>
</extraports>
</ports>
</host>
<host starttime="1737462876" endtime="1737467025"><status state="up" reason="user-set" reason_ttl="0"/>
<address addr="10.255.255.2" addrtype="ipv4"/>
<hostnames>
</hostnames>
<ports><extraports state="filtered" count="65535">
<extrareasons reason="no-response" count="65535" proto="tcp" ports="1-65535"/>
</extraports>
</ports>
</host>
<host starttime="1737462876" endtime="1737467027"><status state="up" reason="user-set" reason_ttl="0"/>
<address addr="10.255.26.1" addrtype="ipv4"/>
<hostnames>
</hostnames>
<ports><extraports state="filtered" count="65535">
<extrareasons reason="no-response" count="65535" proto="tcp" ports="1-65535"/>
</extraports>
</ports>
</host>
<host starttime="1737462876" endtime="1737467027"><status state="up" reason="user-set" reason_ttl="0"/>
<address addr="10.255.26.2" addrtype="ipv4"/>
<hostnames>
</hostnames>
<ports><extraports state="filtered" count="65535">
<extrareasons reason="no-response" count="65535" proto="tcp" ports="1-65535"/>
</extraports>
</ports>
</host>
<host starttime="1737462876" endtime="1737467027"><status state="up" reason="user-set" reason_ttl="0"/>
<address addr="10.255.27.1" addrtype="ipv4"/>
<hostnames>
</hostnames>
<ports><extraports state="filtered" count="65535">
<extrareasons reason="no-response" count="65535" proto="tcp" ports="1-65535"/>
</extraports>
</ports>
</host>
<taskprogress task="SYN Stealth Scan" time="1737469126" percent="31.51" remaining="4563" etc="1737473689"/>
<taskprogress task="SYN Stealth Scan" time="1737469313" percent="35.90" remaining="4083" etc="1737473395"/>
<taskprogress task="SYN Stealth Scan" time="1737469313" percent="35.90" remaining="4082" etc="1737473395"/>
<host starttime="1737467027" endtime="1737472952"><status state="up" reason="user-set" reason_ttl="0"/>
<address addr="10.255.27.2" addrtype="ipv4"/>
<hostnames>
</hostnames>
<ports><extraports state="filtered" count="65535">
<extrareasons reason="no-response" count="65535" proto="tcp" ports="1-65535"/>
</extraports>
</ports>
</host>
<host starttime="1737467027" endtime="1737472952"><status state="up" reason="user-set" reason_ttl="0"/>
<address addr="10.255.27.6" addrtype="ipv4"/>
<hostnames>
</hostnames>
<ports><extraports state="filtered" count="65535">
<extrareasons reason="no-response" count="65535" proto="tcp" ports="1-65535"/>
</extraports>
</ports>
</host>
<host starttime="1737467027" endtime="1737472952"><status state="up" reason="user-set" reason_ttl="0"/>
<address addr="10.255.28.1" addrtype="ipv4"/>
<hostnames>
</hostnames>
<ports><extraports state="filtered" count="65535">
<extrareasons reason="no-response" count="65535" proto="tcp" ports="1-65535"/>
</extraports>
</ports>
</host>
<host starttime="1737467027" endtime="1737472952"><status state="up" reason="user-set" reason_ttl="0"/>
<address addr="10.255.28.2" addrtype="ipv4"/>
<hostnames>
</hostnames>
<ports><extraports state="filtered" count="65535">
<extrareasons reason="no-response" count="65535" proto="tcp" ports="1-65535"/>
</extraports>
</ports>
</host>
<host starttime="1737467027" endtime="1737472952"><status state="up" reason="user-set" reason_ttl="0"/>
<address addr="10.255.29.1" addrtype="ipv4"/>
<hostnames>
</hostnames>
<ports><extraports state="filtered" count="65535">
<extrareasons reason="no-response" count="65535" proto="tcp" ports="1-65535"/>
</extraports>
</ports>
</host>
<host starttime="1737467027" endtime="1737472952"><status state="up" reason="user-set" reason_ttl="0"/>
<address addr="10.255.29.2" addrtype="ipv4"/>
<hostnames>
</hostnames>
<ports><extraports state="filtered" count="65535">
<extrareasons reason="no-response" count="65535" proto="tcp" ports="1-65535"/>
</extraports>
</ports>
</host>
<host starttime="1737467027" endtime="1737472952"><status state="up" reason="user-set" reason_ttl="0"/>
<address addr="10.255.3.1" addrtype="ipv4"/>
<hostnames>
</hostnames>
<ports><extraports state="filtered" count="65535">
<extrareasons reason="no-response" count="65535" proto="tcp" ports="1-65535"/>
</extraports>
</ports>
</host>
<host starttime="1737467027" endtime="1737472952"><status state="up" reason="user-set" reason_ttl="0"/>
<address addr="10.255.3.2" addrtype="ipv4"/>
<hostnames>
</hostnames>
<ports><extraports state="filtered" count="65535">
<extrareasons reason="no-response" count="65535" proto="tcp" ports="1-65535"/>
</extraports>
</ports>
</host>
<host starttime="1737467027" endtime="1737472952"><status state="up" reason="user-set" reason_ttl="0"/>
<address addr="10.255.30.1" addrtype="ipv4"/>
<hostnames>
</hostnames>
<ports><extraports state="filtered" count="65535">
<extrareasons reason="no-response" count="65535" proto="tcp" ports="1-65535"/>
</extraports>
</ports>
</host>
<host starttime="1737467027" endtime="1737472952"><status state="up" reason="user-set" reason_ttl="0"/>
<address addr="10.255.30.2" addrtype="ipv4"/>
<hostnames>
</hostnames>
<ports><extraports state="filtered" count="65535">
<extrareasons reason="no-response" count="65535" proto="tcp" ports="1-65535"/>
</extraports>
</ports>
</host>
<host starttime="1737467027" endtime="1737472952"><status state="up" reason="user-set" reason_ttl="0"/>
<address addr="10.255.31.1" addrtype="ipv4"/>
<hostnames>
</hostnames>
<ports><extraports state="filtered" count="65535">
<extrareasons reason="no-response" count="65535" proto="tcp" ports="1-65535"/>
</extraports>
</ports>
</host>
<host starttime="1737467027" endtime="1737472952"><status state="up" reason="user-set" reason_ttl="0"/>
<address addr="10.255.31.2" addrtype="ipv4"/>
<hostnames>
</hostnames>
<ports><extraports state="filtered" count="65535">
<extrareasons reason="no-response" count="65535" proto="tcp" ports="1-65535"/>
</extraports>
</ports>
</host>
<runstats><finished time="1737472952" timestr="Tue Jan 21 16:22:32 2025" summary="Nmap done at Tue Jan 21 16:22:32 2025; 20 IP addresses (20 hosts up) scanned in 10093.32 seconds" elapsed="10093.32" exit="success"/><hosts up="20" down="0" total="20"/>
</runstats>
</nmaprun>
