<?xml version="1.0" encoding="UTF-8"?>
<!DOCTYPE nmaprun>
<?xml-stylesheet href="file:///C:/Program Files (x86)/Nmap/nmap.xsl" type="text/xsl"?>
<!-- Nmap 7.95 scan initiated Tue Jan 21 13:33:13 2025 as: &quot;C:\\Program Files (x86)\\Nmap\\nmap.exe&quot; -sS -Pn -p- -T4 -iL output\\scope10.txt -oA output\\open_port_scope10 -&#45;max-rtt-timeout 100ms -&#45;max-retries 3 -&#45;defeat-rst-ratelimit -&#45;min-rate 450 -&#45;max-rate 15000 -->
<nmaprun scanner="nmap" args="&quot;C:\\Program Files (x86)\\Nmap\\nmap.exe&quot; -sS -Pn -p- -T4 -iL output\\scope10.txt -oA output\\open_port_scope10 -&#45;max-rtt-timeout 100ms -&#45;max-retries 3 -&#45;defeat-rst-ratelimit -&#45;min-rate 450 -&#45;max-rate 15000" start="1737462793" startstr="Tue Jan 21 13:33:13 2025" version="7.95" xmloutputversion="1.05">
<scaninfo type="syn" protocol="tcp" numservices="65535" services="1-65535"/>
<verbose level="0"/>
<debugging level="0"/>
<taskprogress task="SYN Stealth Scan" time="1737463460" percent="22.31" remaining="2265" etc="1737465724"/>
<taskprogress task="SYN Stealth Scan" time="1737463460" percent="22.31" remaining="2264" etc="1737465724"/>
<host starttime="1737462810" endtime="1737466872"><status state="up" reason="user-set" reason_ttl="0"/>
<address addr="10.255.32.1" addrtype="ipv4"/>
<hostnames>
</hostnames>
<ports><extraports state="filtered" count="65535">
<extrareasons reason="no-response" count="65535" proto="tcp" ports="1-65535"/>
</extraports>
</ports>
</host>
<host starttime="1737462810" endtime="1737466872"><status state="up" reason="user-set" reason_ttl="0"/>
<address addr="10.255.32.2" addrtype="ipv4"/>
<hostnames>
</hostnames>
<ports><extraports state="filtered" count="65535">
<extrareasons reason="no-response" count="65535" proto="tcp" ports="1-65535"/>
</extraports>
</ports>
</host>
<host starttime="1737462810" endtime="1737466868"><status state="up" reason="user-set" reason_ttl="0"/>
<address addr="10.255.33.1" addrtype="ipv4"/>
<hostnames>
</hostnames>
<ports><extraports state="filtered" count="65535">
<extrareasons reason="no-response" count="65535" proto="tcp" ports="1-65535"/>
</extraports>
</ports>
</host>
<host starttime="1737462810" endtime="1737466866"><status state="up" reason="user-set" reason_ttl="0"/>
<address addr="10.255.33.2" addrtype="ipv4"/>
<hostnames>
</hostnames>
<ports><extraports state="filtered" count="65535">
<extrareasons reason="no-response" count="65535" proto="tcp" ports="1-65535"/>
</extraports>
</ports>
</host>
<host starttime="1737462810" endtime="1737466856"><status state="up" reason="user-set" reason_ttl="0"/>
<address addr="10.255.34.1" addrtype="ipv4"/>
<hostnames>
</hostnames>
<ports><extraports state="filtered" count="65535">
<extrareasons reason="no-response" count="65535" proto="tcp" ports="1-65535"/>
</extraports>
</ports>
</host>
<host starttime="1737462810" endtime="1737466875"><status state="up" reason="user-set" reason_ttl="0"/>
<address addr="10.255.34.2" addrtype="ipv4"/>
<hostnames>
</hostnames>
<ports><extraports state="filtered" count="65535">
<extrareasons reason="no-response" count="65535" proto="tcp" ports="1-65535"/>
</extraports>
</ports>
</host>
<host starttime="1737462810" endtime="1737466870"><status state="up" reason="user-set" reason_ttl="0"/>
<address addr="10.255.35.1" addrtype="ipv4"/>
<hostnames>
</hostnames>
<ports><extraports state="filtered" count="65535">
<extrareasons reason="no-response" count="65535" proto="tcp" ports="1-65535"/>
</extraports>
</ports>
</host>
<host starttime="1737462810" endtime="1737466876"><status state="up" reason="user-set" reason_ttl="0"/>
<address addr="10.255.35.2" addrtype="ipv4"/>
<hostnames>
</hostnames>
<ports><extraports state="filtered" count="65535">
<extrareasons reason="no-response" count="65535" proto="tcp" ports="1-65535"/>
</extraports>
</ports>
</host>
<taskprogress task="SYN Stealth Scan" time="1737470645" percent="57.66" remaining="2768" etc="1737473413"/>
<host starttime="1737466876" endtime="1737472922"><status state="up" reason="user-set" reason_ttl="0"/>
<address addr="10.255.36.1" addrtype="ipv4"/>
<hostnames>
</hostnames>
<ports><extraports state="filtered" count="65535">
<extrareasons reason="no-response" count="65535" proto="tcp" ports="1-65535"/>
</extraports>
</ports>
</host>
<host starttime="1737466876" endtime="1737472923"><status state="up" reason="user-set" reason_ttl="0"/>
<address addr="10.255.36.2" addrtype="ipv4"/>
<hostnames>
</hostnames>
<ports><extraports state="filtered" count="65535">
<extrareasons reason="no-response" count="65535" proto="tcp" ports="1-65535"/>
</extraports>
</ports>
</host>
<host starttime="1737466876" endtime="1737472923"><status state="up" reason="user-set" reason_ttl="0"/>
<address addr="10.255.38.1" addrtype="ipv4"/>
<hostnames>
</hostnames>
<ports><extraports state="filtered" count="65535">
<extrareasons reason="no-response" count="65535" proto="tcp" ports="1-65535"/>
</extraports>
</ports>
</host>
<host starttime="1737466876" endtime="1737472923"><status state="up" reason="user-set" reason_ttl="0"/>
<address addr="10.255.39.1" addrtype="ipv4"/>
<hostnames>
</hostnames>
<ports><extraports state="filtered" count="65535">
<extrareasons reason="no-response" count="65535" proto="tcp" ports="1-65535"/>
</extraports>
</ports>
</host>
<host starttime="1737466876" endtime="1737472923"><status state="up" reason="user-set" reason_ttl="0"/>
<address addr="10.255.39.2" addrtype="ipv4"/>
<hostnames>
</hostnames>
<ports><extraports state="filtered" count="65535">
<extrareasons reason="no-response" count="65535" proto="tcp" ports="1-65535"/>
</extraports>
</ports>
</host>
<host starttime="1737466876" endtime="1737472921"><status state="up" reason="user-set" reason_ttl="0"/>
<address addr="10.255.40.1" addrtype="ipv4"/>
<hostnames>
</hostnames>
<ports><extraports state="filtered" count="65535">
<extrareasons reason="no-response" count="65535" proto="tcp" ports="1-65535"/>
</extraports>
</ports>
</host>
<host starttime="1737466876" endtime="1737472923"><status state="up" reason="user-set" reason_ttl="0"/>
<address addr="10.255.40.2" addrtype="ipv4"/>
<hostnames>
</hostnames>
<ports><extraports state="filtered" count="65535">
<extrareasons reason="no-response" count="65535" proto="tcp" ports="1-65535"/>
</extraports>
</ports>
</host>
<host starttime="1737466876" endtime="1737472922"><status state="up" reason="user-set" reason_ttl="0"/>
<address addr="10.255.41.1" addrtype="ipv4"/>
<hostnames>
</hostnames>
<ports><extraports state="filtered" count="65535">
<extrareasons reason="no-response" count="65535" proto="tcp" ports="1-65535"/>
</extraports>
</ports>
</host>
<host starttime="1737466876" endtime="1737472922"><status state="up" reason="user-set" reason_ttl="0"/>
<address addr="10.255.41.2" addrtype="ipv4"/>
<hostnames>
</hostnames>
<ports><extraports state="filtered" count="65535">
<extrareasons reason="no-response" count="65535" proto="tcp" ports="1-65535"/>
</extraports>
</ports>
</host>
<host starttime="1737466876" endtime="1737472922"><status state="up" reason="user-set" reason_ttl="0"/>
<address addr="10.255.42.1" addrtype="ipv4"/>
<hostnames>
</hostnames>
<ports><extraports state="filtered" count="65535">
<extrareasons reason="no-response" count="65535" proto="tcp" ports="1-65535"/>
</extraports>
</ports>
</host>
<host starttime="1737466876" endtime="1737472920"><status state="up" reason="user-set" reason_ttl="0"/>
<address addr="10.255.42.2" addrtype="ipv4"/>
<hostnames>
</hostnames>
<ports><extraports state="filtered" count="65535">
<extrareasons reason="no-response" count="65535" proto="tcp" ports="1-65535"/>
</extraports>
</ports>
</host>
<host starttime="1737466876" endtime="1737472923"><status state="up" reason="user-set" reason_ttl="0"/>
<address addr="10.255.43.1" addrtype="ipv4"/>
<hostnames>
</hostnames>
<ports><extraports state="filtered" count="65535">
<extrareasons reason="no-response" count="65535" proto="tcp" ports="1-65535"/>
</extraports>
</ports>
</host>
<runstats><finished time="1737472923" timestr="Tue Jan 21 16:22:03 2025" summary="Nmap done at Tue Jan 21 16:22:03 2025; 20 IP addresses (20 hosts up) scanned in 10130.61 seconds" elapsed="10130.61" exit="success"/><hosts up="20" down="0" total="20"/>
</runstats>
</nmaprun>
