<?xml version="1.0" encoding="UTF-8"?>
<!DOCTYPE nmaprun>
<?xml-stylesheet href="file:///C:/Program Files (x86)/Nmap/nmap.xsl" type="text/xsl"?>
<!-- Nmap 7.95 scan initiated Tue Jan 21 13:33:35 2025 as: &quot;C:\\Program Files (x86)\\Nmap\\nmap.exe&quot; -sS -Pn -p- -T4 -iL output\\scope20.txt -oA output\\open_port_scope20 -&#45;max-rtt-timeout 100ms -&#45;max-retries 3 -&#45;defeat-rst-ratelimit -&#45;min-rate 450 -&#45;max-rate 15000 -->
<nmaprun scanner="nmap" args="&quot;C:\\Program Files (x86)\\Nmap\\nmap.exe&quot; -sS -Pn -p- -T4 -iL output\\scope20.txt -oA output\\open_port_scope20 -&#45;max-rtt-timeout 100ms -&#45;max-retries 3 -&#45;defeat-rst-ratelimit -&#45;min-rate 450 -&#45;max-rate 15000" start="1737462815" startstr="Tue Jan 21 13:33:35 2025" version="7.95" xmloutputversion="1.05">
<scaninfo type="syn" protocol="tcp" numservices="65535" services="1-65535"/>
<verbose level="0"/>
<debugging level="0"/>
<host starttime="1737462832" endtime="1737466988"><status state="up" reason="user-set" reason_ttl="0"/>
<address addr="10.50.19.2" addrtype="ipv4"/>
<hostnames>
</hostnames>
<ports><extraports state="filtered" count="65535">
<extrareasons reason="no-response" count="65535" proto="tcp" ports="1-65535"/>
</extraports>
</ports>
</host>
<host starttime="1737462832" endtime="1737466980"><status state="up" reason="user-set" reason_ttl="0"/>
<address addr="10.50.20.1" addrtype="ipv4"/>
<hostnames>
</hostnames>
<ports><extraports state="filtered" count="65535">
<extrareasons reason="no-response" count="65535" proto="tcp" ports="1-65535"/>
</extraports>
</ports>
</host>
<host starttime="1737462832" endtime="1737466988"><status state="up" reason="user-set" reason_ttl="0"/>
<address addr="10.50.20.2" addrtype="ipv4"/>
<hostnames>
</hostnames>
<ports><extraports state="filtered" count="65535">
<extrareasons reason="no-response" count="65535" proto="tcp" ports="1-65535"/>
</extraports>
</ports>
</host>
<host starttime="1737462832" endtime="1737466988"><status state="up" reason="user-set" reason_ttl="0"/>
<address addr="10.50.200.1" addrtype="ipv4"/>
<hostnames>
</hostnames>
<ports><extraports state="filtered" count="65535">
<extrareasons reason="no-response" count="65535" proto="tcp" ports="1-65535"/>
</extraports>
</ports>
</host>
<host starttime="1737462832" endtime="1737466988"><status state="up" reason="user-set" reason_ttl="0"/>
<address addr="10.50.200.2" addrtype="ipv4"/>
<hostnames>
</hostnames>
<ports><extraports state="filtered" count="65535">
<extrareasons reason="no-response" count="65535" proto="tcp" ports="1-65535"/>
</extraports>
</ports>
</host>
<host starttime="1737462832" endtime="1737466988"><status state="up" reason="user-set" reason_ttl="0"/>
<address addr="10.50.21.1" addrtype="ipv4"/>
<hostnames>
</hostnames>
<ports><extraports state="filtered" count="65535">
<extrareasons reason="no-response" count="65535" proto="tcp" ports="1-65535"/>
</extraports>
</ports>
</host>
<host starttime="1737462832" endtime="1737466988"><status state="up" reason="user-set" reason_ttl="0"/>
<address addr="10.50.21.2" addrtype="ipv4"/>
<hostnames>
</hostnames>
<ports><extraports state="filtered" count="65535">
<extrareasons reason="no-response" count="65535" proto="tcp" ports="1-65535"/>
</extraports>
</ports>
</host>
<host starttime="1737462832" endtime="1737466988"><status state="up" reason="user-set" reason_ttl="0"/>
<address addr="10.50.21.3" addrtype="ipv4"/>
<hostnames>
</hostnames>
<ports><extraports state="filtered" count="65535">
<extrareasons reason="no-response" count="65535" proto="tcp" ports="1-65535"/>
</extraports>
</ports>
</host>
<taskprogress task="SYN Stealth Scan" time="1737468432" percent="20.16" remaining="5716" etc="1737474147"/>
<taskprogress task="SYN Stealth Scan" time="1737468495" percent="23.46" remaining="4914" etc="1737473409"/>
<taskprogress task="SYN Stealth Scan" time="1737468495" percent="23.47" remaining="4912" etc="1737473406"/>
<host starttime="1737466989" endtime="1737472953"><status state="up" reason="user-set" reason_ttl="0"/>
<address addr="10.50.21.4" addrtype="ipv4"/>
<hostnames>
</hostnames>
<ports><extraports state="filtered" count="65535">
<extrareasons reason="no-response" count="65535" proto="tcp" ports="1-65535"/>
</extraports>
</ports>
</host>
<host starttime="1737466989" endtime="1737472953"><status state="up" reason="user-set" reason_ttl="0"/>
<address addr="10.50.21.5" addrtype="ipv4"/>
<hostnames>
</hostnames>
<ports><extraports state="filtered" count="65535">
<extrareasons reason="no-response" count="65535" proto="tcp" ports="1-65535"/>
</extraports>
</ports>
</host>
<host starttime="1737466989" endtime="1737472953"><status state="up" reason="user-set" reason_ttl="0"/>
<address addr="10.50.22.1" addrtype="ipv4"/>
<hostnames>
</hostnames>
<ports><extraports state="filtered" count="65535">
<extrareasons reason="no-response" count="65535" proto="tcp" ports="1-65535"/>
</extraports>
</ports>
</host>
<host starttime="1737466989" endtime="1737472953"><status state="up" reason="user-set" reason_ttl="0"/>
<address addr="10.50.22.2" addrtype="ipv4"/>
<hostnames>
</hostnames>
<ports><extraports state="filtered" count="65535">
<extrareasons reason="no-response" count="65535" proto="tcp" ports="1-65535"/>
</extraports>
</ports>
</host>
<host starttime="1737466989" endtime="1737472953"><status state="up" reason="user-set" reason_ttl="0"/>
<address addr="10.50.23.1" addrtype="ipv4"/>
<hostnames>
</hostnames>
<ports><extraports state="filtered" count="65535">
<extrareasons reason="no-response" count="65535" proto="tcp" ports="1-65535"/>
</extraports>
</ports>
</host>
<host starttime="1737466989" endtime="1737472953"><status state="up" reason="user-set" reason_ttl="0"/>
<address addr="10.50.24.1" addrtype="ipv4"/>
<hostnames>
</hostnames>
<ports><extraports state="filtered" count="65535">
<extrareasons reason="no-response" count="65535" proto="tcp" ports="1-65535"/>
</extraports>
</ports>
</host>
<host starttime="1737466989" endtime="1737472953"><status state="up" reason="user-set" reason_ttl="0"/>
<address addr="10.50.25.1" addrtype="ipv4"/>
<hostnames>
</hostnames>
<ports><extraports state="filtered" count="65535">
<extrareasons reason="no-response" count="65535" proto="tcp" ports="1-65535"/>
</extraports>
</ports>
</host>
<host starttime="1737466989" endtime="1737472953"><status state="up" reason="user-set" reason_ttl="0"/>
<address addr="10.50.250.1" addrtype="ipv4"/>
<hostnames>
</hostnames>
<ports><extraports state="filtered" count="65535">
<extrareasons reason="no-response" count="65535" proto="tcp" ports="1-65535"/>
</extraports>
</ports>
</host>
<host starttime="1737466989" endtime="1737472952"><status state="up" reason="user-set" reason_ttl="0"/>
<address addr="10.50.26.1" addrtype="ipv4"/>
<hostnames>
</hostnames>
<ports><extraports state="filtered" count="65535">
<extrareasons reason="no-response" count="65535" proto="tcp" ports="1-65535"/>
</extraports>
</ports>
</host>
<host starttime="1737466989" endtime="1737472953"><status state="up" reason="user-set" reason_ttl="0"/>
<address addr="10.50.26.2" addrtype="ipv4"/>
<hostnames>
</hostnames>
<ports><extraports state="filtered" count="65535">
<extrareasons reason="no-response" count="65535" proto="tcp" ports="1-65535"/>
</extraports>
</ports>
</host>
<host starttime="1737466989" endtime="1737472953"><status state="up" reason="user-set" reason_ttl="0"/>
<address addr="10.50.26.3" addrtype="ipv4"/>
<hostnames>
</hostnames>
<ports><extraports state="filtered" count="65535">
<extrareasons reason="no-response" count="65535" proto="tcp" ports="1-65535"/>
</extraports>
</ports>
</host>
<host starttime="1737466989" endtime="1737472953"><status state="up" reason="user-set" reason_ttl="0"/>
<address addr="10.50.26.4" addrtype="ipv4"/>
<hostnames>
</hostnames>
<ports><extraports state="filtered" count="65535">
<extrareasons reason="no-response" count="65535" proto="tcp" ports="1-65535"/>
</extraports>
</ports>
</host>
<runstats><finished time="1737472953" timestr="Tue Jan 21 16:22:33 2025" summary="Nmap done at Tue Jan 21 16:22:33 2025; 20 IP addresses (20 hosts up) scanned in 10138.29 seconds" elapsed="10138.29" exit="success"/><hosts up="20" down="0" total="20"/>
</runstats>
</nmaprun>
