<?xml version="1.0" encoding="UTF-8"?>
<!DOCTYPE nmaprun>
<?xml-stylesheet href="file:///C:/Program Files (x86)/Nmap/nmap.xsl" type="text/xsl"?>
<!-- Nmap 7.95 scan initiated Tue Jan 21 13:33:25 2025 as: &quot;C:\\Program Files (x86)\\Nmap\\nmap.exe&quot; -sS -Pn -p- -T4 -iL output\\scope16.txt -oA output\\open_port_scope16 -&#45;max-rtt-timeout 100ms -&#45;max-retries 3 -&#45;defeat-rst-ratelimit -&#45;min-rate 450 -&#45;max-rate 15000 -->
<nmaprun scanner="nmap" args="&quot;C:\\Program Files (x86)\\Nmap\\nmap.exe&quot; -sS -Pn -p- -T4 -iL output\\scope16.txt -oA output\\open_port_scope16 -&#45;max-rtt-timeout 100ms -&#45;max-retries 3 -&#45;defeat-rst-ratelimit -&#45;min-rate 450 -&#45;max-rate 15000" start="1737462805" startstr="Tue Jan 21 13:33:25 2025" version="7.95" xmloutputversion="1.05">
<scaninfo type="syn" protocol="tcp" numservices="65535" services="1-65535"/>
<verbose level="0"/>
<debugging level="0"/>
<taskprogress task="SYN Stealth Scan" time="1737463483" percent="22.14" remaining="2325" etc="1737465808"/>
<host starttime="1737462822" endtime="1737466871"><status state="up" reason="user-set" reason_ttl="0"/>
<address addr="10.41.250.2" addrtype="ipv4"/>
<hostnames>
</hostnames>
<ports><extraports state="filtered" count="65535">
<extrareasons reason="no-response" count="65535" proto="tcp" ports="1-65535"/>
</extraports>
</ports>
</host>
<host starttime="1737462822" endtime="1737466892"><status state="up" reason="user-set" reason_ttl="0"/>
<address addr="10.42.123.1" addrtype="ipv4"/>
<hostnames>
</hostnames>
<ports><extraports state="filtered" count="65535">
<extrareasons reason="no-response" count="65535" proto="tcp" ports="1-65535"/>
</extraports>
</ports>
</host>
<host starttime="1737462822" endtime="1737466884"><status state="up" reason="user-set" reason_ttl="0"/>
<address addr="10.42.123.2" addrtype="ipv4"/>
<hostnames>
</hostnames>
<ports><extraports state="filtered" count="65535">
<extrareasons reason="no-response" count="65535" proto="tcp" ports="1-65535"/>
</extraports>
</ports>
</host>
<host starttime="1737462822" endtime="1737466892"><status state="up" reason="user-set" reason_ttl="0"/>
<address addr="10.42.250.1" addrtype="ipv4"/>
<hostnames>
</hostnames>
<ports><extraports state="filtered" count="65535">
<extrareasons reason="no-response" count="65535" proto="tcp" ports="1-65535"/>
</extraports>
</ports>
</host>
<host starttime="1737462822" endtime="1737466876"><status state="up" reason="user-set" reason_ttl="0"/>
<address addr="10.42.250.2" addrtype="ipv4"/>
<hostnames>
</hostnames>
<ports><extraports state="filtered" count="65535">
<extrareasons reason="no-response" count="65535" proto="tcp" ports="1-65535"/>
</extraports>
</ports>
</host>
<host starttime="1737462822" endtime="1737466876"><status state="up" reason="user-set" reason_ttl="0"/>
<address addr="10.42.250.3" addrtype="ipv4"/>
<hostnames>
</hostnames>
<ports><extraports state="filtered" count="65535">
<extrareasons reason="no-response" count="65535" proto="tcp" ports="1-65535"/>
</extraports>
</ports>
</host>
<host starttime="1737462822" endtime="1737466883"><status state="up" reason="user-set" reason_ttl="0"/>
<address addr="10.5.123.1" addrtype="ipv4"/>
<hostnames>
</hostnames>
<ports><extraports state="filtered" count="65535">
<extrareasons reason="no-response" count="65535" proto="tcp" ports="1-65535"/>
</extraports>
</ports>
</host>
<host starttime="1737462822" endtime="1737466892"><status state="up" reason="user-set" reason_ttl="0"/>
<address addr="10.5.123.2" addrtype="ipv4"/>
<hostnames>
</hostnames>
<ports><extraports state="filtered" count="65535">
<extrareasons reason="no-response" count="65535" proto="tcp" ports="1-65535"/>
</extraports>
</ports>
</host>
<host starttime="1737466892" endtime="1737472829"><status state="up" reason="user-set" reason_ttl="0"/>
<address addr="10.5.250.11" addrtype="ipv4"/>
<hostnames>
</hostnames>
<ports><extraports state="filtered" count="65535">
<extrareasons reason="no-response" count="65535" proto="tcp" ports="1-65535"/>
</extraports>
</ports>
</host>
<host starttime="1737466892" endtime="1737472830"><status state="up" reason="user-set" reason_ttl="0"/>
<address addr="10.5.250.12" addrtype="ipv4"/>
<hostnames>
</hostnames>
<ports><extraports state="filtered" count="65535">
<extrareasons reason="no-response" count="65535" proto="tcp" ports="1-65535"/>
</extraports>
</ports>
</host>
<host starttime="1737466892" endtime="1737472828"><status state="up" reason="user-set" reason_ttl="0"/>
<address addr="10.5.250.13" addrtype="ipv4"/>
<hostnames>
</hostnames>
<ports><extraports state="filtered" count="65535">
<extrareasons reason="no-response" count="65535" proto="tcp" ports="1-65535"/>
</extraports>
</ports>
</host>
<host starttime="1737466892" endtime="1737472833"><status state="up" reason="user-set" reason_ttl="0"/>
<address addr="10.50.0.120" addrtype="ipv4"/>
<hostnames>
</hostnames>
<ports><extraports state="filtered" count="65478">
<extrareasons reason="no-response" count="65478" proto="tcp" ports="1-16,18-185,187-255,257-263,265-442,444-585,587-1079,1081-1722,1724-6227,6229-6817,6819-8612,8614-8958,8960-9110,9112-9829,9831-10488,10490-14788,14790-17716,17718-18230,18232-18233,18235-18447,18449-19670,19672-20277,20279-20435,20437-21497,21499-24326,24328-25742,25744-26802,26804-27199,27201-27320,27322-27509,27511-27567,27569-28911,28913-29362,29364-34399,34401-35302,35304-36140,36142-39412,39414-39563,39565-39976,39978-40342,40344-40492,40494-43935,43937-51623,51625-52651,52653-53642,53644-53876,53878-60460,60462-60906,60908-62616,62618-63109,63111-63558,63560-63578,63580-64985,64987-65044,65046-65100,65102-65132,65134-65197,65199-65535"/>
</extraports>
<extraports state="closed" count="56">
<extrareasons reason="reset" count="56" proto="tcp" ports="17,186,256,264,586,1080,1723,6228,6818,8613,8959,9111,9830,10489,14789,17717,18231,18234,18448,19671,20278,20436,21498,24327,25743,26803,27200,27321,27510,27568,28912,29363,34400,35303,36141,39413,39564,39977,40343,40493,43936,51624,52652,53643,53877,60461,60907,62617,63110,63559,63579,64986,65045,65101,65133,65198"/>
</extraports>
<port protocol="tcp" portid="443"><state state="open" reason="syn-ack" reason_ttl="63"/><service name="https" method="table" conf="3"/></port>
</ports>
<times srtt="52430" rttvar="2106" to="100000"/>
</host>
<host starttime="1737466892" endtime="1737472835"><status state="up" reason="user-set" reason_ttl="0"/>
<address addr="10.50.0.14" addrtype="ipv4"/>
<hostnames>
</hostnames>
<ports><extraports state="filtered" count="65479">
<extrareasons reason="no-response" count="65479" proto="tcp" ports="1-16,18-255,257-263,265-442,444-585,587-1079,1081-1722,1724-3911,3913-3946,3948-5317,5319-6109,6111-7603,7605-7850,7852-11334,11336-11522,11524-12709,12711-14404,14406-15221,15223-15735,15737-18230,18232-18233,18235-18466,18468-20217,20219-22115,22117-22442,22444-25819,25821-28850,28852-30985,30987-32336,32338-32547,32549-33524,33526-34097,34099-34685,34687-37113,37115-39908,39910-40980,40982-42391,42393-44021,44023-44490,44492-45985,45987-46249,46251-46295,46297-47102,47104-47363,47365-48138,48140-48601,48603-49703,49705-49777,49779-53273,53275-56460,56462-56537,56539-57387,57389-60075,60077-61173,61175-61384,61386-64240,64242-65535"/>
</extraports>
<extraports state="closed" count="56">
<extrareasons reason="reset" count="56" proto="tcp" ports="17,256,264,443,586,1080,1723,3912,3947,5318,6110,7604,7851,11335,11523,12710,14405,15222,15736,18231,18234,18467,20218,22116,22443,25820,28851,30986,32337,32548,33525,34098,34686,37114,39909,40981,42392,44022,44491,45986,46250,46296,47103,47364,48139,48602,49704,49778,53274,56461,56538,57388,60076,61174,61385,64241"/>
</extraports>
</ports>
<times srtt="27508" rttvar="14973" to="100000"/>
</host>
<host starttime="1737466892" endtime="1737472836"><status state="up" reason="user-set" reason_ttl="0"/>
<address addr="10.50.0.16" addrtype="ipv4"/>
<hostnames>
</hostnames>
<ports><extraports state="filtered" count="65479">
<extrareasons reason="no-response" count="65479" proto="tcp" ports="1-16,18-255,257-263,265-442,444-585,587-1079,1081-1722,1724-3911,3913-3946,3948-5317,5319-6109,6111-7603,7605-7850,7852-11334,11336-11522,11524-12709,12711-14404,14406-14849,14851-15735,15737-18230,18232-18233,18235-18466,18468-20217,20219-22442,22444-24330,24332-25819,25821-30985,30987-32336,32338-32547,32549-33524,33526-34097,34099-34685,34687-37113,37115-39908,39910-40980,40982-42391,42393-44490,44492-45985,45987-46249,46251-46295,46297-47102,47104-47363,47365-48138,48140-48601,48603-49703,49705-49777,49779-53273,53275-56460,56462-56537,56539-57387,57389-60075,60077-61173,61175-61384,61386-61875,61877-62901,62903-64240,64242-65535"/>
</extraports>
<extraports state="closed" count="55">
<extrareasons reason="reset" count="55" proto="tcp" ports="17,256,264,586,1080,1723,3912,3947,5318,6110,7604,7851,11335,11523,12710,14405,14850,15736,18231,18234,18467,20218,22443,24331,25820,30986,32337,32548,33525,34098,34686,37114,39909,40981,42392,44491,45986,46250,46296,47103,47364,48139,48602,49704,49778,53274,56461,56538,57388,60076,61174,61385,61876,62902,64241"/>
</extraports>
<port protocol="tcp" portid="443"><state state="open" reason="syn-ack" reason_ttl="64"/><service name="https" method="table" conf="3"/></port>
</ports>
<times srtt="53335" rttvar="1098" to="100000"/>
</host>
<host starttime="1737466892" endtime="1737472830"><status state="up" reason="user-set" reason_ttl="0"/>
<address addr="10.50.0.17" addrtype="ipv4"/>
<hostnames>
</hostnames>
<ports><extraports state="filtered" count="65482">
<extrareasons reason="no-response" count="65482" proto="tcp" ports="1-16,18-185,187-255,257-263,265-359,361-442,444-585,587-1079,1081-1227,1229-1722,1724-5645,5647-6227,6229-7960,7962-8612,8614-14788,14790-18230,18232-18233,18235-20277,20279-21611,21613-23040,23042-25580,25582-25742,25744-27199,27201-27509,27511-27646,27648-29807,29809-33135,33137-34399,34401-38839,38841-39412,39414-39976,39978-40492,40494-42073,42075-43935,43937-47036,47038-47773,47775-50619,50621-52084,52086-52651,52653-53642,53644-54579,54581-56252,56254-60460,60462-62616,62618-62957,62959-63109,63111-63558,63560-63578,63580-64561,64563-64740,64742-65100,65102-65132,65134-65197,65199-65535"/>
</extraports>
<extraports state="closed" count="52">
<extrareasons reason="reset" count="52" proto="tcp" ports="17,186,256,264,360,586,1080,1228,1723,5646,6228,7961,8613,14789,18231,18234,20278,21612,23041,25581,25743,27200,27510,27647,29808,33136,34400,38840,39413,39977,40493,42074,43936,47037,47774,50620,52085,52652,53643,54580,56253,60461,62617,62958,63110,63559,63579,64562,64741,65101,65133,65198"/>
</extraports>
<port protocol="tcp" portid="443"><state state="open" reason="syn-ack" reason_ttl="64"/><service name="https" method="table" conf="3"/></port>
</ports>
<times srtt="53499" rttvar="1586" to="100000"/>
</host>
<host starttime="1737466893" endtime="1737472830"><status state="up" reason="user-set" reason_ttl="0"/>
<address addr="10.50.0.18" addrtype="ipv4"/>
<hostnames>
</hostnames>
<ports><extraports state="filtered" count="65535">
<extrareasons reason="no-response" count="65535" proto="tcp" ports="1-65535"/>
</extraports>
</ports>
</host>
<host starttime="1737466893" endtime="1737472837"><status state="up" reason="user-set" reason_ttl="0"/>
<address addr="10.50.0.22" addrtype="ipv4"/>
<hostnames>
</hostnames>
<ports><extraports state="filtered" count="65535">
<extrareasons reason="no-response" count="65534" proto="tcp" ports="1-255,257-65535"/>
<extrareasons reason="host-unreach" count="1" proto="tcp" ports="256"/>
</extraports>
</ports>
<times srtt="728250" rttvar="608750" to="100000"/>
</host>
<host starttime="1737466892" endtime="1737472836"><status state="up" reason="user-set" reason_ttl="0"/>
<address addr="10.50.0.23" addrtype="ipv4"/>
<hostnames>
</hostnames>
<ports><extraports state="filtered" count="65535">
<extrareasons reason="no-response" count="65535" proto="tcp" ports="1-65535"/>
</extraports>
</ports>
</host>
<host starttime="1737466892" endtime="1737472834"><status state="up" reason="user-set" reason_ttl="0"/>
<address addr="10.50.0.24" addrtype="ipv4"/>
<hostnames>
</hostnames>
<ports><extraports state="filtered" count="65535">
<extrareasons reason="no-response" count="65535" proto="tcp" ports="1-65535"/>
</extraports>
</ports>
</host>
<host starttime="1737466892" endtime="1737472824"><status state="up" reason="user-set" reason_ttl="0"/>
<address addr="10.50.0.3" addrtype="ipv4"/>
<hostnames>
</hostnames>
<ports><extraports state="filtered" count="65535">
<extrareasons reason="no-response" count="65535" proto="tcp" ports="1-65535"/>
</extraports>
</ports>
</host>
<runstats><finished time="1737472837" timestr="Tue Jan 21 16:20:37 2025" summary="Nmap done at Tue Jan 21 16:20:37 2025; 20 IP addresses (20 hosts up) scanned in 10031.74 seconds" elapsed="10031.74" exit="success"/><hosts up="20" down="0" total="20"/>
</runstats>
</nmaprun>
