<?xml version="1.0" encoding="UTF-8"?>
<!DOCTYPE nmaprun>
<?xml-stylesheet href="file:///C:/Program Files (x86)/Nmap/nmap.xsl" type="text/xsl"?>
<!-- Nmap 7.95 scan initiated Tue Jan 21 13:33:17 2025 as: &quot;C:\\Program Files (x86)\\Nmap\\nmap.exe&quot; -sS -Pn -p- -T4 -iL output\\scope12.txt -oA output\\open_port_scope12 -&#45;max-rtt-timeout 100ms -&#45;max-retries 3 -&#45;defeat-rst-ratelimit -&#45;min-rate 450 -&#45;max-rate 15000 -->
<nmaprun scanner="nmap" args="&quot;C:\\Program Files (x86)\\Nmap\\nmap.exe&quot; -sS -Pn -p- -T4 -iL output\\scope12.txt -oA output\\open_port_scope12 -&#45;max-rtt-timeout 100ms -&#45;max-retries 3 -&#45;defeat-rst-ratelimit -&#45;min-rate 450 -&#45;max-rate 15000" start="1737462797" startstr="Tue Jan 21 13:33:17 2025" version="7.95" xmloutputversion="1.05">
<scaninfo type="syn" protocol="tcp" numservices="65535" services="1-65535"/>
<verbose level="0"/>
<debugging level="0"/>
<taskprogress task="SYN Stealth Scan" time="1737463471" percent="22.31" remaining="2292" etc="1737465762"/>
<taskprogress task="SYN Stealth Scan" time="1737463477" percent="22.40" remaining="2301" etc="1737465778"/>
<host starttime="1737462813" endtime="1737466986"><status state="up" reason="user-set" reason_ttl="0"/>
<address addr="10.255.57.1" addrtype="ipv4"/>
<hostnames>
</hostnames>
<ports><extraports state="filtered" count="65535">
<extrareasons reason="no-response" count="65535" proto="tcp" ports="1-65535"/>
</extraports>
</ports>
</host>
<host starttime="1737462813" endtime="1737466987"><status state="up" reason="user-set" reason_ttl="0"/>
<address addr="10.255.57.2" addrtype="ipv4"/>
<hostnames>
</hostnames>
<ports><extraports state="filtered" count="65535">
<extrareasons reason="no-response" count="65535" proto="tcp" ports="1-65535"/>
</extraports>
</ports>
</host>
<host starttime="1737462813" endtime="1737466987"><status state="up" reason="user-set" reason_ttl="0"/>
<address addr="10.255.58.1" addrtype="ipv4"/>
<hostnames>
</hostnames>
<ports><extraports state="filtered" count="65535">
<extrareasons reason="no-response" count="65535" proto="tcp" ports="1-65535"/>
</extraports>
</ports>
</host>
<host starttime="1737462813" endtime="1737466976"><status state="up" reason="user-set" reason_ttl="0"/>
<address addr="10.255.59.1" addrtype="ipv4"/>
<hostnames>
</hostnames>
<ports><extraports state="filtered" count="65535">
<extrareasons reason="no-response" count="65535" proto="tcp" ports="1-65535"/>
</extraports>
</ports>
</host>
<host starttime="1737462813" endtime="1737466987"><status state="up" reason="user-set" reason_ttl="0"/>
<address addr="10.255.59.2" addrtype="ipv4"/>
<hostnames>
</hostnames>
<ports><extraports state="filtered" count="65535">
<extrareasons reason="no-response" count="65535" proto="tcp" ports="1-65535"/>
</extraports>
</ports>
</host>
<host starttime="1737462813" endtime="1737466970"><status state="up" reason="user-set" reason_ttl="0"/>
<address addr="10.255.6.1" addrtype="ipv4"/>
<hostnames>
</hostnames>
<ports><extraports state="filtered" count="65535">
<extrareasons reason="no-response" count="65535" proto="tcp" ports="1-65535"/>
</extraports>
</ports>
</host>
<host starttime="1737462813" endtime="1737466980"><status state="up" reason="user-set" reason_ttl="0"/>
<address addr="10.255.6.2" addrtype="ipv4"/>
<hostnames>
</hostnames>
<ports><extraports state="filtered" count="65535">
<extrareasons reason="no-response" count="65535" proto="tcp" ports="1-65535"/>
</extraports>
</ports>
</host>
<host starttime="1737462813" endtime="1737466975"><status state="up" reason="user-set" reason_ttl="0"/>
<address addr="10.255.60.1" addrtype="ipv4"/>
<hostnames>
</hostnames>
<ports><extraports state="filtered" count="65535">
<extrareasons reason="no-response" count="65535" proto="tcp" ports="1-65535"/>
</extraports>
</ports>
</host>
<taskprogress task="SYN Stealth Scan" time="1737470651" percent="53.52" remaining="3183" etc="1737473834"/>
<host starttime="1737466987" endtime="1737472951"><status state="up" reason="user-set" reason_ttl="0"/>
<address addr="10.255.60.2" addrtype="ipv4"/>
<hostnames>
</hostnames>
<ports><extraports state="filtered" count="65535">
<extrareasons reason="no-response" count="65535" proto="tcp" ports="1-65535"/>
</extraports>
</ports>
</host>
<host starttime="1737466987" endtime="1737472951"><status state="up" reason="user-set" reason_ttl="0"/>
<address addr="10.255.62.1" addrtype="ipv4"/>
<hostnames>
</hostnames>
<ports><extraports state="filtered" count="65535">
<extrareasons reason="no-response" count="65535" proto="tcp" ports="1-65535"/>
</extraports>
</ports>
</host>
<host starttime="1737466987" endtime="1737472951"><status state="up" reason="user-set" reason_ttl="0"/>
<address addr="10.255.62.2" addrtype="ipv4"/>
<hostnames>
</hostnames>
<ports><extraports state="filtered" count="65535">
<extrareasons reason="no-response" count="65535" proto="tcp" ports="1-65535"/>
</extraports>
</ports>
</host>
<host starttime="1737466987" endtime="1737472951"><status state="up" reason="user-set" reason_ttl="0"/>
<address addr="10.255.63.1" addrtype="ipv4"/>
<hostnames>
</hostnames>
<ports><extraports state="filtered" count="65535">
<extrareasons reason="no-response" count="65535" proto="tcp" ports="1-65535"/>
</extraports>
</ports>
</host>
<host starttime="1737466987" endtime="1737472951"><status state="up" reason="user-set" reason_ttl="0"/>
<address addr="10.255.63.2" addrtype="ipv4"/>
<hostnames>
</hostnames>
<ports><extraports state="filtered" count="65535">
<extrareasons reason="no-response" count="65535" proto="tcp" ports="1-65535"/>
</extraports>
</ports>
</host>
<host starttime="1737466987" endtime="1737472951"><status state="up" reason="user-set" reason_ttl="0"/>
<address addr="10.255.64.1" addrtype="ipv4"/>
<hostnames>
</hostnames>
<ports><extraports state="filtered" count="65535">
<extrareasons reason="no-response" count="65535" proto="tcp" ports="1-65535"/>
</extraports>
</ports>
</host>
<host starttime="1737466987" endtime="1737472951"><status state="up" reason="user-set" reason_ttl="0"/>
<address addr="10.255.64.2" addrtype="ipv4"/>
<hostnames>
</hostnames>
<ports><extraports state="filtered" count="65535">
<extrareasons reason="no-response" count="65535" proto="tcp" ports="1-65535"/>
</extraports>
</ports>
</host>
<host starttime="1737466987" endtime="1737472951"><status state="up" reason="user-set" reason_ttl="0"/>
<address addr="10.255.65.1" addrtype="ipv4"/>
<hostnames>
</hostnames>
<ports><extraports state="filtered" count="65535">
<extrareasons reason="no-response" count="65535" proto="tcp" ports="1-65535"/>
</extraports>
</ports>
</host>
<host starttime="1737466987" endtime="1737472951"><status state="up" reason="user-set" reason_ttl="0"/>
<address addr="10.255.65.2" addrtype="ipv4"/>
<hostnames>
</hostnames>
<ports><extraports state="filtered" count="65535">
<extrareasons reason="no-response" count="65535" proto="tcp" ports="1-65535"/>
</extraports>
</ports>
</host>
<host starttime="1737466987" endtime="1737472951"><status state="up" reason="user-set" reason_ttl="0"/>
<address addr="10.255.7.1" addrtype="ipv4"/>
<hostnames>
</hostnames>
<ports><extraports state="filtered" count="65535">
<extrareasons reason="no-response" count="65535" proto="tcp" ports="1-65535"/>
</extraports>
</ports>
</host>
<host starttime="1737466987" endtime="1737472950"><status state="up" reason="user-set" reason_ttl="0"/>
<address addr="10.255.7.2" addrtype="ipv4"/>
<hostnames>
</hostnames>
<ports><extraports state="filtered" count="65535">
<extrareasons reason="no-response" count="65535" proto="tcp" ports="1-65535"/>
</extraports>
</ports>
</host>
<host starttime="1737466987" endtime="1737472951"><status state="up" reason="user-set" reason_ttl="0"/>
<address addr="10.255.8.1" addrtype="ipv4"/>
<hostnames>
</hostnames>
<ports><extraports state="filtered" count="65535">
<extrareasons reason="no-response" count="65535" proto="tcp" ports="1-65535"/>
</extraports>
</ports>
</host>
<runstats><finished time="1737472951" timestr="Tue Jan 21 16:22:31 2025" summary="Nmap done at Tue Jan 21 16:22:31 2025; 20 IP addresses (20 hosts up) scanned in 10154.42 seconds" elapsed="10154.42" exit="success"/><hosts up="20" down="0" total="20"/>
</runstats>
</nmaprun>
