<?xml version="1.0" encoding="UTF-8"?>
<!DOCTYPE nmaprun>
<?xml-stylesheet href="file:///C:/Program Files (x86)/Nmap/nmap.xsl" type="text/xsl"?>
<!-- Nmap 7.95 scan initiated Tue Jan 21 13:33:55 2025 as: &quot;C:\\Program Files (x86)\\Nmap\\nmap.exe&quot; -sS -Pn -p- -T4 -iL output\\scope3.txt -oA output\\open_port_scope3 -&#45;max-rtt-timeout 100ms -&#45;max-retries 3 -&#45;defeat-rst-ratelimit -&#45;min-rate 450 -&#45;max-rate 15000 -->
<nmaprun scanner="nmap" args="&quot;C:\\Program Files (x86)\\Nmap\\nmap.exe&quot; -sS -Pn -p- -T4 -iL output\\scope3.txt -oA output\\open_port_scope3 -&#45;max-rtt-timeout 100ms -&#45;max-retries 3 -&#45;defeat-rst-ratelimit -&#45;min-rate 450 -&#45;max-rate 15000" start="1737462835" startstr="Tue Jan 21 13:33:55 2025" version="7.95" xmloutputversion="1.05">
<scaninfo type="syn" protocol="tcp" numservices="65535" services="1-65535"/>
<verbose level="0"/>
<debugging level="0"/>
<host starttime="1737462852" endtime="1737465198"><status state="up" reason="user-set" reason_ttl="0"/>
<address addr="10.108.250.1" addrtype="ipv4"/>
<hostnames>
</hostnames>
<ports><extraports state="filtered" count="65535">
<extrareasons reason="no-response" count="65535" proto="tcp" ports="1-65535"/>
</extraports>
</ports>
</host>
<host starttime="1737462852" endtime="1737465196"><status state="up" reason="user-set" reason_ttl="0"/>
<address addr="10.11.123.2" addrtype="ipv4"/>
<hostnames>
</hostnames>
<ports><extraports state="filtered" count="65535">
<extrareasons reason="no-response" count="65535" proto="tcp" ports="1-65535"/>
</extraports>
</ports>
</host>
<host starttime="1737462852" endtime="1737465198"><status state="up" reason="user-set" reason_ttl="0"/>
<address addr="10.111.120.2" addrtype="ipv4"/>
<hostnames>
</hostnames>
<ports><extraports state="filtered" count="65534">
<extrareasons reason="no-response" count="65534" proto="tcp" ports="1-442,444-65535"/>
</extraports>
<port protocol="tcp" portid="443"><state state="open" reason="syn-ack" reason_ttl="63"/><service name="https" method="table" conf="3"/></port>
</ports>
<times srtt="51107" rttvar="1032" to="100000"/>
</host>
<host starttime="1737462852" endtime="1737465198"><status state="up" reason="user-set" reason_ttl="0"/>
<address addr="10.12.123.2" addrtype="ipv4"/>
<hostnames>
</hostnames>
<ports><extraports state="filtered" count="65535">
<extrareasons reason="no-response" count="65535" proto="tcp" ports="1-65535"/>
</extraports>
</ports>
</host>
<host starttime="1737462852" endtime="1737465198"><status state="up" reason="user-set" reason_ttl="0"/>
<address addr="10.120.254.17" addrtype="ipv4"/>
<hostnames>
</hostnames>
<ports><extraports state="filtered" count="65535">
<extrareasons reason="no-response" count="65535" proto="tcp" ports="1-65535"/>
</extraports>
</ports>
</host>
<host starttime="1737462852" endtime="1737465196"><status state="up" reason="user-set" reason_ttl="0"/>
<address addr="10.13.123.1" addrtype="ipv4"/>
<hostnames>
</hostnames>
<ports><extraports state="filtered" count="65535">
<extrareasons reason="no-response" count="65535" proto="tcp" ports="1-65535"/>
</extraports>
</ports>
</host>
<host starttime="1737462852" endtime="1737465199"><status state="up" reason="user-set" reason_ttl="0"/>
<address addr="10.13.123.2" addrtype="ipv4"/>
<hostnames>
</hostnames>
<ports><extraports state="filtered" count="65535">
<extrareasons reason="no-response" count="65535" proto="tcp" ports="1-65535"/>
</extraports>
</ports>
</host>
<host starttime="1737462852" endtime="1737465198"><status state="up" reason="user-set" reason_ttl="0"/>
<address addr="10.13.250.2" addrtype="ipv4"/>
<hostnames>
</hostnames>
<ports><extraports state="filtered" count="65535">
<extrareasons reason="no-response" count="65535" proto="tcp" ports="1-65535"/>
</extraports>
</ports>
</host>
<host starttime="1737465215" endtime="1737471596"><status state="up" reason="user-set" reason_ttl="0"/>
<address addr="10.13.250.3" addrtype="ipv4"/>
<hostnames>
</hostnames>
<ports><extraports state="filtered" count="65535">
<extrareasons reason="no-response" count="65535" proto="tcp" ports="1-65535"/>
</extraports>
</ports>
</host>
<host starttime="1737465215" endtime="1737471590"><status state="up" reason="user-set" reason_ttl="0"/>
<address addr="10.139.123.1" addrtype="ipv4"/>
<hostnames>
</hostnames>
<ports><extraports state="filtered" count="65535">
<extrareasons reason="no-response" count="65535" proto="tcp" ports="1-65535"/>
</extraports>
</ports>
</host>
<host starttime="1737465215" endtime="1737471600"><status state="up" reason="user-set" reason_ttl="0"/>
<address addr="10.139.123.2" addrtype="ipv4"/>
<hostnames>
</hostnames>
<ports><extraports state="filtered" count="65535">
<extrareasons reason="no-response" count="65535" proto="tcp" ports="1-65535"/>
</extraports>
</ports>
</host>
<host starttime="1737465215" endtime="1737471587"><status state="up" reason="user-set" reason_ttl="0"/>
<address addr="10.14.123.1" addrtype="ipv4"/>
<hostnames>
</hostnames>
<ports><extraports state="filtered" count="65535">
<extrareasons reason="no-response" count="65535" proto="tcp" ports="1-65535"/>
</extraports>
</ports>
</host>
<host starttime="1737465215" endtime="1737471591"><status state="up" reason="user-set" reason_ttl="0"/>
<address addr="10.14.123.2" addrtype="ipv4"/>
<hostnames>
</hostnames>
<ports><extraports state="filtered" count="65535">
<extrareasons reason="no-response" count="65535" proto="tcp" ports="1-65535"/>
</extraports>
</ports>
</host>
<host starttime="1737465215" endtime="1737471595"><status state="up" reason="user-set" reason_ttl="0"/>
<address addr="10.14.250.1" addrtype="ipv4"/>
<hostnames>
</hostnames>
<ports><extraports state="filtered" count="65535">
<extrareasons reason="no-response" count="65535" proto="tcp" ports="1-65535"/>
</extraports>
</ports>
</host>
<host starttime="1737465215" endtime="1737471595"><status state="up" reason="user-set" reason_ttl="0"/>
<address addr="10.14.250.2" addrtype="ipv4"/>
<hostnames>
</hostnames>
<ports><extraports state="filtered" count="65535">
<extrareasons reason="no-response" count="65535" proto="tcp" ports="1-65535"/>
</extraports>
</ports>
</host>
<host starttime="1737465215" endtime="1737471600"><status state="up" reason="user-set" reason_ttl="0"/>
<address addr="10.141.123.2" addrtype="ipv4"/>
<hostnames>
</hostnames>
<ports><extraports state="filtered" count="65535">
<extrareasons reason="no-response" count="65535" proto="tcp" ports="1-65535"/>
</extraports>
</ports>
</host>
<host starttime="1737465215" endtime="1737471584"><status state="up" reason="user-set" reason_ttl="0"/>
<address addr="10.141.250.1" addrtype="ipv4"/>
<hostnames>
</hostnames>
<ports><extraports state="filtered" count="65535">
<extrareasons reason="no-response" count="65535" proto="tcp" ports="1-65535"/>
</extraports>
</ports>
</host>
<host starttime="1737465215" endtime="1737471595"><status state="up" reason="user-set" reason_ttl="0"/>
<address addr="10.142.123.1" addrtype="ipv4"/>
<hostnames>
</hostnames>
<ports><extraports state="filtered" count="65535">
<extrareasons reason="no-response" count="65535" proto="tcp" ports="1-65535"/>
</extraports>
</ports>
</host>
<host starttime="1737465215" endtime="1737471591"><status state="up" reason="user-set" reason_ttl="0"/>
<address addr="10.13.250.2" addrtype="ipv4"/>
<hostnames>
</hostnames>
<ports><extraports state="filtered" count="65535">
<extrareasons reason="no-response" count="65535" proto="tcp" ports="1-65535"/>
</extraports>
</ports>
</host>
<host starttime="1737471600" endtime="1737472415"><status state="up" reason="user-set" reason_ttl="0"/>
<address addr="10.13.250.3" addrtype="ipv4"/>
<hostnames>
</hostnames>
<ports><extraports state="filtered" count="65535">
<extrareasons reason="no-response" count="65535" proto="tcp" ports="1-65535"/>
</extraports>
</ports>
</host>
<runstats><finished time="1737472415" timestr="Tue Jan 21 16:13:35 2025" summary="Nmap done at Tue Jan 21 16:13:35 2025; 20 IP addresses (20 hosts up) scanned in 9580.39 seconds" elapsed="9580.39" exit="success"/><hosts up="20" down="0" total="20"/>
</runstats>
</nmaprun>
