<?xml version="1.0" encoding="UTF-8"?>
<!DOCTYPE nmaprun>
<?xml-stylesheet href="file:///C:/Program Files (x86)/Nmap/nmap.xsl" type="text/xsl"?>
<!-- Nmap 7.95 scan initiated Tue Jan 21 13:34:01 2025 as: &quot;C:\\Program Files (x86)\\Nmap\\nmap.exe&quot; -sS -Pn -p- -T4 -iL output\\scope32.txt -oA output\\open_port_scope32 -&#45;max-rtt-timeout 100ms -&#45;max-retries 3 -&#45;defeat-rst-ratelimit -&#45;min-rate 450 -&#45;max-rate 15000 -->
<nmaprun scanner="nmap" args="&quot;C:\\Program Files (x86)\\Nmap\\nmap.exe&quot; -sS -Pn -p- -T4 -iL output\\scope32.txt -oA output\\open_port_scope32 -&#45;max-rtt-timeout 100ms -&#45;max-retries 3 -&#45;defeat-rst-ratelimit -&#45;min-rate 450 -&#45;max-rate 15000" start="1737462841" startstr="Tue Jan 21 13:34:01 2025" version="7.95" xmloutputversion="1.05">
<scaninfo type="syn" protocol="tcp" numservices="65535" services="1-65535"/>
<verbose level="0"/>
<debugging level="0"/>
<host starttime="1737462858" endtime="1737465211"><status state="up" reason="user-set" reason_ttl="0"/>
<address addr="172.16.254.5" addrtype="ipv4"/>
<hostnames>
</hostnames>
<ports><extraports state="filtered" count="65535">
<extrareasons reason="no-response" count="65535" proto="tcp" ports="1-65535"/>
</extraports>
</ports>
</host>
<host starttime="1737462858" endtime="1737465212"><status state="up" reason="user-set" reason_ttl="0"/>
<address addr="172.16.254.9" addrtype="ipv4"/>
<hostnames>
</hostnames>
<ports><extraports state="filtered" count="65535">
<extrareasons reason="no-response" count="65535" proto="tcp" ports="1-65535"/>
</extraports>
</ports>
</host>
<host starttime="1737462858" endtime="1737465213"><status state="up" reason="user-set" reason_ttl="0"/>
<address addr="172.16.255.101" addrtype="ipv4"/>
<hostnames>
</hostnames>
<ports><extraports state="filtered" count="65534">
<extrareasons reason="no-response" count="65534" proto="tcp" ports="1-442,444-65535"/>
</extraports>
<port protocol="tcp" portid="443"><state state="open" reason="syn-ack" reason_ttl="62"/><service name="https" method="table" conf="3"/></port>
</ports>
<times srtt="49568" rttvar="534" to="100000"/>
</host>
<host starttime="1737462858" endtime="1737465213"><status state="up" reason="user-set" reason_ttl="0"/>
<address addr="172.16.255.150" addrtype="ipv4"/>
<hostnames>
</hostnames>
<ports><extraports state="filtered" count="65535">
<extrareasons reason="no-response" count="65535" proto="tcp" ports="1-65535"/>
</extraports>
</ports>
</host>
<host starttime="1737462858" endtime="1737465212"><status state="up" reason="user-set" reason_ttl="0"/>
<address addr="172.16.255.70" addrtype="ipv4"/>
<hostnames>
</hostnames>
<ports><extraports state="filtered" count="65534">
<extrareasons reason="no-response" count="65534" proto="tcp" ports="1-442,444-65535"/>
</extraports>
<port protocol="tcp" portid="443"><state state="open" reason="syn-ack" reason_ttl="62"/><service name="https" method="table" conf="3"/></port>
</ports>
<times srtt="50543" rttvar="607" to="100000"/>
</host>
<host starttime="1737462858" endtime="1737465214"><status state="up" reason="user-set" reason_ttl="0"/>
<address addr="172.17.254.14" addrtype="ipv4"/>
<hostnames>
<hostname name="CM01SYG02S.SGBC.SOCGEN" type="PTR"/>
</hostnames>
<ports><extraports state="filtered" count="65535">
<extrareasons reason="no-response" count="65535" proto="tcp" ports="1-65535"/>
</extraports>
</ports>
</host>
<host starttime="1737462858" endtime="1737465214"><status state="up" reason="user-set" reason_ttl="0"/>
<address addr="172.17.254.16" addrtype="ipv4"/>
<hostnames>
</hostnames>
<ports><extraports state="filtered" count="65535">
<extrareasons reason="no-response" count="65535" proto="tcp" ports="1-65535"/>
</extraports>
</ports>
</host>
<host starttime="1737462858" endtime="1737465213"><status state="up" reason="user-set" reason_ttl="0"/>
<address addr="172.17.254.18" addrtype="ipv4"/>
<hostnames>
<hostname name="pwe32sysaut.SGBC.SOCGEN" type="PTR"/>
</hostnames>
<ports><extraports state="filtered" count="65535">
<extrareasons reason="no-response" count="65535" proto="tcp" ports="1-65535"/>
</extraports>
</ports>
</host>
<host starttime="1737465214" endtime="1737472457"><status state="up" reason="user-set" reason_ttl="0"/>
<address addr="172.17.254.2" addrtype="ipv4"/>
<hostnames>
<hostname name="ADHERENT-SGBC.SGBC.SOCGEN" type="PTR"/>
</hostnames>
<ports><extraports state="filtered" count="65535">
<extrareasons reason="no-response" count="65535" proto="tcp" ports="1-65535"/>
</extraports>
</ports>
</host>
<host starttime="1737465214" endtime="1737472456"><status state="up" reason="user-set" reason_ttl="0"/>
<address addr="172.17.254.22" addrtype="ipv4"/>
<hostnames>
<hostname name="CM01HOMOCIP01S.SGBC.SOCGEN" type="PTR"/>
</hostnames>
<ports><extraports state="filtered" count="65534">
<extrareasons reason="no-response" count="65534" proto="tcp" ports="1-442,444-65535"/>
</extraports>
<port protocol="tcp" portid="443"><state state="open" reason="syn-ack" reason_ttl="126"/><service name="https" method="table" conf="3"/></port>
</ports>
<times srtt="54232" rttvar="2719" to="100000"/>
</host>
<host starttime="1737465214" endtime="1737472460"><status state="up" reason="user-set" reason_ttl="0"/>
<address addr="172.17.254.3" addrtype="ipv4"/>
<hostnames>
<hostname name="ADT-SYSTAC.SGBC.SOCGEN" type="PTR"/>
</hostnames>
<ports><extraports state="filtered" count="65535">
<extrareasons reason="no-response" count="65535" proto="tcp" ports="1-65535"/>
</extraports>
</ports>
</host>
<host starttime="1737465214" endtime="1737472446"><status state="up" reason="user-set" reason_ttl="0"/>
<address addr="172.17.254.4" addrtype="ipv4"/>
<hostnames>
<hostname name="ARCHIVE-SYSTAC.SGBC.SOCGEN" type="PTR"/>
</hostnames>
<ports><extraports state="filtered" count="65535">
<extrareasons reason="no-response" count="65535" proto="tcp" ports="1-65535"/>
</extraports>
</ports>
</host>
<host starttime="1737465214" endtime="1737472455"><status state="up" reason="user-set" reason_ttl="0"/>
<address addr="172.17.254.5" addrtype="ipv4"/>
<hostnames>
<hostname name="WEB-SYSTAC.SGBC.SOCGEN" type="PTR"/>
</hostnames>
<ports><extraports state="filtered" count="65535">
<extrareasons reason="no-response" count="65535" proto="tcp" ports="1-65535"/>
</extraports>
</ports>
</host>
<host starttime="1737465214" endtime="1737472446"><status state="up" reason="user-set" reason_ttl="0"/>
<address addr="172.17.254.6" addrtype="ipv4"/>
<hostnames>
<hostname name="COLLECTE-SYS1.SGBC.SOCGEN" type="PTR"/>
</hostnames>
<ports><extraports state="filtered" count="65535">
<extrareasons reason="no-response" count="65535" proto="tcp" ports="1-65535"/>
</extraports>
</ports>
</host>
<host starttime="1737465214" endtime="1737472459"><status state="up" reason="user-set" reason_ttl="0"/>
<address addr="172.17.254.8" addrtype="ipv4"/>
<hostnames>
</hostnames>
<ports><extraports state="filtered" count="65535">
<extrareasons reason="no-response" count="65535" proto="tcp" ports="1-65535"/>
</extraports>
</ports>
</host>
<host starttime="1737465214" endtime="1737472458"><status state="up" reason="user-set" reason_ttl="0"/>
<address addr="172.19.254.0" addrtype="ipv4"/>
<hostnames>
</hostnames>
<ports><extraports state="filtered" count="65535">
<extrareasons reason="no-response" count="65535" proto="tcp" ports="1-65535"/>
</extraports>
</ports>
</host>
<host starttime="1737465214" endtime="1737472447"><status state="up" reason="user-set" reason_ttl="0"/>
<address addr="172.19.254.24" addrtype="ipv4"/>
<hostnames>
<hostname name="IMAGICLE.SGBC.SOCGEN" type="PTR"/>
</hostnames>
<ports><extraports state="filtered" count="65535">
<extrareasons reason="no-response" count="65535" proto="tcp" ports="1-65535"/>
</extraports>
</ports>
</host>
<host starttime="1737465214" endtime="1737472458"><status state="up" reason="user-set" reason_ttl="0"/>
<address addr="172.19.254.25" addrtype="ipv4"/>
<hostnames>
<hostname name="IMAGICLE_BKP.SGBC.SOCGEN" type="PTR"/>
</hostnames>
<ports><extraports state="filtered" count="65535">
<extrareasons reason="no-response" count="65535" proto="tcp" ports="1-65535"/>
</extraports>
</ports>
</host>
<host starttime="1737465214" endtime="1737472447"><status state="up" reason="user-set" reason_ttl="0"/>
<address addr="172.19.254.3" addrtype="ipv4"/>
<hostnames>
<hostname name="CUCM-PUB.sgbc.socgen" type="PTR"/>
</hostnames>
<ports><extraports state="filtered" count="65500">
<extrareasons reason="no-response" count="65500" proto="tcp" ports="1-442,444-33244,33246-33475,33477-34600,34602-35296,35298-35895,35897-36715,36717-36765,36767-37001,37003-37019,37021-37721,37723-38922,38924-39220,39222-39614,39616-40447,40449-41211,41213-42462,42464-43401,43403-43404,43406-47254,47256-48787,48789-48869,48871-49342,49344-50667,50669-51554,51556-52551,52553-52825,52827-54208,54210-55654,55656-56675,56677-57873,57875-58451,58453-58860,58863-59753,59755-65535"/>
</extraports>
<extraports state="closed" count="34">
<extrareasons reason="reset" count="34" proto="tcp" ports="33245,33476,34601,35297,35896,36716,36766,37002,37020,37722,38923,39221,39615,40448,41212,42463,43402,43405,47255,48788,48870,49343,50668,51555,52552,52826,54209,55655,56676,57874,58452,58861-58862,59754"/>
</extraports>
<port protocol="tcp" portid="443"><state state="open" reason="syn-ack" reason_ttl="61"/><service name="https" method="table" conf="3"/></port>
</ports>
<times srtt="50577" rttvar="578" to="100000"/>
</host>
<host starttime="1737465214" endtime="1737472460"><status state="up" reason="user-set" reason_ttl="0"/>
<address addr="172.19.254.4" addrtype="ipv4"/>
<hostnames>
<hostname name="CUCM-SUB1.sgbc.socgen" type="PTR"/>
</hostnames>
<ports><extraports state="filtered" count="65509">
<extrareasons reason="no-response" count="65509" proto="tcp" ports="1-442,444-36208,36210-36944,36946-37224,37226-37366,37368-38371,38373-39910,39912-41163,41165-41804,41806-42055,42057-42379,42381-43644,43646-43895,43897-45128,45130-46937,46939-47260,47262-50645,50647-50752,50754-51446,51448-51729,51731-53500,53502-55480,55482-55988,55990-56632,56634-58969,58971-59406,59408-65535"/>
</extraports>
<port protocol="tcp" portid="443"><state state="open" reason="syn-ack" reason_ttl="61"/><service name="https" method="table" conf="3"/></port>
<port protocol="tcp" portid="36209"><state state="closed" reason="reset" reason_ttl="61"/></port>
<port protocol="tcp" portid="36945"><state state="closed" reason="reset" reason_ttl="61"/></port>
<port protocol="tcp" portid="37225"><state state="closed" reason="reset" reason_ttl="61"/></port>
<port protocol="tcp" portid="37367"><state state="closed" reason="reset" reason_ttl="61"/></port>
<port protocol="tcp" portid="38372"><state state="closed" reason="reset" reason_ttl="61"/></port>
<port protocol="tcp" portid="39911"><state state="closed" reason="reset" reason_ttl="61"/></port>
<port protocol="tcp" portid="41164"><state state="closed" reason="reset" reason_ttl="61"/></port>
<port protocol="tcp" portid="41805"><state state="closed" reason="reset" reason_ttl="61"/></port>
<port protocol="tcp" portid="42056"><state state="closed" reason="reset" reason_ttl="61"/></port>
<port protocol="tcp" portid="42380"><state state="closed" reason="reset" reason_ttl="61"/></port>
<port protocol="tcp" portid="43645"><state state="closed" reason="reset" reason_ttl="61"/></port>
<port protocol="tcp" portid="43896"><state state="closed" reason="reset" reason_ttl="61"/></port>
<port protocol="tcp" portid="45129"><state state="closed" reason="reset" reason_ttl="61"/></port>
<port protocol="tcp" portid="46938"><state state="closed" reason="reset" reason_ttl="61"/></port>
<port protocol="tcp" portid="47261"><state state="closed" reason="reset" reason_ttl="61"/></port>
<port protocol="tcp" portid="50646"><state state="closed" reason="reset" reason_ttl="61"/></port>
<port protocol="tcp" portid="50753"><state state="closed" reason="reset" reason_ttl="61"/></port>
<port protocol="tcp" portid="51447"><state state="closed" reason="reset" reason_ttl="61"/></port>
<port protocol="tcp" portid="51730"><state state="closed" reason="reset" reason_ttl="61"/></port>
<port protocol="tcp" portid="53501"><state state="closed" reason="reset" reason_ttl="61"/></port>
<port protocol="tcp" portid="55481"><state state="closed" reason="reset" reason_ttl="61"/></port>
<port protocol="tcp" portid="55989"><state state="closed" reason="reset" reason_ttl="61"/></port>
<port protocol="tcp" portid="56633"><state state="closed" reason="reset" reason_ttl="61"/></port>
<port protocol="tcp" portid="58970"><state state="closed" reason="reset" reason_ttl="61"/></port>
<port protocol="tcp" portid="59407"><state state="closed" reason="reset" reason_ttl="61"/></port>
</ports>
<times srtt="53575" rttvar="2726" to="100000"/>
</host>
<runstats><finished time="1737474279" timestr="Tue Jan 21 16:44:39 2025" summary="Nmap done at Tue Jan 21 16:44:39 2025; 20 IP addresses (20 hosts up) scanned in 11438.34 seconds" elapsed="11438.34" exit="success"/><hosts up="20" down="0" total="20"/>
</runstats>
</nmaprun>
