<?xml version="1.0" encoding="UTF-8"?>
<!DOCTYPE nmaprun>
<?xml-stylesheet href="file:///C:/Program Files (x86)/Nmap/nmap.xsl" type="text/xsl"?>
<!-- Nmap 7.95 scan initiated Tue Jan 21 13:33:49 2025 as: &quot;C:\\Program Files (x86)\\Nmap\\nmap.exe&quot; -sS -Pn -p- -T4 -iL output\\scope27.txt -oA output\\open_port_scope27 -&#45;max-rtt-timeout 100ms -&#45;max-retries 3 -&#45;defeat-rst-ratelimit -&#45;min-rate 450 -&#45;max-rate 15000 -->
<nmaprun scanner="nmap" args="&quot;C:\\Program Files (x86)\\Nmap\\nmap.exe&quot; -sS -Pn -p- -T4 -iL output\\scope27.txt -oA output\\open_port_scope27 -&#45;max-rtt-timeout 100ms -&#45;max-retries 3 -&#45;defeat-rst-ratelimit -&#45;min-rate 450 -&#45;max-rate 15000" start="1737462829" startstr="Tue Jan 21 13:33:49 2025" version="7.95" xmloutputversion="1.05">
<scaninfo type="syn" protocol="tcp" numservices="65535" services="1-65535"/>
<verbose level="0"/>
<debugging level="0"/>
<host starttime="1737462840" endtime="1737465172"><status state="up" reason="user-set" reason_ttl="0"/>
<address addr="172.16.1.10" addrtype="ipv4"/>
<hostnames>
<hostname name="CM01IMP01S.SGBC.SOCGEN" type="PTR"/>
</hostnames>
<ports><extraports state="filtered" count="65535">
<extrareasons reason="no-response" count="65535" proto="tcp" ports="1-65535"/>
</extraports>
</ports>
</host>
<host starttime="1737462840" endtime="1737465172"><status state="up" reason="user-set" reason_ttl="0"/>
<address addr="172.16.1.105" addrtype="ipv4"/>
<hostnames>
</hostnames>
<ports><extraports state="filtered" count="65535">
<extrareasons reason="no-response" count="65526" proto="tcp" ports="1-16,18-255,257-263,265-442,444-585,587-1079,1081-1722,1724-18230,18232-18233,18235-65535"/>
<extrareasons reason="admin-prohibited" count="9" proto="tcp" ports="17,256,264,443,586,1080,1723,18231,18234"/>
</extraports>
</ports>
<times srtt="5331" rttvar="4625" to="100000"/>
</host>
<host starttime="1737462840" endtime="1737465171"><status state="up" reason="user-set" reason_ttl="0"/>
<address addr="172.16.1.106" addrtype="ipv4"/>
<hostnames>
<hostname name="CM01CIM01S.SGBC.SOCGEN" type="PTR"/>
</hostnames>
<ports><extraports state="filtered" count="65534">
<extrareasons reason="no-response" count="65534" proto="tcp" ports="1-442,444-65535"/>
</extraports>
<port protocol="tcp" portid="443"><state state="open" reason="syn-ack" reason_ttl="126"/><service name="https" method="table" conf="3"/></port>
</ports>
<times srtt="53206" rttvar="1960" to="100000"/>
</host>
<host starttime="1737462840" endtime="1737465172"><status state="up" reason="user-set" reason_ttl="0"/>
<address addr="172.16.1.107" addrtype="ipv4"/>
<hostnames>
<hostname name="CM01CIM02S.SGBC.SOCGEN" type="PTR"/>
</hostnames>
<ports><extraports state="filtered" count="65535">
<extrareasons reason="no-response" count="65535" proto="tcp" ports="1-65535"/>
</extraports>
</ports>
</host>
<host starttime="1737462840" endtime="1737465173"><status state="up" reason="user-set" reason_ttl="0"/>
<address addr="172.16.1.108" addrtype="ipv4"/>
<hostnames>
<hostname name="CM01CIM03S.SGBC.SOCGEN" type="PTR"/>
</hostnames>
<ports><extraports state="filtered" count="65535">
<extrareasons reason="no-response" count="65535" proto="tcp" ports="1-65535"/>
</extraports>
</ports>
</host>
<host starttime="1737462840" endtime="1737465173"><status state="up" reason="user-set" reason_ttl="0"/>
<address addr="172.16.1.109" addrtype="ipv4"/>
<hostnames>
<hostname name="CM01SUB01S.SGBC.SOCGEN" type="PTR"/>
</hostnames>
<ports><extraports state="filtered" count="65534">
<extrareasons reason="no-response" count="65534" proto="tcp" ports="1-442,444-65535"/>
</extraports>
<port protocol="tcp" portid="443"><state state="open" reason="syn-ack" reason_ttl="126"/><service name="https" method="table" conf="3"/></port>
</ports>
<times srtt="49749" rttvar="655" to="100000"/>
</host>
<host starttime="1737462840" endtime="1737465172"><status state="up" reason="user-set" reason_ttl="0"/>
<address addr="172.16.1.11" addrtype="ipv4"/>
<hostnames>
</hostnames>
<ports><extraports state="filtered" count="65526">
<extrareasons reason="no-response" count="65526" proto="tcp" ports="1-16,18-255,257-263,265-442,444-585,587-1079,1081-1722,1724-18230,18232-18233,18235-65535"/>
</extraports>
<port protocol="tcp" portid="17"><state state="closed" reason="reset" reason_ttl="62"/><service name="qotd" method="table" conf="3"/></port>
<port protocol="tcp" portid="256"><state state="closed" reason="reset" reason_ttl="62"/><service name="fw1-secureremote" method="table" conf="3"/></port>
<port protocol="tcp" portid="264"><state state="closed" reason="reset" reason_ttl="62"/><service name="bgmp" method="table" conf="3"/></port>
<port protocol="tcp" portid="443"><state state="closed" reason="reset" reason_ttl="62"/><service name="https" method="table" conf="3"/></port>
<port protocol="tcp" portid="586"><state state="closed" reason="reset" reason_ttl="62"/><service name="password-chg" method="table" conf="3"/></port>
<port protocol="tcp" portid="1080"><state state="closed" reason="reset" reason_ttl="62"/><service name="socks" method="table" conf="3"/></port>
<port protocol="tcp" portid="1723"><state state="closed" reason="reset" reason_ttl="62"/><service name="pptp" method="table" conf="3"/></port>
<port protocol="tcp" portid="18231"><state state="closed" reason="reset" reason_ttl="62"/></port>
<port protocol="tcp" portid="18234"><state state="closed" reason="reset" reason_ttl="62"/></port>
</ports>
<times srtt="6036" rttvar="5398" to="100000"/>
</host>
<host starttime="1737462840" endtime="1737465172"><status state="up" reason="user-set" reason_ttl="0"/>
<address addr="172.16.1.110" addrtype="ipv4"/>
<hostnames>
</hostnames>
<ports><extraports state="filtered" count="65535">
<extrareasons reason="no-response" count="65535" proto="tcp" ports="1-65535"/>
</extraports>
</ports>
</host>
<taskprogress task="SYN Stealth Scan" time="1737472278" percent="99.83" remaining="13" etc="1737472290"/>
<taskprogress task="SYN Stealth Scan" time="1737472279" percent="99.83" remaining="13" etc="1737472291"/>
<host starttime="1737465173" endtime="1737472296"><status state="up" reason="user-set" reason_ttl="0"/>
<address addr="172.16.1.111" addrtype="ipv4"/>
<hostnames>
</hostnames>
<ports><extraports state="filtered" count="65534">
<extrareasons reason="no-response" count="65504" proto="tcp" ports="1-16,18-255,257-263,265-442,444-585,587-1079,1081-1335,1337-1722,1724-2346,2348-5547,5549-7458,7460-8428,8430-13055,13057-13868,13870-18230,18232-18233,18235-20100,20102-22835,22837-23298,23300-24427,24429-25330,25332-27973,27975-32591,32593-33748,33750-35205,35207-37684,37686-42882,42884-49233,49235-55346,55348-56246,56248-58723,58725-65535"/>
<extrareasons reason="host-prohibited" count="30" proto="tcp" ports="17,256,264,586,1080,1336,1723,2347,5548,7459,8429,13056,13869,18231,18234,20101,22836,23299,24428,25331,27974,32592,33749,35206,37685,42883,49234,55347,56247,58724"/>
</extraports>
<port protocol="tcp" portid="443"><state state="open" reason="syn-ack" reason_ttl="62"/><service name="https" method="table" conf="3"/></port>
</ports>
<times srtt="52693" rttvar="1189" to="100000"/>
</host>
<host starttime="1737465173" endtime="1737472297"><status state="up" reason="user-set" reason_ttl="0"/>
<address addr="172.16.1.112" addrtype="ipv4"/>
<hostnames>
<hostname name="CM01OTP01S.SGBC.SOCGEN" type="PTR"/>
</hostnames>
<ports><extraports state="filtered" count="65535">
<extrareasons reason="no-response" count="65535" proto="tcp" ports="1-65535"/>
</extraports>
</ports>
</host>
<host starttime="1737465173" endtime="1737472290"><status state="up" reason="user-set" reason_ttl="0"/>
<address addr="172.16.1.113" addrtype="ipv4"/>
<hostnames>
<hostname name="CM01CDD01S.SGBC.SOCGEN" type="PTR"/>
</hostnames>
<ports><extraports state="filtered" count="65535">
<extrareasons reason="no-response" count="65535" proto="tcp" ports="1-65535"/>
</extraports>
</ports>
</host>
<host starttime="1737465173" endtime="1737472259"><status state="up" reason="user-set" reason_ttl="0"/>
<address addr="172.16.1.116" addrtype="ipv4"/>
<hostnames>
</hostnames>
<ports><extraports state="filtered" count="65535">
<extrareasons reason="no-response" count="65535" proto="tcp" ports="1-65535"/>
</extraports>
</ports>
</host>
<host starttime="1737465173" endtime="1737472282"><status state="up" reason="user-set" reason_ttl="0"/>
<address addr="172.16.1.117" addrtype="ipv4"/>
<hostnames>
<hostname name="CM01RSA01S.SGBC.SOCGEN" type="PTR"/>
</hostnames>
<ports><extraports state="filtered" count="65535">
<extrareasons reason="no-response" count="65535" proto="tcp" ports="1-65535"/>
</extraports>
</ports>
</host>
<host starttime="1737465173" endtime="1737472283"><status state="up" reason="user-set" reason_ttl="0"/>
<address addr="172.16.1.121" addrtype="ipv4"/>
<hostnames>
<hostname name="pwe32park01s.SGBC.SOCGEN" type="PTR"/>
</hostnames>
<ports><extraports state="filtered" count="65535">
<extrareasons reason="no-response" count="65535" proto="tcp" ports="1-65535"/>
</extraports>
</ports>
</host>
<host starttime="1737465173" endtime="1737472283"><status state="up" reason="user-set" reason_ttl="0"/>
<address addr="172.16.1.122" addrtype="ipv4"/>
<hostnames>
<hostname name="PWE32SOGECOL01.SGBC.SOCGEN" type="PTR"/>
</hostnames>
<ports><extraports state="filtered" count="65535">
<extrareasons reason="no-response" count="65535" proto="tcp" ports="1-65535"/>
</extraports>
</ports>
</host>
<host starttime="1737465173" endtime="1737472297"><status state="up" reason="user-set" reason_ttl="0"/>
<address addr="172.16.1.123" addrtype="ipv4"/>
<hostnames>
</hostnames>
<ports><extraports state="filtered" count="65535">
<extrareasons reason="no-response" count="65531" proto="tcp" ports="1-7581,7583-13115,13117-25785,25787-38421,38423-65535"/>
<extrareasons reason="host-unreach" count="4" proto="tcp" ports="7582,13116,25786,38422"/>
</extraports>
</ports>
<times srtt="875351" rttvar="434672" to="100000"/>
</host>
<host starttime="1737465173" endtime="1737472280"><status state="up" reason="user-set" reason_ttl="0"/>
<address addr="172.16.1.134" addrtype="ipv4"/>
<hostnames>
<hostname name="pwe32merci02.SGBC.SOCGEN" type="PTR"/>
</hostnames>
<ports><extraports state="filtered" count="65535">
<extrareasons reason="no-response" count="65535" proto="tcp" ports="1-65535"/>
</extraports>
</ports>
</host>
<host starttime="1737465173" endtime="1737472269"><status state="up" reason="user-set" reason_ttl="0"/>
<address addr="172.16.1.136" addrtype="ipv4"/>
<hostnames>
<hostname name="CM01EDM06S.SGBC.SOCGEN" type="PTR"/>
</hostnames>
<ports><extraports state="filtered" count="65535">
<extrareasons reason="no-response" count="65535" proto="tcp" ports="1-65535"/>
</extraports>
</ports>
</host>
<host starttime="1737465173" endtime="1737472292"><status state="up" reason="user-set" reason_ttl="0"/>
<address addr="172.16.1.137" addrtype="ipv4"/>
<hostnames>
<hostname name="CM01EDM07S.SGBC.SOCGEN" type="PTR"/>
</hostnames>
<ports><extraports state="filtered" count="65535">
<extrareasons reason="no-response" count="65535" proto="tcp" ports="1-65535"/>
</extraports>
</ports>
</host>
<host starttime="1737465173" endtime="1737472294"><status state="up" reason="user-set" reason_ttl="0"/>
<address addr="172.16.1.138" addrtype="ipv4"/>
<hostnames>
<hostname name="CM01CNC01S.SGBC.SOCGEN" type="PTR"/>
</hostnames>
<ports><extraports state="filtered" count="65535">
<extrareasons reason="no-response" count="65535" proto="tcp" ports="1-65535"/>
</extraports>
</ports>
</host>
<runstats><finished time="1737472298" timestr="Tue Jan 21 16:11:38 2025" summary="Nmap done at Tue Jan 21 16:11:38 2025; 20 IP addresses (20 hosts up) scanned in 9468.69 seconds" elapsed="9468.69" exit="success"/><hosts up="20" down="0" total="20"/>
</runstats>
</nmaprun>
