<?xml version="1.0" encoding="UTF-8"?>
<!DOCTYPE nmaprun>
<?xml-stylesheet href="file:///C:/Program Files (x86)/Nmap/nmap.xsl" type="text/xsl"?>
<!-- Nmap 7.95 scan initiated Tue Jan 21 13:33:53 2025 as: &quot;C:\\Program Files (x86)\\Nmap\\nmap.exe&quot; -sS -Pn -p- -T4 -iL output\\scope29.txt -oA output\\open_port_scope29 -&#45;max-rtt-timeout 100ms -&#45;max-retries 3 -&#45;defeat-rst-ratelimit -&#45;min-rate 450 -&#45;max-rate 15000 -->
<nmaprun scanner="nmap" args="&quot;C:\\Program Files (x86)\\Nmap\\nmap.exe&quot; -sS -Pn -p- -T4 -iL output\\scope29.txt -oA output\\open_port_scope29 -&#45;max-rtt-timeout 100ms -&#45;max-retries 3 -&#45;defeat-rst-ratelimit -&#45;min-rate 450 -&#45;max-rate 15000" start="1737462833" startstr="Tue Jan 21 13:33:53 2025" version="7.95" xmloutputversion="1.05">
<scaninfo type="syn" protocol="tcp" numservices="65535" services="1-65535"/>
<verbose level="0"/>
<debugging level="0"/>
<host starttime="1737462844" endtime="1737465197"><status state="up" reason="user-set" reason_ttl="0"/>
<address addr="172.16.1.20" addrtype="ipv4"/>
<hostnames>
<hostname name="CM01SEP14S.SGBC.SOCGEN" type="PTR"/>
</hostnames>
<ports><extraports state="filtered" count="65535">
<extrareasons reason="no-response" count="65534" proto="tcp" ports="1-18233,18235-65535"/>
<extrareasons reason="host-unreach" count="1" proto="tcp" ports="18234"/>
</extraports>
</ports>
<times srtt="611125" rttvar="499250" to="100000"/>
</host>
<host starttime="1737462844" endtime="1737465196"><status state="up" reason="user-set" reason_ttl="0"/>
<address addr="172.16.1.22" addrtype="ipv4"/>
<hostnames>
<hostname name="CM01SCM02S.SGBC.SOCGEN" type="PTR"/>
</hostnames>
<ports><extraports state="filtered" count="65535">
<extrareasons reason="no-response" count="65512" proto="tcp" ports="1-16,18-255,257-263,265-331,333-442,444-585,587-1077,1079,1081-1722,1724-3252,3254-5383,5385-7658,7660-13945,13947-18230,18232-18233,18235-22654,22656-24971,24973-39341,39343-47984,47986-52188,52190-53526,53528-55350,55352-57599,57601-65535"/>
<extrareasons reason="admin-prohibited" count="23" proto="tcp" ports="17,256,264,332,443,586,1078,1080,1723,3253,5384,7659,13946,18231,18234,22655,24972,39342,47985,52189,53527,55351,57600"/>
</extraports>
</ports>
<times srtt="36323" rttvar="16755" to="100000"/>
</host>
<host starttime="1737462844" endtime="1737465196"><status state="up" reason="user-set" reason_ttl="0"/>
<address addr="172.16.1.23" addrtype="ipv4"/>
<hostnames>
<hostname name="CM01JRA03S.SGBC.SOCGEN" type="PTR"/>
</hostnames>
<ports><extraports state="filtered" count="65535">
<extrareasons reason="no-response" count="65535" proto="tcp" ports="1-65535"/>
</extraports>
</ports>
</host>
<host starttime="1737462844" endtime="1737465196"><status state="up" reason="user-set" reason_ttl="0"/>
<address addr="172.16.1.24" addrtype="ipv4"/>
<hostnames>
</hostnames>
<ports><extraports state="filtered" count="65535">
<extrareasons reason="no-response" count="65535" proto="tcp" ports="1-65535"/>
</extraports>
</ports>
</host>
<host starttime="1737462844" endtime="1737465195"><status state="up" reason="user-set" reason_ttl="0"/>
<address addr="172.16.1.25" addrtype="ipv4"/>
<hostnames>
<hostname name="CM01JRA04S.SGBC.SOCGEN" type="PTR"/>
</hostnames>
<ports><extraports state="filtered" count="65535">
<extrareasons reason="no-response" count="65535" proto="tcp" ports="1-65535"/>
</extraports>
</ports>
</host>
<host starttime="1737462844" endtime="1737465196"><status state="up" reason="user-set" reason_ttl="0"/>
<address addr="172.16.1.26" addrtype="ipv4"/>
<hostnames>
<hostname name="PWE32S2C02.SGBC.SOCGEN" type="PTR"/>
</hostnames>
<ports><extraports state="filtered" count="65535">
<extrareasons reason="no-response" count="65535" proto="tcp" ports="1-65535"/>
</extraports>
</ports>
</host>
<host starttime="1737462844" endtime="1737465197"><status state="up" reason="user-set" reason_ttl="0"/>
<address addr="172.16.1.27" addrtype="ipv4"/>
<hostnames>
<hostname name="pwe32wsus01.SGBC.SOCGEN" type="PTR"/>
</hostnames>
<ports><extraports state="filtered" count="65535">
<extrareasons reason="no-response" count="65535" proto="tcp" ports="1-65535"/>
</extraports>
</ports>
</host>
<host starttime="1737462844" endtime="1737465197"><status state="up" reason="user-set" reason_ttl="0"/>
<address addr="172.16.1.29" addrtype="ipv4"/>
<hostnames>
<hostname name="pwe32sccm01.SGBC.SOCGEN" type="PTR"/>
</hostnames>
<ports><extraports state="filtered" count="65534">
<extrareasons reason="no-response" count="65534" proto="tcp" ports="1-442,444-65535"/>
</extraports>
<port protocol="tcp" portid="443"><state state="open" reason="syn-ack" reason_ttl="126"/><service name="https" method="table" conf="3"/></port>
</ports>
<times srtt="53997" rttvar="1628" to="100000"/>
</host>
<host starttime="1737465197" endtime="1737472441"><status state="up" reason="user-set" reason_ttl="0"/>
<address addr="172.16.1.3" addrtype="ipv4"/>
<hostnames>
</hostnames>
<ports><extraports state="filtered" count="65433">
<extrareasons reason="no-response" count="65433" proto="tcp" ports="1-16,18-101,103-255,257-263,265-442,444-585,587-908,910-1042,1044-1079,1081-1722,1724-2994,2996-3030,3032-3451,3453-3706,3708-4143,4145-4191,4193-4371,4373-4671,4673-5958,5960-6302,6304-8095,8097-8268,8270-8741,8743-8798,8800-9631,9633-10938,10940-12095,12097-12260,12262-12411,12413-12629,12631-13664,13666-14970,14972-15909,15911-17705,17707-18149,18151-18230,18232-18233,18235-18862,18864-20250,20252-20349,20351-20501,20503-21346,21348-21861,21863-23774,23776-24419,24421-24857,24859-28634,28636-28725,28727-28776,28778-30916,30918-32342,32344-33151,33153-33999,34001-35385,35387-35687,35689-36658,36660-37219,37221-39024,39026-40303,40305-40686,40688-41906,41908-42508,42510-42756,42758-43375,43377-44013,44015-44813,44815-44908,44910-45374,45376-46024,46026-46511,46513-46680,46682-47941,47943-48644,48646-48922,48924-49898,49900-51116,51118-51205,51207-51239,51241-51327,51329-51726,51728-52650,52652-53873,53875-53884,53886-54406,54408-54942,54944-54991,54993-55855,55857-56775,56777-56856,56858-57459,57461-58128,58130-58156,58158-58433,58435-59497,59499-59941,59943-61215,61217-62377,62379-62543,62545-62667,62669-64109,64111-64583,64585-65114,65116-65535"/>
</extraports>
<extraports state="closed" count="102">
<extrareasons reason="reset" count="102" proto="tcp" ports="17,102,256,264,443,586,909,1043,1080,1723,2995,3031,3452,3707,4144,4192,4372,4672,5959,6303,8096,8269,8742,8799,9632,10939,12096,12261,12412,12630,13665,14971,15910,17706,18150,18231,18234,18863,20251,20350,20502,21347,21862,23775,24420,24858,28635,28726,28777,30917,32343,33152,34000,35386,35688,36659,37220,39025,40304,40687,41907,42509,42757,43376,44014,44814,44909,45375,46025,46512,46681,47942,48645,48923,49899,51117,51206,51240,51328,51727,52651,53874,53885,54407,54943,54992,55856,56776,56857,57460,58129,58157,58434,59498,59942,61216,62378,62544,62668,64110,64584,65115"/>
</extraports>
</ports>
<times srtt="23208" rttvar="5182" to="100000"/>
</host>
<host starttime="1737465197" endtime="1737472437"><status state="up" reason="user-set" reason_ttl="0"/>
<address addr="172.16.1.35" addrtype="ipv4"/>
<hostnames>
</hostnames>
<ports><extraports state="filtered" count="65535">
<extrareasons reason="no-response" count="65515" proto="tcp" ports="1-16,18-255,257-263,265-442,444-585,587-1079,1081-1722,1724-4390,4392-6221,6223-7775,7777-8857,8859-13498,13500-16247,16249-18230,18232-18233,18235-27473,27475-33104,33106-50955,50957-56597,56599-63893,63895-65535"/>
<extrareasons reason="admin-prohibited" count="20" proto="tcp" ports="17,256,264,443,586,1080,1723,4391,6222,7776,8858,13499,16248,18231,18234,27474,33105,50956,56598,63894"/>
</extraports>
</ports>
<times srtt="19140" rttvar="8731" to="100000"/>
</host>
<host starttime="1737465197" endtime="1737472440"><status state="up" reason="user-set" reason_ttl="0"/>
<address addr="172.16.1.37" addrtype="ipv4"/>
<hostnames>
</hostnames>
<ports><extraports state="filtered" count="65419">
<extrareasons reason="no-response" count="65419" proto="tcp" ports="1-16,18-255,257-263,265-386,388-442,444-585,587-908,910-1042,1044-1079,1081-1722,1724-2994,2996-3030,3032-3706,3708-4143,4145-5958,5960-6302,6304-8095,8097-8268,8270-8741,8743-8798,8800-8958,8960-9035,9037-9413,9415-9631,9633-9712,9714-10045,10047-10487,10489-10938,10940-12411,12413-12598,12600-12629,12631-15127,15129-15909,15911-16489,16491-16851,16853-17017,17019-17068,17070-17705,17707-18149,18151-18230,18232-18233,18235-18862,18864-19403,19405-19548,19550-20250,20253-20349,20351-20416,20418-20501,20503-22132,22134-23774,23776-24857,24859-27593,27595-28634,28636-28725,28727-28776,28778-28832,28834-33206,33208-34478,34480-35385,35387-35687,35689-35830,35832-36636,36638-36658,36660-37811,37813-39024,39026-40183,40185-41008,41010-41835,41837-41906,41908-41982,41984-42049,42051-42185,42187-42508,42510-43375,43377-44013,44015-44813,44815-44908,44910-45794,45796-46024,46026-46511,46513-46542,46544-46680,46682-47941,47943-48644,48646-49898,49900-51116,51118-51205,51207-51239,51241-51327,51329-51726,51728-52305,52307-53239,53241-53791,53793-53873,53875-54406,54408-54713,54715-54991,54993-55855,55857-56775,56777-56856,56858-57691,57693-58128,58130-58156,58158-58433,58435-59497,59499-59842,59844-59941,59943-60681,60683-60729,60731-62377,62379-62492,62494-62667,62669-63682,63684-65114,65116-65125,65127-65535"/>
</extraports>
<extraports state="closed" count="115">
<extrareasons reason="reset" count="115" proto="tcp" ports="17,256,264,387,443,586,909,1043,1723,2995,3031,3707,4144,5959,6303,8096,8269,8742,8799,8959,9036,9414,9632,9713,10046,10488,10939,12412,12599,12630,15128,15910,16490,16852,17018,17069,17706,18150,18231,18234,18863,19404,19549,20251-20252,20350,20417,20502,22133,23775,24858,27594,28635,28726,28777,28833,33207,34479,35386,35688,35831,36637,36659,37812,39025,40184,41009,41836,41907,41983,42050,42186,42509,43376,44014,44814,44909,45795,46025,46512,46543,46681,47942,48645,49899,51117,51206,51240,51328,51727,52306,53240,53792,53874,54407,54714,54992,55856,56776,56857,57692,58129,58157,58434,59498,59843,59942,60682,60730,62378,62493,62668,63683,65115,65126"/>
</extraports>
<port protocol="tcp" portid="1080"><state state="open" reason="syn-ack" reason_ttl="62"/><service name="socks" method="table" conf="3"/></port>
</ports>
<times srtt="51525" rttvar="726" to="100000"/>
</host>
<host starttime="1737465197" endtime="1737472441"><status state="up" reason="user-set" reason_ttl="0"/>
<address addr="172.16.1.38" addrtype="ipv4"/>
<hostnames>
<hostname name="proxy-std-browsing-prod.sgbc.socgen" type="PTR"/>
</hostnames>
<ports><extraports state="filtered" count="65422">
<extrareasons reason="no-response" count="65422" proto="tcp" ports="1-16,18-101,103-255,257-263,265-442,444-585,587-908,910-1042,1044-1079,1081-1168,1170-1637,1639-1722,1724-2008,2010-3451,3453-3706,3708-4191,4193-4371,4373-4671,4673-5958,5960-6302,6304-6579,6581-8095,8097-8268,8270-8741,8743-8798,8800-9631,9633-10938,10940-12095,12097-12260,12262-12411,12413-12629,12631-13664,13666-13934,13936-13988,13990-14077,14079-14536,14538-14970,14972-15909,15911-16038,16040-17705,17707-18149,18151-18230,18232-18233,18235-18862,18864-19650,19652-20250,20252-20349,20351-20501,20503-21346,21348-21861,21863-23500,23502-24419,24421-24857,24859-25569,25571-26103,26105-28634,28636-28725,28727-28776,28778-30916,30918-32193,32195-32342,32344-33151,33153-33999,34001-35385,35387-35611,35613-35687,35689-36658,36660-37219,37221-39024,39026-40303,40305-40686,40688-41906,41908-42508,42510-42756,42758-43375,43377-43946,43948-44013,44015-44813,44815-44908,44910-45374,45376-46024,46026-46511,46513-46680,46682-48922,48924-49898,49900-51116,51118-51205,51207-51239,51241-51327,51329-51726,51728-52212,52214-52650,52652-53873,53875-53884,53886-54406,54408-54942,54944-54991,54993-55855,55857-56513,56515-56775,56777-56856,56858-57459,57461-58128,58130-58433,58435-59497,59499-61215,61217-62377,62379-62543,62545-62667,62669-63613,63615-64109,64111,64113-64583,64585-65535"/>
</extraports>
<extraports state="closed" count="112">
<extrareasons reason="reset" count="112" proto="tcp" ports="17,102,256,264,443,586,909,1043,1169,1638,1723,2009,3452,3707,4192,4372,4672,5959,6303,6580,8096,8269,8742,8799,9632,10939,12096,12261,12412,12630,13665,13935,13989,14078,14537,14971,15910,16039,17706,18150,18231,18234,18863,19651,20251,20350,20502,21347,21862,23501,24420,24858,25570,26104,28635,28726,28777,30917,32194,32343,33152,34000,35386,35612,35688,36659,37220,39025,40304,40687,41907,42509,42757,43376,43947,44014,44814,44909,45375,46025,46512,46681,48923,49899,51117,51206,51240,51328,51727,52213,52651,53874,53885,54407,54943,54992,55856,56514,56776,56857,57460,58129,58434,59498,61216,62378,62544,62668,63614,64110,64112,64584"/>
</extraports>
<port protocol="tcp" portid="1080"><state state="open" reason="syn-ack" reason_ttl="62"/><service name="socks" method="table" conf="3"/></port>
</ports>
<times srtt="51200" rttvar="363" to="100000"/>
</host>
<host starttime="1737465197" endtime="1737472439"><status state="up" reason="user-set" reason_ttl="0"/>
<address addr="172.16.1.4" addrtype="ipv4"/>
<hostnames>
</hostnames>
<ports><extraports state="filtered" count="65429">
<extrareasons reason="no-response" count="65429" proto="tcp" ports="1-16,18-255,257-263,265-442,444-585,587-1079,1081-1472,1474-1639,1641-1722,1724-2894,2896-3551,3553-3993,3995-4390,4392-4494,4496-5220,5222-5433,5435-6029,6031-6221,6223-6802,6804-7067,7069-8857,8859-9059,9061-9245,9247-9307,9309-10625,10627-11630,11632-12635,12637-12746,12748-13088,13090-13498,13500-13889,13891-14198,14200-14224,14226-15662,15664-15802,15804-16247,16249-16546,16548-17833,17835-18230,18232-18233,18235-18403,18405-18571,18573-18609,18611-19035,19037-20907,20909-23272,23274-23634,23636-23657,23659-23917,23919-25297,25299-26400,26402-26535,26537-27469,27471-27473,27475-28288,28290-28973,28975-29471,29473-30076,30078-31086,31088-31091,31093-31447,31449-31555,31557-33104,33106-35717,35719-37089,37091-37136,37138-37714,37716-38490,38492-39314,39316-44282,44284-48157,48159-48442,48444-48965,48967-49045,49047-50182,50184-50267,50269-50382,50384-50955,50957-50997,50999-52066,52068-52101,52103-52308,52310-52390,52392-54374,54376-54587,54589-54647,54649-56076,56078-56403,56405-56407,56409-56597,56599-57481,57483-57542,57544-57593,57595-58370,58372-58542,58544-58806,58808-61171,61173-62003,62005-62303,62305-63494,63496-64101,64103-64169,64171-64183,64185-64205,64207-64361,64363-64853,64855-65535"/>
</extraports>
<extraports state="closed" count="106">
<extrareasons reason="reset" count="106" proto="tcp" ports="17,256,264,443,586,1080,1473,1640,1723,2895,3552,3994,4391,4495,5221,5434,6030,6222,6803,7068,8858,9060,9246,9308,10626,11631,12636,12747,13089,13499,13890,14199,14225,15663,15803,16248,16547,17834,18231,18234,18404,18572,18610,19036,20908,23273,23635,23658,23918,25298,26401,26536,27470,27474,28289,28974,29472,30077,31087,31092,31448,31556,33105,35718,37090,37137,37715,38491,39315,44283,48158,48443,48966,49046,50183,50268,50383,50956,50998,52067,52102,52309,52391,54375,54588,54648,56077,56404,56408,56598,57482,57543,57594,58371,58543,58807,61172,62004,62304,63495,64102,64170,64184,64206,64362,64854"/>
</extraports>
</ports>
<times srtt="22317" rttvar="7591" to="100000"/>
</host>
<host starttime="1737465197" endtime="1737472440"><status state="up" reason="user-set" reason_ttl="0"/>
<address addr="172.16.1.40" addrtype="ipv4"/>
<hostnames>
</hostnames>
<ports><extraports state="filtered" count="65535">
<extrareasons reason="no-response" count="65535" proto="tcp" ports="1-65535"/>
</extraports>
</ports>
</host>
<host starttime="1737465197" endtime="1737472440"><status state="up" reason="user-set" reason_ttl="0"/>
<address addr="172.16.1.41" addrtype="ipv4"/>
<hostnames>
<hostname name="PWE32INTRA01.SGBC.SOCGEN" type="PTR"/>
</hostnames>
<ports><extraports state="filtered" count="65535">
<extrareasons reason="no-response" count="65535" proto="tcp" ports="1-65535"/>
</extraports>
</ports>
</host>
<host starttime="1737465197" endtime="1737472440"><status state="up" reason="user-set" reason_ttl="0"/>
<address addr="172.16.1.42" addrtype="ipv4"/>
<hostnames>
<hostname name="CM01JRA02S.SGBC.SOCGEN" type="PTR"/>
</hostnames>
<ports><extraports state="filtered" count="65535">
<extrareasons reason="no-response" count="65535" proto="tcp" ports="1-65535"/>
</extraports>
</ports>
</host>
<host starttime="1737465197" endtime="1737472440"><status state="up" reason="user-set" reason_ttl="0"/>
<address addr="172.16.1.43" addrtype="ipv4"/>
<hostnames>
<hostname name="CM01JRA01S.SGBC.SOCGEN" type="PTR"/>
</hostnames>
<ports><extraports state="filtered" count="65535">
<extrareasons reason="no-response" count="65535" proto="tcp" ports="1-65535"/>
</extraports>
</ports>
</host>
<host starttime="1737465197" endtime="1737472439"><status state="up" reason="user-set" reason_ttl="0"/>
<address addr="172.16.1.44" addrtype="ipv4"/>
<hostnames>
<hostname name="CM01KMS01S.SGBC.SOCGEN" type="PTR"/>
</hostnames>
<ports><extraports state="filtered" count="65535">
<extrareasons reason="no-response" count="65535" proto="tcp" ports="1-65535"/>
</extraports>
</ports>
</host>
<host starttime="1737465197" endtime="1737472440"><status state="up" reason="user-set" reason_ttl="0"/>
<address addr="172.16.1.45" addrtype="ipv4"/>
<hostnames>
<hostname name="CM01GCA01S.SGBC.SOCGEN" type="PTR"/>
</hostnames>
<ports><extraports state="filtered" count="65535">
<extrareasons reason="no-response" count="65535" proto="tcp" ports="1-65535"/>
</extraports>
</ports>
</host>
<host starttime="1737465197" endtime="1737472441"><status state="up" reason="user-set" reason_ttl="0"/>
<address addr="172.16.1.49" addrtype="ipv4"/>
<hostnames>
</hostnames>
<ports><extraports state="filtered" count="65535">
<extrareasons reason="no-response" count="65535" proto="tcp" ports="1-65535"/>
</extraports>
</ports>
</host>
<runstats><finished time="1737472441" timestr="Tue Jan 21 16:14:01 2025" summary="Nmap done at Tue Jan 21 16:14:01 2025; 20 IP addresses (20 hosts up) scanned in 9607.91 seconds" elapsed="9607.91" exit="success"/><hosts up="20" down="0" total="20"/>
</runstats>
</nmaprun>
