<?xml version="1.0" encoding="UTF-8"?>
<!DOCTYPE nmaprun>
<?xml-stylesheet href="file:///C:/Program Files (x86)/Nmap/nmap.xsl" type="text/xsl"?>
<!-- Nmap 7.95 scan initiated Tue Jan 21 13:33:43 2025 as: &quot;C:\\Program Files (x86)\\Nmap\\nmap.exe&quot; -sS -Pn -p- -T4 -iL output\\scope24.txt -oA output\\open_port_scope24 -&#45;max-rtt-timeout 100ms -&#45;max-retries 3 -&#45;defeat-rst-ratelimit -&#45;min-rate 450 -&#45;max-rate 15000 -->
<nmaprun scanner="nmap" args="&quot;C:\\Program Files (x86)\\Nmap\\nmap.exe&quot; -sS -Pn -p- -T4 -iL output\\scope24.txt -oA output\\open_port_scope24 -&#45;max-rtt-timeout 100ms -&#45;max-retries 3 -&#45;defeat-rst-ratelimit -&#45;min-rate 450 -&#45;max-rate 15000" start="1737462823" startstr="Tue Jan 21 13:33:43 2025" version="7.95" xmloutputversion="1.05">
<scaninfo type="syn" protocol="tcp" numservices="65535" services="1-65535"/>
<verbose level="0"/>
<debugging level="0"/>
<host starttime="1737462840" endtime="1737467015"><status state="up" reason="user-set" reason_ttl="0"/>
<address addr="10.50.54.1" addrtype="ipv4"/>
<hostnames>
</hostnames>
<ports><extraports state="filtered" count="65535">
<extrareasons reason="no-response" count="65535" proto="tcp" ports="1-65535"/>
</extraports>
</ports>
</host>
<host starttime="1737462840" endtime="1737467015"><status state="up" reason="user-set" reason_ttl="0"/>
<address addr="10.50.55.1" addrtype="ipv4"/>
<hostnames>
</hostnames>
<ports><extraports state="filtered" count="65535">
<extrareasons reason="no-response" count="65535" proto="tcp" ports="1-65535"/>
</extraports>
</ports>
</host>
<host starttime="1737462840" endtime="1737467011"><status state="up" reason="user-set" reason_ttl="0"/>
<address addr="10.50.55.3" addrtype="ipv4"/>
<hostnames>
</hostnames>
<ports><extraports state="filtered" count="65535">
<extrareasons reason="no-response" count="65535" proto="tcp" ports="1-65535"/>
</extraports>
</ports>
</host>
<host starttime="1737462840" endtime="1737467015"><status state="up" reason="user-set" reason_ttl="0"/>
<address addr="10.50.57.2" addrtype="ipv4"/>
<hostnames>
</hostnames>
<ports><extraports state="filtered" count="65535">
<extrareasons reason="no-response" count="65535" proto="tcp" ports="1-65535"/>
</extraports>
</ports>
</host>
<host starttime="1737462840" endtime="1737467015"><status state="up" reason="user-set" reason_ttl="0"/>
<address addr="10.50.58.1" addrtype="ipv4"/>
<hostnames>
</hostnames>
<ports><extraports state="filtered" count="65535">
<extrareasons reason="no-response" count="65535" proto="tcp" ports="1-65535"/>
</extraports>
</ports>
</host>
<host starttime="1737462840" endtime="1737467011"><status state="up" reason="user-set" reason_ttl="0"/>
<address addr="10.50.58.2" addrtype="ipv4"/>
<hostnames>
</hostnames>
<ports><extraports state="filtered" count="65535">
<extrareasons reason="no-response" count="65535" proto="tcp" ports="1-65535"/>
</extraports>
</ports>
</host>
<host starttime="1737462840" endtime="1737467015"><status state="up" reason="user-set" reason_ttl="0"/>
<address addr="10.50.58.3" addrtype="ipv4"/>
<hostnames>
</hostnames>
<ports><extraports state="filtered" count="65535">
<extrareasons reason="no-response" count="65535" proto="tcp" ports="1-65535"/>
</extraports>
</ports>
</host>
<host starttime="1737462840" endtime="1737467015"><status state="up" reason="user-set" reason_ttl="0"/>
<address addr="10.50.6.1" addrtype="ipv4"/>
<hostnames>
</hostnames>
<ports><extraports state="filtered" count="65535">
<extrareasons reason="no-response" count="65535" proto="tcp" ports="1-65535"/>
</extraports>
</ports>
</host>
<taskprogress task="SYN Stealth Scan" time="1737467352" percent="3.80" remaining="8525" etc="1737475877"/>
<taskprogress task="SYN Stealth Scan" time="1737469322" percent="36.22" remaining="4064" etc="1737473385"/>
<host starttime="1737467015" endtime="1737472953"><status state="up" reason="user-set" reason_ttl="0"/>
<address addr="10.50.60.1" addrtype="ipv4"/>
<hostnames>
</hostnames>
<ports><extraports state="filtered" count="65535">
<extrareasons reason="no-response" count="65535" proto="tcp" ports="1-65535"/>
</extraports>
</ports>
</host>
<host starttime="1737467015" endtime="1737472953"><status state="up" reason="user-set" reason_ttl="0"/>
<address addr="10.50.7.1" addrtype="ipv4"/>
<hostnames>
</hostnames>
<ports><extraports state="filtered" count="65535">
<extrareasons reason="no-response" count="65535" proto="tcp" ports="1-65535"/>
</extraports>
</ports>
</host>
<host starttime="1737467015" endtime="1737472953"><status state="up" reason="user-set" reason_ttl="0"/>
<address addr="10.50.7.2" addrtype="ipv4"/>
<hostnames>
</hostnames>
<ports><extraports state="filtered" count="65535">
<extrareasons reason="no-response" count="65535" proto="tcp" ports="1-65535"/>
</extraports>
</ports>
</host>
<host starttime="1737467015" endtime="1737472953"><status state="up" reason="user-set" reason_ttl="0"/>
<address addr="10.50.8.1" addrtype="ipv4"/>
<hostnames>
</hostnames>
<ports><extraports state="filtered" count="65535">
<extrareasons reason="no-response" count="65535" proto="tcp" ports="1-65535"/>
</extraports>
</ports>
</host>
<host starttime="1737467015" endtime="1737472953"><status state="up" reason="user-set" reason_ttl="0"/>
<address addr="10.50.8.2" addrtype="ipv4"/>
<hostnames>
</hostnames>
<ports><extraports state="filtered" count="65535">
<extrareasons reason="no-response" count="65535" proto="tcp" ports="1-65535"/>
</extraports>
</ports>
</host>
<host starttime="1737467015" endtime="1737472953"><status state="up" reason="user-set" reason_ttl="0"/>
<address addr="10.51.123.2" addrtype="ipv4"/>
<hostnames>
</hostnames>
<ports><extraports state="filtered" count="65535">
<extrareasons reason="no-response" count="65535" proto="tcp" ports="1-65535"/>
</extraports>
</ports>
</host>
<host starttime="1737467015" endtime="1737472953"><status state="up" reason="user-set" reason_ttl="0"/>
<address addr="10.51.250.1" addrtype="ipv4"/>
<hostnames>
</hostnames>
<ports><extraports state="filtered" count="65535">
<extrareasons reason="no-response" count="65535" proto="tcp" ports="1-65535"/>
</extraports>
</ports>
</host>
<host starttime="1737467015" endtime="1737472953"><status state="up" reason="user-set" reason_ttl="0"/>
<address addr="10.51.250.2" addrtype="ipv4"/>
<hostnames>
</hostnames>
<ports><extraports state="filtered" count="65535">
<extrareasons reason="no-response" count="65535" proto="tcp" ports="1-65535"/>
</extraports>
</ports>
</host>
<host starttime="1737467015" endtime="1737472953"><status state="up" reason="user-set" reason_ttl="0"/>
<address addr="10.6.123.1" addrtype="ipv4"/>
<hostnames>
</hostnames>
<ports><extraports state="filtered" count="65535">
<extrareasons reason="no-response" count="65535" proto="tcp" ports="1-65535"/>
</extraports>
</ports>
</host>
<host starttime="1737467015" endtime="1737472953"><status state="up" reason="user-set" reason_ttl="0"/>
<address addr="10.6.123.2" addrtype="ipv4"/>
<hostnames>
</hostnames>
<ports><extraports state="filtered" count="65535">
<extrareasons reason="no-response" count="65535" proto="tcp" ports="1-65535"/>
</extraports>
</ports>
</host>
<host starttime="1737467015" endtime="1737472953"><status state="up" reason="user-set" reason_ttl="0"/>
<address addr="10.6.250.11" addrtype="ipv4"/>
<hostnames>
</hostnames>
<ports><extraports state="filtered" count="65535">
<extrareasons reason="no-response" count="65535" proto="tcp" ports="1-65535"/>
</extraports>
</ports>
</host>
<host starttime="1737467015" endtime="1737472953"><status state="up" reason="user-set" reason_ttl="0"/>
<address addr="10.6.250.2" addrtype="ipv4"/>
<hostnames>
</hostnames>
<ports><extraports state="filtered" count="65535">
<extrareasons reason="no-response" count="65535" proto="tcp" ports="1-65535"/>
</extraports>
</ports>
</host>
<runstats><finished time="1737472953" timestr="Tue Jan 21 16:22:33 2025" summary="Nmap done at Tue Jan 21 16:22:33 2025; 20 IP addresses (20 hosts up) scanned in 10130.26 seconds" elapsed="10130.26" exit="success"/><hosts up="20" down="0" total="20"/>
</runstats>
</nmaprun>
