<?xml version="1.0" encoding="UTF-8"?>
<!DOCTYPE nmaprun>
<?xml-stylesheet href="file:///C:/Program Files (x86)/Nmap/nmap.xsl" type="text/xsl"?>
<!-- Nmap 7.95 scan initiated Tue Jan 21 13:33:59 2025 as: &quot;C:\\Program Files (x86)\\Nmap\\nmap.exe&quot; -sS -Pn -p- -T4 -iL output\\scope31.txt -oA output\\open_port_scope31 -&#45;max-rtt-timeout 100ms -&#45;max-retries 3 -&#45;defeat-rst-ratelimit -&#45;min-rate 450 -&#45;max-rate 15000 -->
<nmaprun scanner="nmap" args="&quot;C:\\Program Files (x86)\\Nmap\\nmap.exe&quot; -sS -Pn -p- -T4 -iL output\\scope31.txt -oA output\\open_port_scope31 -&#45;max-rtt-timeout 100ms -&#45;max-retries 3 -&#45;defeat-rst-ratelimit -&#45;min-rate 450 -&#45;max-rate 15000" start="1737462839" startstr="Tue Jan 21 13:33:59 2025" version="7.95" xmloutputversion="1.05">
<scaninfo type="syn" protocol="tcp" numservices="65535" services="1-65535"/>
<verbose level="0"/>
<debugging level="0"/>
<host starttime="1737462856" endtime="1737465430"><status state="up" reason="user-set" reason_ttl="0"/>
<address addr="172.16.120.16" addrtype="ipv4"/>
<hostnames>
<hostname name="PWE32RAP03.SGBC.SOCGEN" type="PTR"/>
</hostnames>
<ports><extraports state="filtered" count="65535">
<extrareasons reason="no-response" count="65535" proto="tcp" ports="1-65535"/>
</extraports>
</ports>
</host>
<host starttime="1737462856" endtime="1737465427"><status state="up" reason="user-set" reason_ttl="0"/>
<address addr="172.16.202.1" addrtype="ipv4"/>
<hostnames>
</hostnames>
<ports><extraports state="filtered" count="65535">
<extrareasons reason="no-response" count="65535" proto="tcp" ports="1-65535"/>
</extraports>
</ports>
</host>
<host starttime="1737462856" endtime="1737465425"><status state="up" reason="user-set" reason_ttl="0"/>
<address addr="172.16.202.141" addrtype="ipv4"/>
<hostnames>
</hostnames>
<ports><extraports state="filtered" count="65535">
<extrareasons reason="no-response" count="65535" proto="tcp" ports="1-65535"/>
</extraports>
</ports>
</host>
<host starttime="1737462856" endtime="1737465426"><status state="up" reason="user-set" reason_ttl="0"/>
<address addr="172.16.202.2" addrtype="ipv4"/>
<hostnames>
</hostnames>
<ports><extraports state="filtered" count="65535">
<extrareasons reason="no-response" count="65535" proto="tcp" ports="1-65535"/>
</extraports>
</ports>
</host>
<host starttime="1737462856" endtime="1737465434"><status state="up" reason="user-set" reason_ttl="0"/>
<address addr="172.16.202.3" addrtype="ipv4"/>
<hostnames>
</hostnames>
<ports><extraports state="filtered" count="65534">
<extrareasons reason="no-response" count="65534" proto="tcp" ports="1-442,444-65535"/>
</extraports>
<port protocol="tcp" portid="443"><state state="open" reason="syn-ack" reason_ttl="121"/><service name="https" method="table" conf="3"/></port>
</ports>
<times srtt="56504" rttvar="11003" to="100000"/>
</host>
<host starttime="1737462856" endtime="1737465424"><status state="up" reason="user-set" reason_ttl="0"/>
<address addr="172.16.204.130" addrtype="ipv4"/>
<hostnames>
</hostnames>
<ports><extraports state="filtered" count="65535">
<extrareasons reason="no-response" count="65535" proto="tcp" ports="1-65535"/>
</extraports>
</ports>
</host>
<host starttime="1737462856" endtime="1737465419"><status state="up" reason="user-set" reason_ttl="0"/>
<address addr="172.16.254.10" addrtype="ipv4"/>
<hostnames>
</hostnames>
<ports><extraports state="filtered" count="65534">
<extrareasons reason="no-response" count="65534" proto="tcp" ports="1-442,444-65535"/>
</extraports>
<port protocol="tcp" portid="443"><state state="open" reason="syn-ack" reason_ttl="62"/><service name="https" method="table" conf="3"/></port>
</ports>
<times srtt="53911" rttvar="1600" to="100000"/>
</host>
<host starttime="1737462856" endtime="1737465430"><status state="up" reason="user-set" reason_ttl="0"/>
<address addr="172.16.254.11" addrtype="ipv4"/>
<hostnames>
</hostnames>
<ports><extraports state="filtered" count="65535">
<extrareasons reason="no-response" count="65535" proto="tcp" ports="1-65535"/>
</extraports>
</ports>
</host>
<taskprogress task="SYN Stealth Scan" time="1737465884" percent="3.38" remaining="12863" etc="1737478746"/>
<host starttime="1737465434" endtime="1737472998"><status state="up" reason="user-set" reason_ttl="0"/>
<address addr="172.16.254.132" addrtype="ipv4"/>
<hostnames>
</hostnames>
<ports><extraports state="filtered" count="65531">
<extrareasons reason="no-response" count="65531" proto="tcp" ports="1-79,81-112,114-1999,2001-5059,5061-65535"/>
</extraports>
<port protocol="tcp" portid="80"><state state="open" reason="syn-ack" reason_ttl="126"/><service name="http" method="table" conf="3"/></port>
<port protocol="tcp" portid="113"><state state="closed" reason="reset" reason_ttl="64"/><service name="ident" method="table" conf="3"/></port>
<port protocol="tcp" portid="2000"><state state="open" reason="syn-ack" reason_ttl="64"/><service name="cisco-sccp" method="table" conf="3"/></port>
<port protocol="tcp" portid="5060"><state state="open" reason="syn-ack" reason_ttl="64"/><service name="sip" method="table" conf="3"/></port>
</ports>
<times srtt="25872" rttvar="12972" to="100000"/>
</host>
<host starttime="1737465434" endtime="1737472998"><status state="up" reason="user-set" reason_ttl="0"/>
<address addr="172.16.254.133" addrtype="ipv4"/>
<hostnames>
</hostnames>
<ports><extraports state="filtered" count="65531">
<extrareasons reason="no-response" count="65531" proto="tcp" ports="1-79,81-112,114-1999,2001-5059,5061-65535"/>
</extraports>
<port protocol="tcp" portid="80"><state state="open" reason="syn-ack" reason_ttl="126"/><service name="http" method="table" conf="3"/></port>
<port protocol="tcp" portid="113"><state state="closed" reason="reset" reason_ttl="64"/><service name="ident" method="table" conf="3"/></port>
<port protocol="tcp" portid="2000"><state state="open" reason="syn-ack" reason_ttl="64"/><service name="cisco-sccp" method="table" conf="3"/></port>
<port protocol="tcp" portid="5060"><state state="open" reason="syn-ack" reason_ttl="64"/><service name="sip" method="table" conf="3"/></port>
</ports>
<times srtt="21074" rttvar="14211" to="100000"/>
</host>
<host starttime="1737465434" endtime="1737472999"><status state="up" reason="user-set" reason_ttl="0"/>
<address addr="172.16.254.134" addrtype="ipv4"/>
<hostnames>
</hostnames>
<ports><extraports state="filtered" count="65532">
<extrareasons reason="no-response" count="65532" proto="tcp" ports="1-112,114-1999,2001-5059,5061-65535"/>
</extraports>
<port protocol="tcp" portid="113"><state state="closed" reason="reset" reason_ttl="64"/><service name="ident" method="table" conf="3"/></port>
<port protocol="tcp" portid="2000"><state state="open" reason="syn-ack" reason_ttl="64"/><service name="cisco-sccp" method="table" conf="3"/></port>
<port protocol="tcp" portid="5060"><state state="open" reason="syn-ack" reason_ttl="64"/><service name="sip" method="table" conf="3"/></port>
</ports>
<times srtt="20109" rttvar="13343" to="100000"/>
</host>
<host starttime="1737465434" endtime="1737472999"><status state="up" reason="user-set" reason_ttl="0"/>
<address addr="172.16.254.135" addrtype="ipv4"/>
<hostnames>
</hostnames>
<ports><extraports state="filtered" count="65532">
<extrareasons reason="no-response" count="65532" proto="tcp" ports="1-112,114-1999,2001-5059,5061-65535"/>
</extraports>
<port protocol="tcp" portid="113"><state state="closed" reason="reset" reason_ttl="64"/><service name="ident" method="table" conf="3"/></port>
<port protocol="tcp" portid="2000"><state state="open" reason="syn-ack" reason_ttl="64"/><service name="cisco-sccp" method="table" conf="3"/></port>
<port protocol="tcp" portid="5060"><state state="open" reason="syn-ack" reason_ttl="64"/><service name="sip" method="table" conf="3"/></port>
</ports>
<times srtt="30265" rttvar="21968" to="100000"/>
</host>
<host starttime="1737465434" endtime="1737473000"><status state="up" reason="user-set" reason_ttl="0"/>
<address addr="172.16.254.136" addrtype="ipv4"/>
<hostnames>
</hostnames>
<ports><extraports state="filtered" count="65531">
<extrareasons reason="no-response" count="65531" proto="tcp" ports="1-79,81-112,114-1999,2001-5059,5061-65535"/>
</extraports>
<port protocol="tcp" portid="80"><state state="open" reason="syn-ack" reason_ttl="126"/><service name="http" method="table" conf="3"/></port>
<port protocol="tcp" portid="113"><state state="closed" reason="reset" reason_ttl="64"/><service name="ident" method="table" conf="3"/></port>
<port protocol="tcp" portid="2000"><state state="open" reason="syn-ack" reason_ttl="64"/><service name="cisco-sccp" method="table" conf="3"/></port>
<port protocol="tcp" portid="5060"><state state="open" reason="syn-ack" reason_ttl="64"/><service name="sip" method="table" conf="3"/></port>
</ports>
<times srtt="15245" rttvar="10476" to="100000"/>
</host>
<host starttime="1737465434" endtime="1737473000"><status state="up" reason="user-set" reason_ttl="0"/>
<address addr="172.16.254.137" addrtype="ipv4"/>
<hostnames>
</hostnames>
<ports><extraports state="filtered" count="65531">
<extrareasons reason="no-response" count="65531" proto="tcp" ports="1-79,81-112,114-1999,2001-5059,5061-65535"/>
</extraports>
<port protocol="tcp" portid="80"><state state="open" reason="syn-ack" reason_ttl="62"/><service name="http" method="table" conf="3"/></port>
<port protocol="tcp" portid="113"><state state="closed" reason="reset" reason_ttl="64"/><service name="ident" method="table" conf="3"/></port>
<port protocol="tcp" portid="2000"><state state="open" reason="syn-ack" reason_ttl="64"/><service name="cisco-sccp" method="table" conf="3"/></port>
<port protocol="tcp" portid="5060"><state state="open" reason="syn-ack" reason_ttl="64"/><service name="sip" method="table" conf="3"/></port>
</ports>
<times srtt="14618" rttvar="12152" to="100000"/>
</host>
<host starttime="1737465434" endtime="1737473000"><status state="up" reason="user-set" reason_ttl="0"/>
<address addr="172.16.254.19" addrtype="ipv4"/>
<hostnames>
</hostnames>
<ports><extraports state="filtered" count="65532">
<extrareasons reason="no-response" count="65532" proto="tcp" ports="1-112,114-1999,2001-5059,5061-65535"/>
</extraports>
<port protocol="tcp" portid="113"><state state="closed" reason="reset" reason_ttl="64"/><service name="ident" method="table" conf="3"/></port>
<port protocol="tcp" portid="2000"><state state="open" reason="syn-ack" reason_ttl="64"/><service name="cisco-sccp" method="table" conf="3"/></port>
<port protocol="tcp" portid="5060"><state state="open" reason="syn-ack" reason_ttl="64"/><service name="sip" method="table" conf="3"/></port>
</ports>
<times srtt="52812" rttvar="40187" to="100000"/>
</host>
<host starttime="1737465434" endtime="1737473000"><status state="up" reason="user-set" reason_ttl="0"/>
<address addr="172.16.254.20" addrtype="ipv4"/>
<hostnames>
</hostnames>
<ports><extraports state="filtered" count="65532">
<extrareasons reason="no-response" count="65532" proto="tcp" ports="1-112,114-1999,2001-5059,5061-65535"/>
</extraports>
<port protocol="tcp" portid="113"><state state="closed" reason="reset" reason_ttl="64"/><service name="ident" method="table" conf="3"/></port>
<port protocol="tcp" portid="2000"><state state="open" reason="syn-ack" reason_ttl="64"/><service name="cisco-sccp" method="table" conf="3"/></port>
<port protocol="tcp" portid="5060"><state state="open" reason="syn-ack" reason_ttl="64"/><service name="sip" method="table" conf="3"/></port>
</ports>
<times srtt="53375" rttvar="35750" to="100000"/>
</host>
<host starttime="1737465434" endtime="1737473000"><status state="up" reason="user-set" reason_ttl="0"/>
<address addr="172.16.254.23" addrtype="ipv4"/>
<hostnames>
</hostnames>
<ports><extraports state="filtered" count="65532">
<extrareasons reason="no-response" count="65532" proto="tcp" ports="1-112,114-1999,2001-5059,5061-65535"/>
</extraports>
<port protocol="tcp" portid="113"><state state="closed" reason="reset" reason_ttl="64"/><service name="ident" method="table" conf="3"/></port>
<port protocol="tcp" portid="2000"><state state="open" reason="syn-ack" reason_ttl="64"/><service name="cisco-sccp" method="table" conf="3"/></port>
<port protocol="tcp" portid="5060"><state state="open" reason="syn-ack" reason_ttl="64"/><service name="sip" method="table" conf="3"/></port>
</ports>
<times srtt="48734" rttvar="32781" to="100000"/>
</host>
<host starttime="1737465434" endtime="1737473000"><status state="up" reason="user-set" reason_ttl="0"/>
<address addr="172.16.254.25" addrtype="ipv4"/>
<hostnames>
</hostnames>
<ports><extraports state="filtered" count="65532">
<extrareasons reason="no-response" count="65527" proto="tcp" ports="1-22,24-79,81-112,114-512,514-1999,2001-5059,5061-5799,5801-5899,5901-65535"/>
<extrareasons reason="admin-prohibited" count="5" proto="tcp" ports="23,80,513,5800,5900"/>
</extraports>
<port protocol="tcp" portid="113"><state state="closed" reason="reset" reason_ttl="64"/><service name="ident" method="table" conf="3"/></port>
<port protocol="tcp" portid="2000"><state state="open" reason="syn-ack" reason_ttl="64"/><service name="cisco-sccp" method="table" conf="3"/></port>
<port protocol="tcp" portid="5060"><state state="open" reason="syn-ack" reason_ttl="64"/><service name="sip" method="table" conf="3"/></port>
</ports>
<times srtt="38215" rttvar="19781" to="100000"/>
</host>
<host starttime="1737465434" endtime="1737472999"><status state="up" reason="user-set" reason_ttl="0"/>
<address addr="172.16.254.28" addrtype="ipv4"/>
<hostnames>
</hostnames>
<ports><extraports state="filtered" count="65532">
<extrareasons reason="no-response" count="65532" proto="tcp" ports="1-112,114-1999,2001-5059,5061-65535"/>
</extraports>
<port protocol="tcp" portid="113"><state state="closed" reason="reset" reason_ttl="64"/><service name="ident" method="table" conf="3"/></port>
<port protocol="tcp" portid="2000"><state state="open" reason="syn-ack" reason_ttl="64"/><service name="cisco-sccp" method="table" conf="3"/></port>
<port protocol="tcp" portid="5060"><state state="open" reason="syn-ack" reason_ttl="64"/><service name="sip" method="table" conf="3"/></port>
</ports>
<times srtt="37250" rttvar="23812" to="100000"/>
</host>
<host starttime="1737465434" endtime="1737472998"><status state="up" reason="user-set" reason_ttl="0"/>
<address addr="172.16.254.29" addrtype="ipv4"/>
<hostnames>
</hostnames>
<ports><extraports state="filtered" count="65532">
<extrareasons reason="no-response" count="65532" proto="tcp" ports="1-112,114-1999,2001-5059,5061-65535"/>
</extraports>
<port protocol="tcp" portid="113"><state state="closed" reason="reset" reason_ttl="64"/><service name="ident" method="table" conf="3"/></port>
<port protocol="tcp" portid="2000"><state state="open" reason="syn-ack" reason_ttl="64"/><service name="cisco-sccp" method="table" conf="3"/></port>
<port protocol="tcp" portid="5060"><state state="open" reason="syn-ack" reason_ttl="64"/><service name="sip" method="table" conf="3"/></port>
</ports>
<times srtt="32734" rttvar="22343" to="100000"/>
</host>
<runstats><finished time="1737473000" timestr="Tue Jan 21 16:23:20 2025" summary="Nmap done at Tue Jan 21 16:23:20 2025; 20 IP addresses (20 hosts up) scanned in 10161.64 seconds" elapsed="10161.64" exit="success"/><hosts up="20" down="0" total="20"/>
</runstats>
</nmaprun>
