<?xml version="1.0" encoding="UTF-8"?>
<!DOCTYPE nmaprun>
<?xml-stylesheet href="file:///C:/Program Files (x86)/Nmap/nmap.xsl" type="text/xsl"?>
<!-- Nmap 7.95 scan initiated Tue Jan 21 13:33:29 2025 as: &quot;C:\\Program Files (x86)\\Nmap\\nmap.exe&quot; -sS -Pn -p- -T4 -iL output\\scope18.txt -oA output\\open_port_scope18 -&#45;max-rtt-timeout 100ms -&#45;max-retries 3 -&#45;defeat-rst-ratelimit -&#45;min-rate 450 -&#45;max-rate 15000 -->
<nmaprun scanner="nmap" args="&quot;C:\\Program Files (x86)\\Nmap\\nmap.exe&quot; -sS -Pn -p- -T4 -iL output\\scope18.txt -oA output\\open_port_scope18 -&#45;max-rtt-timeout 100ms -&#45;max-retries 3 -&#45;defeat-rst-ratelimit -&#45;min-rate 450 -&#45;max-rate 15000" start="1737462809" startstr="Tue Jan 21 13:33:29 2025" version="7.95" xmloutputversion="1.05">
<scaninfo type="syn" protocol="tcp" numservices="65535" services="1-65535"/>
<verbose level="0"/>
<debugging level="0"/>
<host starttime="1737462826" endtime="1737465118"><status state="up" reason="user-set" reason_ttl="0"/>
<address addr="10.50.0.57" addrtype="ipv4"/>
<hostnames>
</hostnames>
<ports><extraports state="filtered" count="65535">
<extrareasons reason="no-response" count="65535" proto="tcp" ports="1-65535"/>
</extraports>
</ports>
</host>
<host starttime="1737462826" endtime="1737465118"><status state="up" reason="user-set" reason_ttl="0"/>
<address addr="10.50.0.58" addrtype="ipv4"/>
<hostnames>
</hostnames>
<ports><extraports state="filtered" count="65535">
<extrareasons reason="no-response" count="65535" proto="tcp" ports="1-65535"/>
</extraports>
</ports>
</host>
<host starttime="1737462826" endtime="1737465118"><status state="up" reason="user-set" reason_ttl="0"/>
<address addr="10.50.0.59" addrtype="ipv4"/>
<hostnames>
</hostnames>
<ports><extraports state="filtered" count="65535">
<extrareasons reason="no-response" count="65535" proto="tcp" ports="1-65535"/>
</extraports>
</ports>
</host>
<host starttime="1737462826" endtime="1737465118"><status state="up" reason="user-set" reason_ttl="0"/>
<address addr="10.50.0.6" addrtype="ipv4"/>
<hostnames>
</hostnames>
<ports><extraports state="filtered" count="65495">
<extrareasons reason="no-response" count="65495" proto="tcp" ports="1-16,18-255,257-263,265-442,444-478,480-585,587-1079,1081-1642,1644-1722,1724-5117,5119-5266,5268-5584,5586-6591,6593-8415,8417-10349,10351-13430,13432-14148,14150-17040,17042-18230,18232-18233,18235-19584,19586-21202,21204-21413,21415-22349,22351-30419,30421-37499,37501-38539,38541-39966,39968-42417,42419-46566,46568-53250,53252-53765,53767-54682,54684-54773,54775-56155,56157-57807,57809-59516,59518-59676,59678-61162,61164-62694,62696-65535"/>
</extraports>
<extraports state="closed" count="39">
<extrareasons reason="reset" count="39" proto="tcp" ports="17,256,264,479,586,1080,1643,1723,5118,5267,5585,6592,8416,10350,13431,14149,17041,18231,18234,19585,21203,21414,22350,30420,37500,38540,39967,42418,46567,53251,53766,54683,54774,56156,57808,59517,59677,61163,62695"/>
</extraports>
<port protocol="tcp" portid="443"><state state="open" reason="syn-ack" reason_ttl="63"/><service name="https" method="table" conf="3"/></port>
</ports>
<times srtt="50188" rttvar="322" to="100000"/>
</host>
<host starttime="1737462826" endtime="1737465119"><status state="up" reason="user-set" reason_ttl="0"/>
<address addr="10.50.0.60" addrtype="ipv4"/>
<hostnames>
</hostnames>
<ports><extraports state="filtered" count="65496">
<extrareasons reason="no-response" count="65496" proto="tcp" ports="1-16,18-255,257-263,265-442,444-466,468-585,587-864,866-910,912-1079,1081-1722,1724-2625,2627-5748,5750-10844,10846-10997,10999-11685,11687-16958,16960-18230,18232-18233,18235-26528,26530-29739,29741-30177,30179-32551,32553-35305,35307-35998,36000-36323,36325-37343,37345-37678,37680-41056,41058-47818,47820-49226,49228-51132,51134-51752,51754-52399,52401-52744,52746-53836,53838-56067,56069-59290,59292-62926,62928-63098,63100-65535"/>
</extraports>
<extraports state="closed" count="38">
<extrareasons reason="reset" count="38" proto="tcp" ports="17,256,264,467,586,865,911,1080,1723,2626,5749,10845,10998,11686,16959,18231,18234,26529,29740,30178,32552,35306,35999,36324,37344,37679,41057,47819,49227,51133,51753,52400,52745,53837,56068,59291,62927,63099"/>
</extraports>
<port protocol="tcp" portid="443"><state state="open" reason="syn-ack" reason_ttl="63"/><service name="https" method="table" conf="3"/></port>
</ports>
<times srtt="49883" rttvar="210" to="100000"/>
</host>
<host starttime="1737462826" endtime="1737465118"><status state="up" reason="user-set" reason_ttl="0"/>
<address addr="10.50.0.61" addrtype="ipv4"/>
<hostnames>
</hostnames>
<ports><extraports state="filtered" count="65498">
<extrareasons reason="no-response" count="65498" proto="tcp" ports="1-16,18-255,257-263,265-442,444-585,587-1079,1081-1722,1724-2091,2093-4740,4742-5693,5695-8337,8339-10819,10821-14902,14904-15125,15127-16538,16540-17924,17926-18230,18232-18233,18235-19220,19222-19592,19594-20245,20247-22821,22823-30593,30595-34861,34863-35777,35779-38466,38468-40047,40049-46317,46319-48575,48577-48727,48729-49828,49830-50337,50339-53575,53577-54795,54797-56637,56639-61017,61019-61725,61727-65535"/>
</extraports>
<extraports state="closed" count="36">
<extrareasons reason="reset" count="36" proto="tcp" ports="17,256,264,586,1080,1723,2092,4741,5694,8338,10820,14903,15126,16539,17925,18231,18234,19221,19593,20246,22822,30594,34862,35778,38467,40048,46318,48576,48728,49829,50338,53576,54796,56638,61018,61726"/>
</extraports>
<port protocol="tcp" portid="443"><state state="open" reason="syn-ack" reason_ttl="63"/><service name="https" method="table" conf="3"/></port>
</ports>
<times srtt="50494" rttvar="535" to="100000"/>
</host>
<host starttime="1737462826" endtime="1737465117"><status state="up" reason="user-set" reason_ttl="0"/>
<address addr="10.50.0.62" addrtype="ipv4"/>
<hostnames>
</hostnames>
<ports><extraports state="filtered" count="65535">
<extrareasons reason="no-response" count="65535" proto="tcp" ports="1-65535"/>
</extraports>
</ports>
</host>
<host starttime="1737462826" endtime="1737465118"><status state="up" reason="user-set" reason_ttl="0"/>
<address addr="10.50.0.63" addrtype="ipv4"/>
<hostnames>
</hostnames>
<ports><extraports state="filtered" count="65535">
<extrareasons reason="no-response" count="65535" proto="tcp" ports="1-65535"/>
</extraports>
</ports>
</host>
<taskprogress task="SYN Stealth Scan" time="1737467361" percent="34.23" remaining="4308" etc="1737471669"/>
<taskprogress task="SYN Stealth Scan" time="1737467830" percent="40.13" remaining="4045" etc="1737471875"/>
<taskprogress task="SYN Stealth Scan" time="1737467830" percent="40.13" remaining="4045" etc="1737471874"/>
<taskprogress task="SYN Stealth Scan" time="1737468097" percent="45.18" remaining="3614" etc="1737471711"/>
<host starttime="1737465119" endtime="1737472298"><status state="up" reason="user-set" reason_ttl="0"/>
<address addr="10.50.0.7" addrtype="ipv4"/>
<hostnames>
</hostnames>
<ports><extraports state="filtered" count="65479">
<extrareasons reason="no-response" count="65479" proto="tcp" ports="1-16,18-255,257-263,265-442,444-585,587-1079,1081-1449,1451-1722,1724-1819,1821-2598,2600-2634,2636-3713,3715-4273,4275-4551,4553-5159,5161-5251,5253-6813,6815-7377,7379-10004,10006-10514,10516-15041,15043-16885,16887-18230,18232-18233,18235-21515,21517-23812,23814-23906,23908-26815,26817-26995,26997-27776,27778-31038,31040-36135,36137-36276,36278-36877,36879-37578,37580-42847,42849-43009,43011-43742,43744-49438,49440-50491,50493-50842,50844-51293,51295-51820,51822-52164,52166-52340,52342-53258,53260-53279,53281-54014,54016-54030,54032-54126,54128-54600,54602-55879,55881-56298,56300-57212,57214-59190,59192-59717,59719-65535"/>
</extraports>
<extraports state="closed" count="55">
<extrareasons reason="reset" count="55" proto="tcp" ports="17,256,264,586,1080,1450,1723,1820,2599,2635,3714,4274,4552,5160,5252,6814,7378,10005,10515,15042,16886,18231,18234,21516,23813,23907,26816,26996,27777,31039,36136,36277,36878,37579,42848,43010,43743,49439,50492,50843,51294,51821,52165,52341,53259,53280,54015,54031,54127,54601,55880,56299,57213,59191,59718"/>
</extraports>
<port protocol="tcp" portid="443"><state state="open" reason="syn-ack" reason_ttl="63"/><service name="https" method="table" conf="3"/></port>
</ports>
<times srtt="53683" rttvar="2444" to="100000"/>
</host>
<host starttime="1737465119" endtime="1737472297"><status state="up" reason="user-set" reason_ttl="0"/>
<address addr="10.50.0.70" addrtype="ipv4"/>
<hostnames>
</hostnames>
<ports><extraports state="filtered" count="65535">
<extrareasons reason="no-response" count="65535" proto="tcp" ports="1-65535"/>
</extraports>
</ports>
</host>
<host starttime="1737465119" endtime="1737472297"><status state="up" reason="user-set" reason_ttl="0"/>
<address addr="10.50.0.71" addrtype="ipv4"/>
<hostnames>
</hostnames>
<ports><extraports state="filtered" count="65535">
<extrareasons reason="no-response" count="65535" proto="tcp" ports="1-65535"/>
</extraports>
</ports>
</host>
<host starttime="1737465119" endtime="1737472290"><status state="up" reason="user-set" reason_ttl="0"/>
<address addr="10.50.0.72" addrtype="ipv4"/>
<hostnames>
</hostnames>
<ports><extraports state="filtered" count="65535">
<extrareasons reason="no-response" count="65535" proto="tcp" ports="1-65535"/>
</extraports>
</ports>
</host>
<host starttime="1737465119" endtime="1737472291"><status state="up" reason="user-set" reason_ttl="0"/>
<address addr="10.50.0.73" addrtype="ipv4"/>
<hostnames>
</hostnames>
<ports><extraports state="filtered" count="65480">
<extrareasons reason="no-response" count="65480" proto="tcp" ports="1-16,18-255,257-263,265-442,444-585,587-1079,1081-1722,1724-1915,1917-6080,6082-10859,10861-12929,12931-12941,12943-14155,14157-17285,17287-18230,18232-18233,18235-18706,18708-19712,19714-21824,21826-22398,22400-25434,25436-27070,27072-27416,27418-31859,31861-32504,32506-33453,33455-34147,34149-36268,36270-36606,36608-37337,37339-37495,37497-37527,37529-37719,37721-37844,37846-39529,39531-39612,39614-46792,46794-46941,46943-48450,48452-48755,48757-51431,51433-52968,52970-53782,53784-55150,55152-55261,55263-55721,55723-56700,56702-57492,57494-58456,58458-59647,59649-60595,60597-61370,61372-62936,62938-65119,65121-65167,65169-65535"/>
</extraports>
<extraports state="closed" count="54">
<extrareasons reason="reset" count="54" proto="tcp" ports="17,256,264,586,1080,1723,1916,6081,10860,12930,12942,14156,17286,18231,18234,18707,19713,21825,22399,25435,27071,27417,31860,32505,33454,34148,36269,36607,37338,37496,37528,37720,37845,39530,39613,46793,46942,48451,48756,51432,52969,53783,55151,55262,55722,56701,57493,58457,59648,60596,61371,62937,65120,65168"/>
</extraports>
<port protocol="tcp" portid="443"><state state="open" reason="syn-ack" reason_ttl="63"/><service name="https" method="table" conf="3"/></port>
</ports>
<times srtt="54952" rttvar="2196" to="100000"/>
</host>
<host starttime="1737465119" endtime="1737472296"><status state="up" reason="user-set" reason_ttl="0"/>
<address addr="10.50.0.74" addrtype="ipv4"/>
<hostnames>
</hostnames>
<ports><extraports state="filtered" count="65535">
<extrareasons reason="no-response" count="65535" proto="tcp" ports="1-65535"/>
</extraports>
</ports>
</host>
<host starttime="1737465119" endtime="1737472297"><status state="up" reason="user-set" reason_ttl="0"/>
<address addr="10.50.0.75" addrtype="ipv4"/>
<hostnames>
</hostnames>
<ports><extraports state="filtered" count="65485">
<extrareasons reason="no-response" count="65485" proto="tcp" ports="1-16,18-255,257-263,265-335,337-442,444-585,587-1079,1081-1722,1724-1907,1909-4251,4253-5591,5593-5664,5666-6386,6388-8813,8815-10631,10633-11073,11075-12865,12867-13379,13381-13470,13472-14854,14856-15135,15137-15392,15394-17323,17325-18230,18232-18233,18235-20492,20494-21072,21074-21327,21329-29784,29786-30369,30371-30501,30503-31816,31818-32026,32028-33587,33589-35764,35766-36140,36142-38307,38309-41377,41379-42832,42834-45632,45634-47803,47805-48200,48202-51216,51218-51503,51505-54053,54055-57792,57794-58896,58898-61234,61236-62921,62923-65057,65059-65535"/>
</extraports>
<extraports state="closed" count="49">
<extrareasons reason="reset" count="49" proto="tcp" ports="17,256,264,336,586,1080,1723,1908,4252,5592,5665,6387,8814,10632,11074,12866,13380,13471,14855,15136,15393,17324,18231,18234,20493,21073,21328,29785,30370,30502,31817,32027,33588,35765,36141,38308,41378,42833,45633,47804,48201,51217,51504,54054,57793,58897,61235,62922,65058"/>
</extraports>
<port protocol="tcp" portid="443"><state state="open" reason="syn-ack" reason_ttl="63"/><service name="https" method="table" conf="3"/></port>
</ports>
<times srtt="47890" rttvar="2726" to="100000"/>
</host>
<host starttime="1737465119" endtime="1737472298"><status state="up" reason="user-set" reason_ttl="0"/>
<address addr="10.50.0.76" addrtype="ipv4"/>
<hostnames>
</hostnames>
<ports><extraports state="filtered" count="65535">
<extrareasons reason="no-response" count="65534" proto="tcp" ports="1-18230,18232-65535"/>
<extrareasons reason="host-unreach" count="1" proto="tcp" ports="18231"/>
</extraports>
</ports>
<times srtt="1026000" rttvar="1026000" to="100000"/>
</host>
<host starttime="1737465119" endtime="1737472297"><status state="up" reason="user-set" reason_ttl="0"/>
<address addr="10.50.0.8" addrtype="ipv4"/>
<hostnames>
</hostnames>
<ports><extraports state="filtered" count="65482">
<extrareasons reason="no-response" count="65482" proto="tcp" ports="1-16,18-255,257-263,265-409,411-442,444-585,587-1079,1081-1449,1451-1722,1724-1980,1982-2634,2636-4538,4540-4551,4553-5261,5263-6813,6815-7377,7379-8479,8481-10004,10006-10813,10815-15041,15043-18230,18232-18233,18235-23266,23268-23812,23814-25183,25185-26815,26817-27776,27778-31352,31354-32091,32093-36135,36137-36388,36390-36877,36879-37868,37870-40491,40493-41798,41800-46530,46532-50491,50493-50842,50844-51293,51295-51820,51822-53178,53180-53279,53281-53371,53373-54126,54128-54236,54238-54728,54730-55653,55655-55956,55958-59717,59719-60258,60260-61636,61638-62433,62435-63855,63857-65535"/>
</extraports>
<extraports state="closed" count="52">
<extrareasons reason="reset" count="52" proto="tcp" ports="17,256,264,410,586,1080,1450,1723,1981,2635,4539,4552,5262,6814,7378,8480,10005,10814,15042,18231,18234,23267,23813,25184,26816,27777,31353,32092,36136,36389,36878,37869,40492,41799,46531,50492,50843,51294,51821,53179,53280,53372,54127,54237,54729,55654,55957,59718,60259,61637,62434,63856"/>
</extraports>
<port protocol="tcp" portid="443"><state state="open" reason="syn-ack" reason_ttl="63"/><service name="https" method="table" conf="3"/></port>
</ports>
<times srtt="53187" rttvar="1840" to="100000"/>
</host>
<host starttime="1737465119" endtime="1737472297"><status state="up" reason="user-set" reason_ttl="0"/>
<address addr="10.50.0.80" addrtype="ipv4"/>
<hostnames>
</hostnames>
<ports><extraports state="filtered" count="65479">
<extrareasons reason="no-response" count="65479" proto="tcp" ports="1-16,18-255,257-263,265-442,444-585,587-1079,1081-1449,1451-1722,1724-1819,1821-1980,1982-2634,2636-3713,3715-4273,4275-4551,4553-5159,5161-5251,5253-6813,6815-7377,7379-10004,10006-10514,10516-15041,15043-16885,16887-18230,18232-18233,18235-21515,21517-23812,23814-23906,23908-26815,26817-26995,26997-27776,27778-31038,31040-36135,36137-36877,36879-37578,37580-40491,40493-42847,42849-43009,43011-43742,43744-49438,49440-50491,50493-50842,50844-51293,51295-51820,51822-52164,52166-52340,52342-53258,53260-53279,53281-54014,54016-54126,54128-54600,54602-54728,54730-55879,55881-56298,56300-57212,57214-59190,59192-59717,59719-65535"/>
</extraports>
<extraports state="closed" count="55">
<extrareasons reason="reset" count="55" proto="tcp" ports="17,256,264,586,1080,1450,1723,1820,1981,2635,3714,4274,4552,5160,5252,6814,7378,10005,10515,15042,16886,18231,18234,21516,23813,23907,26816,26996,27777,31039,36136,36878,37579,40492,42848,43010,43743,49439,50492,50843,51294,51821,52165,52341,53259,53280,54015,54127,54601,54729,55880,56299,57213,59191,59718"/>
</extraports>
<port protocol="tcp" portid="443"><state state="open" reason="syn-ack" reason_ttl="63"/><service name="https" method="table" conf="3"/></port>
</ports>
<times srtt="54067" rttvar="2065" to="100000"/>
</host>
<host starttime="1737465119" endtime="1737472284"><status state="up" reason="user-set" reason_ttl="0"/>
<address addr="10.50.0.82" addrtype="ipv4"/>
<hostnames>
</hostnames>
<ports><extraports state="filtered" count="65484">
<extrareasons reason="no-response" count="65484" proto="tcp" ports="1-16,18-255,257-263,265-442,444-585,587-863,865-963,965-1079,1081-1445,1447-1722,1724-2255,2257-2300,2302-3862,3864-6905,6907-7901,7903-12383,12385-12689,12691-14131,14133-14250,14252-14524,14526-14808,14810-15960,15962-16093,16095-18230,18232-18233,18235-23502,23504-23582,23584-26647,26649-28019,28021-30955,30957-31761,31763-33947,33949-34014,34016-34816,34818-35581,35583-36335,36337-36717,36719-37524,37526-37784,37786-41077,41079-42377,42379-45853,45855-47654,47656-48519,48521-50529,50531-52999,53001-53983,53985-56263,56265-57745,57747-60112,60114-62213,62215-65535"/>
</extraports>
<extraports state="closed" count="50">
<extrareasons reason="reset" count="50" proto="tcp" ports="17,256,264,586,864,964,1080,1446,1723,2256,2301,3863,6906,7902,12384,12690,14132,14251,14525,14809,15961,16094,18231,18234,23503,23583,26648,28020,30956,31762,33948,34015,34817,35582,36336,36718,37525,37785,41078,42378,45854,47655,48520,50530,53000,53984,56264,57746,60113,62214"/>
</extraports>
<port protocol="tcp" portid="443"><state state="open" reason="syn-ack" reason_ttl="63"/><service name="https" method="table" conf="3"/></port>
</ports>
<times srtt="53667" rttvar="3170" to="100000"/>
</host>
<host starttime="1737465119" endtime="1737472284"><status state="up" reason="user-set" reason_ttl="0"/>
<address addr="10.50.0.90" addrtype="ipv4"/>
<hostnames>
</hostnames>
<ports><extraports state="filtered" count="65535">
<extrareasons reason="no-response" count="65534" proto="tcp" ports="1-18233,18235-65535"/>
<extrareasons reason="host-unreach" count="1" proto="tcp" ports="18234"/>
</extraports>
</ports>
<times srtt="494000" rttvar="428250" to="100000"/>
</host>
<runstats><finished time="1737472298" timestr="Tue Jan 21 16:11:38 2025" summary="Nmap done at Tue Jan 21 16:11:38 2025; 20 IP addresses (20 hosts up) scanned in 9488.87 seconds" elapsed="9488.87" exit="success"/><hosts up="20" down="0" total="20"/>
</runstats>
</nmaprun>
