<?xml version="1.0" encoding="UTF-8"?>
<!DOCTYPE nmaprun>
<?xml-stylesheet href="file:///C:/Program Files (x86)/Nmap/nmap.xsl" type="text/xsl"?>
<!-- Nmap 7.95 scan initiated Tue Jan 21 13:34:15 2025 as: &quot;C:\\Program Files (x86)\\Nmap\\nmap.exe&quot; -sS -Pn -p- -T4 -iL output\\scope7.txt -oA output\\open_port_scope7 -&#45;max-rtt-timeout 100ms -&#45;max-retries 3 -&#45;defeat-rst-ratelimit -&#45;min-rate 450 -&#45;max-rate 15000 -->
<nmaprun scanner="nmap" args="&quot;C:\\Program Files (x86)\\Nmap\\nmap.exe&quot; -sS -Pn -p- -T4 -iL output\\scope7.txt -oA output\\open_port_scope7 -&#45;max-rtt-timeout 100ms -&#45;max-retries 3 -&#45;defeat-rst-ratelimit -&#45;min-rate 450 -&#45;max-rate 15000" start="1737462855" startstr="Tue Jan 21 13:34:15 2025" version="7.95" xmloutputversion="1.05">
<scaninfo type="syn" protocol="tcp" numservices="65535" services="1-65535"/>
<verbose level="0"/>
<debugging level="0"/>
<taskprogress task="SYN Stealth Scan" time="1737462889" percent="0.42"/>
<taskprogress task="SYN Stealth Scan" time="1737464588" percent="41.34" remaining="2435" etc="1737467023"/>
<taskprogress task="SYN Stealth Scan" time="1737464753" percent="43.78" remaining="2416" etc="1737467168"/>
<taskprogress task="SYN Stealth Scan" time="1737466486" percent="92.76" remaining="283" etc="1737466768"/>
<taskprogress task="SYN Stealth Scan" time="1737466486" percent="92.76" remaining="283" etc="1737466768"/>
<host starttime="1737462872" endtime="1737466991"><status state="up" reason="user-set" reason_ttl="0"/>
<address addr="10.25.123.1" addrtype="ipv4"/>
<hostnames>
</hostnames>
<ports><extraports state="filtered" count="65535">
<extrareasons reason="no-response" count="65535" proto="tcp" ports="1-65535"/>
</extraports>
</ports>
</host>
<host starttime="1737462872" endtime="1737466991"><status state="up" reason="user-set" reason_ttl="0"/>
<address addr="10.25.123.2" addrtype="ipv4"/>
<hostnames>
</hostnames>
<ports><extraports state="filtered" count="65535">
<extrareasons reason="no-response" count="65535" proto="tcp" ports="1-65535"/>
</extraports>
</ports>
</host>
<host starttime="1737462872" endtime="1737466991"><status state="up" reason="user-set" reason_ttl="0"/>
<address addr="10.25.250.11" addrtype="ipv4"/>
<hostnames>
</hostnames>
<ports><extraports state="filtered" count="65535">
<extrareasons reason="no-response" count="65535" proto="tcp" ports="1-65535"/>
</extraports>
</ports>
</host>
<host starttime="1737462872" endtime="1737466991"><status state="up" reason="user-set" reason_ttl="0"/>
<address addr="10.25.250.2" addrtype="ipv4"/>
<hostnames>
</hostnames>
<ports><extraports state="filtered" count="65535">
<extrareasons reason="no-response" count="65535" proto="tcp" ports="1-65535"/>
</extraports>
</ports>
</host>
<host starttime="1737462872" endtime="1737466991"><status state="up" reason="user-set" reason_ttl="0"/>
<address addr="10.25.251.13" addrtype="ipv4"/>
<hostnames>
</hostnames>
<ports><extraports state="filtered" count="65535">
<extrareasons reason="no-response" count="65535" proto="tcp" ports="1-65535"/>
</extraports>
</ports>
</host>
<host starttime="1737462872" endtime="1737466991"><status state="up" reason="user-set" reason_ttl="0"/>
<address addr="10.25.251.14" addrtype="ipv4"/>
<hostnames>
</hostnames>
<ports><extraports state="filtered" count="65535">
<extrareasons reason="no-response" count="65535" proto="tcp" ports="1-65535"/>
</extraports>
</ports>
</host>
<host starttime="1737462872" endtime="1737466991"><status state="up" reason="user-set" reason_ttl="0"/>
<address addr="10.25.251.5" addrtype="ipv4"/>
<hostnames>
</hostnames>
<ports><extraports state="filtered" count="65535">
<extrareasons reason="no-response" count="65535" proto="tcp" ports="1-65535"/>
</extraports>
</ports>
</host>
<host starttime="1737462872" endtime="1737466991"><status state="up" reason="user-set" reason_ttl="0"/>
<address addr="10.25.251.6" addrtype="ipv4"/>
<hostnames>
</hostnames>
<ports><extraports state="filtered" count="65535">
<extrareasons reason="no-response" count="65535" proto="tcp" ports="1-65535"/>
</extraports>
</ports>
</host>
<taskprogress task="SYN Stealth Scan" time="1737467547" percent="6.99" remaining="7396" etc="1737474943"/>
<taskprogress task="SYN Stealth Scan" time="1737467547" percent="7.00" remaining="7391" etc="1737474937"/>
<taskprogress task="SYN Stealth Scan" time="1737467547" percent="7.00" remaining="7388" etc="1737474935"/>
<taskprogress task="SYN Stealth Scan" time="1737469078" percent="32.49" remaining="4337" etc="1737473414"/>
<host starttime="1737466991" endtime="1737472944"><status state="up" reason="user-set" reason_ttl="0"/>
<address addr="10.255.1.1" addrtype="ipv4"/>
<hostnames>
</hostnames>
<ports><extraports state="filtered" count="65535">
<extrareasons reason="no-response" count="65535" proto="tcp" ports="1-65535"/>
</extraports>
</ports>
</host>
<host starttime="1737466991" endtime="1737472945"><status state="up" reason="user-set" reason_ttl="0"/>
<address addr="10.255.1.2" addrtype="ipv4"/>
<hostnames>
</hostnames>
<ports><extraports state="filtered" count="65535">
<extrareasons reason="no-response" count="65535" proto="tcp" ports="1-65535"/>
</extraports>
</ports>
</host>
<host starttime="1737466991" endtime="1737472945"><status state="up" reason="user-set" reason_ttl="0"/>
<address addr="10.255.10.1" addrtype="ipv4"/>
<hostnames>
</hostnames>
<ports><extraports state="filtered" count="65535">
<extrareasons reason="no-response" count="65535" proto="tcp" ports="1-65535"/>
</extraports>
</ports>
</host>
<host starttime="1737466991" endtime="1737472944"><status state="up" reason="user-set" reason_ttl="0"/>
<address addr="10.255.10.2" addrtype="ipv4"/>
<hostnames>
</hostnames>
<ports><extraports state="filtered" count="65535">
<extrareasons reason="no-response" count="65535" proto="tcp" ports="1-65535"/>
</extraports>
</ports>
</host>
<host starttime="1737466991" endtime="1737472945"><status state="up" reason="user-set" reason_ttl="0"/>
<address addr="10.255.12.1" addrtype="ipv4"/>
<hostnames>
</hostnames>
<ports><extraports state="filtered" count="65535">
<extrareasons reason="no-response" count="65535" proto="tcp" ports="1-65535"/>
</extraports>
</ports>
</host>
<host starttime="1737466991" endtime="1737472944"><status state="up" reason="user-set" reason_ttl="0"/>
<address addr="10.255.12.2" addrtype="ipv4"/>
<hostnames>
</hostnames>
<ports><extraports state="filtered" count="65535">
<extrareasons reason="no-response" count="65535" proto="tcp" ports="1-65535"/>
</extraports>
</ports>
</host>
<host starttime="1737466991" endtime="1737472945"><status state="up" reason="user-set" reason_ttl="0"/>
<address addr="10.255.13.1" addrtype="ipv4"/>
<hostnames>
</hostnames>
<ports><extraports state="filtered" count="65535">
<extrareasons reason="no-response" count="65535" proto="tcp" ports="1-65535"/>
</extraports>
</ports>
</host>
<host starttime="1737466991" endtime="1737472945"><status state="up" reason="user-set" reason_ttl="0"/>
<address addr="10.255.13.2" addrtype="ipv4"/>
<hostnames>
</hostnames>
<ports><extraports state="filtered" count="65535">
<extrareasons reason="no-response" count="65535" proto="tcp" ports="1-65535"/>
</extraports>
</ports>
</host>
<host starttime="1737466991" endtime="1737472945"><status state="up" reason="user-set" reason_ttl="0"/>
<address addr="10.255.14.1" addrtype="ipv4"/>
<hostnames>
</hostnames>
<ports><extraports state="filtered" count="65535">
<extrareasons reason="no-response" count="65535" proto="tcp" ports="1-65535"/>
</extraports>
</ports>
</host>
<host starttime="1737466991" endtime="1737472945"><status state="up" reason="user-set" reason_ttl="0"/>
<address addr="10.255.14.2" addrtype="ipv4"/>
<hostnames>
</hostnames>
<ports><extraports state="filtered" count="65535">
<extrareasons reason="no-response" count="65535" proto="tcp" ports="1-65535"/>
</extraports>
</ports>
</host>
<host starttime="1737466991" endtime="1737472945"><status state="up" reason="user-set" reason_ttl="0"/>
<address addr="10.255.15.1" addrtype="ipv4"/>
<hostnames>
</hostnames>
<ports><extraports state="filtered" count="65535">
<extrareasons reason="no-response" count="65535" proto="tcp" ports="1-65535"/>
</extraports>
</ports>
</host>
<host starttime="1737466991" endtime="1737472944"><status state="up" reason="user-set" reason_ttl="0"/>
<address addr="10.255.15.2" addrtype="ipv4"/>
<hostnames>
</hostnames>
<ports><extraports state="filtered" count="65535">
<extrareasons reason="no-response" count="65535" proto="tcp" ports="1-65535"/>
</extraports>
</ports>
</host>
<runstats><finished time="1737472945" timestr="Tue Jan 21 16:22:25 2025" summary="Nmap done at Tue Jan 21 16:22:25 2025; 20 IP addresses (20 hosts up) scanned in 10090.51 seconds" elapsed="10090.51" exit="success"/><hosts up="20" down="0" total="20"/>
</runstats>
</nmaprun>
