<?xml version="1.0" encoding="UTF-8"?>
<!DOCTYPE nmaprun>
<?xml-stylesheet href="file:///C:/Program Files (x86)/Nmap/nmap.xsl" type="text/xsl"?>
<!-- Nmap 7.95 scan initiated Tue Jan 21 13:34:07 2025 as: &quot;C:\\Program Files (x86)\\Nmap\\nmap.exe&quot; -sS -Pn -p- -T4 -iL output\\scope35.txt -oA output\\open_port_scope35 -&#45;max-rtt-timeout 100ms -&#45;max-retries 3 -&#45;defeat-rst-ratelimit -&#45;min-rate 450 -&#45;max-rate 15000 -->
<nmaprun scanner="nmap" args="&quot;C:\\Program Files (x86)\\Nmap\\nmap.exe&quot; -sS -Pn -p- -T4 -iL output\\scope35.txt -oA output\\open_port_scope35 -&#45;max-rtt-timeout 100ms -&#45;max-retries 3 -&#45;defeat-rst-ratelimit -&#45;min-rate 450 -&#45;max-rate 15000" start="1737462847" startstr="Tue Jan 21 13:34:07 2025" version="7.95" xmloutputversion="1.05">
<scaninfo type="syn" protocol="tcp" numservices="65535" services="1-65535"/>
<verbose level="0"/>
<debugging level="0"/>
<target specification="fe80::2c66:264:b0ae:d80a" status="skipped" reason="invalid"/>
<target specification="fe80::5c65:2d19:d39c:e488" status="skipped" reason="invalid"/>
<target specification="fe80::61d4:a796:6c4d:e368" status="skipped" reason="invalid"/>
<target specification="fe80::ec6b:b20:c200:4c5e" status="skipped" reason="invalid"/>
<taskprogress task="SYN Stealth Scan" time="1737465863" percent="80.99" remaining="704" etc="1737466567"/>
<taskprogress task="SYN Stealth Scan" time="1737465863" percent="80.99" remaining="704" etc="1737466567"/>
<host starttime="1737462864" endtime="1737466731"><status state="up" reason="user-set" reason_ttl="0"/>
<address addr="193.53.2.181" addrtype="ipv4"/>
<hostnames>
<hostname name="pwe32veeprx05.sgbc.socgen" type="PTR"/>
</hostnames>
<ports><extraports state="filtered" count="65535">
<extrareasons reason="no-response" count="65535" proto="tcp" ports="1-65535"/>
</extraports>
</ports>
</host>
<host starttime="1737462864" endtime="1737466746"><status state="up" reason="user-set" reason_ttl="0"/>
<address addr="193.53.3.113" addrtype="ipv4"/>
<hostnames>
</hostnames>
<ports><extraports state="filtered" count="65535">
<extrareasons reason="no-response" count="65535" proto="tcp" ports="1-65535"/>
</extraports>
</ports>
</host>
<host starttime="1737462864" endtime="1737466747"><status state="up" reason="user-set" reason_ttl="0"/>
<address addr="193.53.4.113" addrtype="ipv4"/>
<hostnames>
</hostnames>
<ports><extraports state="filtered" count="65535">
<extrareasons reason="no-response" count="65535" proto="tcp" ports="1-65535"/>
</extraports>
</ports>
</host>
<host starttime="1737462864" endtime="1737466736"><status state="up" reason="user-set" reason_ttl="0"/>
<address addr="193.53.4.114" addrtype="ipv4"/>
<hostnames>
</hostnames>
<ports><extraports state="filtered" count="65535">
<extrareasons reason="no-response" count="65535" proto="tcp" ports="1-65535"/>
</extraports>
</ports>
</host>
<host starttime="1737462864" endtime="1737466745"><status state="up" reason="user-set" reason_ttl="0"/>
<address addr="193.53.74.99" addrtype="ipv4"/>
<hostnames>
</hostnames>
<ports><extraports state="filtered" count="65535">
<extrareasons reason="no-response" count="65515" proto="tcp" ports="1-16,18-255,257-263,265-442,444-520,522-585,587-1079,1081-1722,1724-5216,5218-14033,14035-15544,15546-17830,17832-18230,18232-18233,18235-34761,34763-36370,36372-50626,50628-53523,53525-58399,58401-58805,58807-65535"/>
<extrareasons reason="host-prohibited" count="20" proto="tcp" ports="17,256,264,443,521,586,1080,1723,5217,14034,15545,17831,18231,18234,34762,36371,50627,53524,58400,58806"/>
</extraports>
</ports>
<times srtt="29122" rttvar="18413" to="100000"/>
</host>
<host starttime="1737462864" endtime="1737466747"><status state="up" reason="user-set" reason_ttl="0"/>
<address addr="193.53.75.11" addrtype="ipv4"/>
<hostnames>
</hostnames>
<ports><extraports state="filtered" count="65535">
<extrareasons reason="no-response" count="65535" proto="tcp" ports="1-65535"/>
</extraports>
</ports>
</host>
<host starttime="1737462864" endtime="1737466747"><status state="up" reason="user-set" reason_ttl="0"/>
<address addr="193.53.75.12" addrtype="ipv4"/>
<hostnames>
<hostname name="PWE32NOVAPKI.SGBC.SOCGEN" type="PTR"/>
</hostnames>
<ports><extraports state="filtered" count="65535">
<extrareasons reason="no-response" count="65535" proto="tcp" ports="1-65535"/>
</extraports>
</ports>
</host>
<host starttime="1737462864" endtime="1737466744"><status state="up" reason="user-set" reason_ttl="0"/>
<address addr="193.53.75.13" addrtype="ipv4"/>
<hostnames>
</hostnames>
<ports><extraports state="filtered" count="65535">
<extrareasons reason="no-response" count="65535" proto="tcp" ports="1-65535"/>
</extraports>
</ports>
</host>
<taskprogress task="SYN Stealth Scan" time="1737467346" percent="19.41" remaining="2487" etc="1737469833"/>
<taskprogress task="SYN Stealth Scan" time="1737467347" percent="19.41" remaining="2491" etc="1737469838"/>
<host starttime="1737466747" endtime="1737470375"><status state="up" reason="user-set" reason_ttl="0"/>
<address addr="193.53.75.3" addrtype="ipv4"/>
<hostnames>
<hostname name="PWE32DC01.SGBC.SOCGEN" type="PTR"/>
</hostnames>
<ports><extraports state="filtered" count="65526">
<extrareasons reason="no-response" count="65526" proto="tcp" ports="1-16,18-255,257-263,265-442,444-585,587-1079,1081-1722,1724-18230,18232-18233,18235-65535"/>
</extraports>
<port protocol="tcp" portid="17"><state state="closed" reason="reset" reason_ttl="126"/><service name="qotd" method="table" conf="3"/></port>
<port protocol="tcp" portid="256"><state state="closed" reason="reset" reason_ttl="126"/><service name="fw1-secureremote" method="table" conf="3"/></port>
<port protocol="tcp" portid="264"><state state="closed" reason="reset" reason_ttl="126"/><service name="bgmp" method="table" conf="3"/></port>
<port protocol="tcp" portid="443"><state state="closed" reason="reset" reason_ttl="126"/><service name="https" method="table" conf="3"/></port>
<port protocol="tcp" portid="586"><state state="closed" reason="reset" reason_ttl="126"/><service name="password-chg" method="table" conf="3"/></port>
<port protocol="tcp" portid="1080"><state state="closed" reason="reset" reason_ttl="126"/><service name="socks" method="table" conf="3"/></port>
<port protocol="tcp" portid="1723"><state state="closed" reason="reset" reason_ttl="126"/><service name="pptp" method="table" conf="3"/></port>
<port protocol="tcp" portid="18231"><state state="closed" reason="reset" reason_ttl="126"/></port>
<port protocol="tcp" portid="18234"><state state="closed" reason="reset" reason_ttl="126"/></port>
</ports>
<times srtt="21878" rttvar="14861" to="100000"/>
</host>
<host starttime="1737466747" endtime="1737470376"><status state="up" reason="user-set" reason_ttl="0"/>
<address addr="193.53.75.4" addrtype="ipv4"/>
<hostnames>
<hostname name="PWE32DC02.SGBC.SOCGEN" type="PTR"/>
</hostnames>
<ports><extraports state="filtered" count="65535">
<extrareasons reason="no-response" count="65535" proto="tcp" ports="1-65535"/>
</extraports>
</ports>
</host>
<host starttime="1737466747" endtime="1737470365"><status state="up" reason="user-set" reason_ttl="0"/>
<address addr="193.53.75.6" addrtype="ipv4"/>
<hostnames>
<hostname name="PWE32EXCH01.SGBC.SOCGEN" type="PTR"/>
</hostnames>
<ports><extraports state="filtered" count="65534">
<extrareasons reason="no-response" count="65534" proto="tcp" ports="1-442,444-65535"/>
</extraports>
<port protocol="tcp" portid="443"><state state="open" reason="syn-ack" reason_ttl="126"/><service name="https" method="table" conf="3"/></port>
</ports>
<times srtt="54501" rttvar="1208" to="100000"/>
</host>
<host starttime="1737466747" endtime="1737470372"><status state="up" reason="user-set" reason_ttl="0"/>
<address addr="193.53.75.7" addrtype="ipv4"/>
<hostnames>
<hostname name="PWE32EXCH02.SGBC.SOCGEN" type="PTR"/>
</hostnames>
<ports><extraports state="filtered" count="65534">
<extrareasons reason="no-response" count="65534" proto="tcp" ports="1-442,444-65535"/>
</extraports>
<port protocol="tcp" portid="443"><state state="open" reason="syn-ack" reason_ttl="126"/><service name="https" method="table" conf="3"/></port>
</ports>
<times srtt="53961" rttvar="2404" to="100000"/>
</host>
<host starttime="1737466747" endtime="1737470376"><status state="up" reason="user-set" reason_ttl="0"/>
<address addr="193.53.75.8" addrtype="ipv4"/>
<hostnames>
<hostname name="PWE32ADMT01.SGBC.SOCGEN" type="PTR"/>
</hostnames>
<ports><extraports state="filtered" count="65535">
<extrareasons reason="no-response" count="65535" proto="tcp" ports="1-65535"/>
</extraports>
</ports>
</host>
<host starttime="1737466747" endtime="1737470376"><status state="up" reason="user-set" reason_ttl="0"/>
<address addr="193.53.75.9" addrtype="ipv4"/>
<hostnames>
<hostname name="PWE32WSOESC.SGBC.SOCGEN" type="PTR"/>
</hostnames>
<ports><extraports state="filtered" count="65535">
<extrareasons reason="no-response" count="65535" proto="tcp" ports="1-65535"/>
</extraports>
</ports>
</host>
<host starttime="1737466747" endtime="1737470360"><status state="up" reason="user-set" reason_ttl="0"/>
<address addr="193.53.8.3" addrtype="ipv4"/>
<hostnames>
</hostnames>
<ports><extraports state="filtered" count="65535">
<extrareasons reason="no-response" count="65535" proto="tcp" ports="1-65535"/>
</extraports>
</ports>
</host>
<runstats><finished time="1737470376" timestr="Tue Jan 21 15:39:36 2025" summary="Nmap done at Tue Jan 21 15:39:36 2025; 15 IP addresses (15 hosts up) scanned in 7529.58 seconds" elapsed="7529.58" exit="success"/><hosts up="15" down="0" total="15"/>
</runstats>
</nmaprun>
