<?xml version="1.0" encoding="UTF-8"?>
<!DOCTYPE nmaprun>
<?xml-stylesheet href="file:///C:/Program Files (x86)/Nmap/nmap.xsl" type="text/xsl"?>
<!-- Nmap 7.95 scan initiated Tue Jan 21 13:34:03 2025 as: &quot;C:\\Program Files (x86)\\Nmap\\nmap.exe&quot; -sS -Pn -p- -T4 -iL output\\scope33.txt -oA output\\open_port_scope33 -&#45;max-rtt-timeout 100ms -&#45;max-retries 3 -&#45;defeat-rst-ratelimit -&#45;min-rate 450 -&#45;max-rate 15000 -->
<nmaprun scanner="nmap" args="&quot;C:\\Program Files (x86)\\Nmap\\nmap.exe&quot; -sS -Pn -p- -T4 -iL output\\scope33.txt -oA output\\open_port_scope33 -&#45;max-rtt-timeout 100ms -&#45;max-retries 3 -&#45;defeat-rst-ratelimit -&#45;min-rate 450 -&#45;max-rate 15000" start="1737462843" startstr="Tue Jan 21 13:34:03 2025" version="7.95" xmloutputversion="1.05">
<scaninfo type="syn" protocol="tcp" numservices="65535" services="1-65535"/>
<verbose level="0"/>
<debugging level="0"/>
<taskprogress task="SYN Stealth Scan" time="1737464602" percent="50.73" remaining="1693" etc="1737466294"/>
<host starttime="1737462860" endtime="1737466234"><status state="up" reason="user-set" reason_ttl="0"/>
<address addr="172.19.254.5" addrtype="ipv4"/>
<hostnames>
<hostname name="CUC-PUB.SGBC.SOCGEN" type="PTR"/>
</hostnames>
<ports><extraports state="filtered" count="36619">
<extrareasons reason="no-response" count="36619" proto="tcp" ports="1-21,23-24,26-79,81-112,114-142,144-442,444-586,588-992,994-1999,2001-4999,5001-5059,5200-6079,6081-7079,7081-7442,7444-7992,7994-7998,8000-8024,8026-8079,8082-8142,8144-8442,8445-8499,8501-8586,8588-8992,8994-9442,9445-9559,9561-20531,20533-20535,20537-20999,21513-26999,27001-32767,61001-65535"/>
</extraports>
<extraports state="closed" count="28893">
<extrareasons reason="reset" count="28893" proto="tcp" ports="113,587,993,5061-5199,6080,7443,7993,7999,8587,8993,9443-9444,9560,21000-21512,32768-34642,34644-34806,34808-36828,36830-45552,45554-61000"/>
</extraports>
<port protocol="tcp" portid="22"><state state="open" reason="syn-ack" reason_ttl="61"/><service name="ssh" method="table" conf="3"/></port>
<port protocol="tcp" portid="25"><state state="open" reason="syn-ack" reason_ttl="61"/><service name="smtp" method="table" conf="3"/></port>
<port protocol="tcp" portid="80"><state state="open" reason="syn-ack" reason_ttl="61"/><service name="http" method="table" conf="3"/></port>
<port protocol="tcp" portid="143"><state state="open" reason="syn-ack" reason_ttl="61"/><service name="imap" method="table" conf="3"/></port>
<port protocol="tcp" portid="443"><state state="open" reason="syn-ack" reason_ttl="61"/><service name="https" method="table" conf="3"/></port>
<port protocol="tcp" portid="2000"><state state="open" reason="syn-ack" reason_ttl="64"/><service name="cisco-sccp" method="table" conf="3"/></port>
<port protocol="tcp" portid="5000"><state state="open" reason="syn-ack" reason_ttl="61"/><service name="upnp" method="table" conf="3"/></port>
<port protocol="tcp" portid="5060"><state state="open" reason="syn-ack" reason_ttl="64"/><service name="sip" method="table" conf="3"/></port>
<port protocol="tcp" portid="7080"><state state="open" reason="syn-ack" reason_ttl="61"/><service name="empowerid" method="table" conf="3"/></port>
<port protocol="tcp" portid="8025"><state state="open" reason="syn-ack" reason_ttl="61"/><service name="ca-audit-da" method="table" conf="3"/></port>
<port protocol="tcp" portid="8080"><state state="open" reason="syn-ack" reason_ttl="61"/><service name="http-proxy" method="table" conf="3"/></port>
<port protocol="tcp" portid="8081"><state state="open" reason="syn-ack" reason_ttl="61"/><service name="blackice-icecap" method="table" conf="3"/></port>
<port protocol="tcp" portid="8143"><state state="open" reason="syn-ack" reason_ttl="61"/></port>
<port protocol="tcp" portid="8443"><state state="open" reason="syn-ack" reason_ttl="61"/><service name="https-alt" method="table" conf="3"/></port>
<port protocol="tcp" portid="8444"><state state="open" reason="syn-ack" reason_ttl="61"/><service name="pcsync-http" method="table" conf="3"/></port>
<port protocol="tcp" portid="8500"><state state="open" reason="syn-ack" reason_ttl="61"/><service name="fmtp" method="table" conf="3"/></port>
<port protocol="tcp" portid="20532"><state state="open" reason="syn-ack" reason_ttl="61"/></port>
<port protocol="tcp" portid="20536"><state state="open" reason="syn-ack" reason_ttl="61"/></port>
<port protocol="tcp" portid="27000"><state state="open" reason="syn-ack" reason_ttl="61"/><service name="flexlm0" method="table" conf="3"/></port>
<port protocol="tcp" portid="34643"><state state="open" reason="syn-ack" reason_ttl="61"/></port>
<port protocol="tcp" portid="34807"><state state="open" reason="syn-ack" reason_ttl="61"/></port>
<port protocol="tcp" portid="36829"><state state="open" reason="syn-ack" reason_ttl="61"/></port>
<port protocol="tcp" portid="45553"><state state="open" reason="syn-ack" reason_ttl="61"/></port>
</ports>
<times srtt="15505" rttvar="8577" to="100000"/>
</host>
<host starttime="1737462860" endtime="1737466235"><status state="up" reason="user-set" reason_ttl="0"/>
<address addr="172.19.254.6" addrtype="ipv4"/>
<hostnames>
<hostname name="CUCM-IMP-PUB.sgbc.socgen" type="PTR"/>
</hostnames>
<ports><extraports state="filtered" count="37273">
<extrareasons reason="no-response" count="37273" proto="tcp" ports="1-6,8-21,23-79,81-112,114-442,444-1999,2001-5059,5065-5069,5071-5221,5224-5268,5270-5279,5281-7334,7337-7399,7401-8079,8090-8442,8444-8499,8501-32767,37239,48559,61001-65535"/>
</extraports>
<extraports state="closed" count="28244">
<extrareasons reason="reset" count="28244" proto="tcp" ports="7,113,5063-5064,5223,5269,7335-7336,8084-8089,32768-37238,37240-48558,48560-50019,50021-61000"/>
</extraports>
<port protocol="tcp" portid="22"><state state="open" reason="syn-ack" reason_ttl="61"/><service name="ssh" method="table" conf="3"/></port>
<port protocol="tcp" portid="80"><state state="open" reason="syn-ack" reason_ttl="61"/><service name="http" method="table" conf="3"/></port>
<port protocol="tcp" portid="443"><state state="open" reason="syn-ack" reason_ttl="61"/><service name="https" method="table" conf="3"/></port>
<port protocol="tcp" portid="2000"><state state="open" reason="syn-ack" reason_ttl="64"/><service name="cisco-sccp" method="table" conf="3"/></port>
<port protocol="tcp" portid="5060"><state state="open" reason="syn-ack" reason_ttl="64"/><service name="sip" method="table" conf="3"/></port>
<port protocol="tcp" portid="5061"><state state="open" reason="syn-ack" reason_ttl="61"/><service name="sip-tls" method="table" conf="3"/></port>
<port protocol="tcp" portid="5062"><state state="open" reason="syn-ack" reason_ttl="61"/><service name="na-localise" method="table" conf="3"/></port>
<port protocol="tcp" portid="5070"><state state="open" reason="syn-ack" reason_ttl="61"/><service name="vtsas" method="table" conf="3"/></port>
<port protocol="tcp" portid="5222"><state state="open" reason="syn-ack" reason_ttl="61"/><service name="xmpp-client" method="table" conf="3"/></port>
<port protocol="tcp" portid="5280"><state state="open" reason="syn-ack" reason_ttl="61"/><service name="xmpp-bosh" method="table" conf="3"/></port>
<port protocol="tcp" portid="7400"><state state="open" reason="syn-ack" reason_ttl="61"/><service name="rtps-discovery" method="table" conf="3"/></port>
<port protocol="tcp" portid="8080"><state state="open" reason="syn-ack" reason_ttl="61"/><service name="http-proxy" method="table" conf="3"/></port>
<port protocol="tcp" portid="8081"><state state="open" reason="syn-ack" reason_ttl="61"/><service name="blackice-icecap" method="table" conf="3"/></port>
<port protocol="tcp" portid="8082"><state state="open" reason="syn-ack" reason_ttl="61"/><service name="blackice-alerts" method="table" conf="3"/></port>
<port protocol="tcp" portid="8083"><state state="open" reason="syn-ack" reason_ttl="61"/><service name="us-srv" method="table" conf="3"/></port>
<port protocol="tcp" portid="8443"><state state="open" reason="syn-ack" reason_ttl="61"/><service name="https-alt" method="table" conf="3"/></port>
<port protocol="tcp" portid="8500"><state state="open" reason="syn-ack" reason_ttl="61"/><service name="fmtp" method="table" conf="3"/></port>
<port protocol="tcp" portid="50020"><state state="open" reason="syn-ack" reason_ttl="61"/></port>
</ports>
<times srtt="15359" rttvar="8445" to="100000"/>
</host>
<host starttime="1737462860" endtime="1737466236"><status state="up" reason="user-set" reason_ttl="0"/>
<address addr="172.29.254.4" addrtype="ipv4"/>
<hostnames>
<hostname name="CUCM-SUB2.sgbc.socgen" type="PTR"/>
</hostnames>
<ports><extraports state="filtered" count="37273">
<extrareasons reason="no-response" count="37273" proto="tcp" ports="1-21,23-79,81-112,114-442,444-1719,1721-1999,2003-2427,2429-2444,2446-2747,2749-2911,2913-5059,5061-5069,5071-5545,5548-6969,6973-8001,8004-8079,8081-8089,8091-8442,8444-8499,8501-9003,9005-9442,9445-9559,9561-32767,61001-65535"/>
</extraports>
<extraports state="closed" count="28234">
<extrareasons reason="reset" count="28234" proto="tcp" ports="113,2912,32768-41096,41098-61000"/>
</extraports>
<port protocol="tcp" portid="22"><state state="open" reason="syn-ack" reason_ttl="62"/><service name="ssh" method="table" conf="3"/></port>
<port protocol="tcp" portid="80"><state state="open" reason="syn-ack" reason_ttl="62"/><service name="http" method="table" conf="3"/></port>
<port protocol="tcp" portid="443"><state state="open" reason="syn-ack" reason_ttl="62"/><service name="https" method="table" conf="3"/></port>
<port protocol="tcp" portid="1720"><state state="open" reason="syn-ack" reason_ttl="62"/><service name="h323q931" method="table" conf="3"/></port>
<port protocol="tcp" portid="2000"><state state="open" reason="syn-ack" reason_ttl="64"/><service name="cisco-sccp" method="table" conf="3"/></port>
<port protocol="tcp" portid="2001"><state state="open" reason="syn-ack" reason_ttl="62"/><service name="dc" method="table" conf="3"/></port>
<port protocol="tcp" portid="2002"><state state="open" reason="syn-ack" reason_ttl="62"/><service name="globe" method="table" conf="3"/></port>
<port protocol="tcp" portid="2428"><state state="open" reason="syn-ack" reason_ttl="62"/><service name="ott" method="table" conf="3"/></port>
<port protocol="tcp" portid="2445"><state state="open" reason="syn-ack" reason_ttl="62"/><service name="dtn1" method="table" conf="3"/></port>
<port protocol="tcp" portid="2748"><state state="open" reason="syn-ack" reason_ttl="62"/><service name="fjippol-polsvr" method="table" conf="3"/></port>
<port protocol="tcp" portid="5060"><state state="open" reason="syn-ack" reason_ttl="64"/><service name="sip" method="table" conf="3"/></port>
<port protocol="tcp" portid="5070"><state state="open" reason="syn-ack" reason_ttl="62"/><service name="vtsas" method="table" conf="3"/></port>
<port protocol="tcp" portid="5546"><state state="open" reason="syn-ack" reason_ttl="62"/></port>
<port protocol="tcp" portid="5547"><state state="open" reason="syn-ack" reason_ttl="62"/></port>
<port protocol="tcp" portid="6970"><state state="open" reason="syn-ack" reason_ttl="62"/><service name="conductor" method="table" conf="3"/></port>
<port protocol="tcp" portid="6971"><state state="open" reason="syn-ack" reason_ttl="62"/></port>
<port protocol="tcp" portid="6972"><state state="open" reason="syn-ack" reason_ttl="62"/></port>
<port protocol="tcp" portid="8002"><state state="open" reason="syn-ack" reason_ttl="62"/><service name="teradataordbms" method="table" conf="3"/></port>
<port protocol="tcp" portid="8003"><state state="open" reason="syn-ack" reason_ttl="62"/><service name="mcreport" method="table" conf="3"/></port>
<port protocol="tcp" portid="8080"><state state="open" reason="syn-ack" reason_ttl="62"/><service name="http-proxy" method="table" conf="3"/></port>
<port protocol="tcp" portid="8090"><state state="open" reason="syn-ack" reason_ttl="62"/><service name="opsmessaging" method="table" conf="3"/></port>
<port protocol="tcp" portid="8443"><state state="open" reason="syn-ack" reason_ttl="62"/><service name="https-alt" method="table" conf="3"/></port>
<port protocol="tcp" portid="8500"><state state="open" reason="syn-ack" reason_ttl="62"/><service name="fmtp" method="table" conf="3"/></port>
<port protocol="tcp" portid="9004"><state state="open" reason="syn-ack" reason_ttl="62"/></port>
<port protocol="tcp" portid="9443"><state state="open" reason="syn-ack" reason_ttl="62"/><service name="tungsten-https" method="table" conf="3"/></port>
<port protocol="tcp" portid="9444"><state state="open" reason="syn-ack" reason_ttl="62"/><service name="wso2esb-console" method="table" conf="3"/></port>
<port protocol="tcp" portid="9560"><state state="open" reason="syn-ack" reason_ttl="62"/></port>
<port protocol="tcp" portid="41097"><state state="open" reason="syn-ack" reason_ttl="62"/></port>
</ports>
<times srtt="19166" rttvar="3941" to="100000"/>
</host>
<host starttime="1737462860" endtime="1737466235"><status state="up" reason="user-set" reason_ttl="0"/>
<address addr="172.29.254.6" addrtype="ipv4"/>
<hostnames>
<hostname name="CUCM-IMP-SUB1.sgbc.socgen" type="PTR"/>
</hostnames>
<ports><extraports state="filtered" count="37273">
<extrareasons reason="no-response" count="37273" proto="tcp" ports="1-6,8-21,23-79,81-112,114-442,444-1999,2001-5059,5065-5069,5071-5221,5224-5268,5270-5279,5281-7334,7337-7399,7401-8079,8090-8442,8444-8499,8501-32767,35457,37239,61001-65535"/>
</extraports>
<extraports state="closed" count="28244">
<extrareasons reason="reset" count="28244" proto="tcp" ports="7,113,5063-5064,5223,5269,7335-7336,8084-8089,32768-35456,35458-37238,37240-50019,50021-61000"/>
</extraports>
<port protocol="tcp" portid="22"><state state="open" reason="syn-ack" reason_ttl="62"/><service name="ssh" method="table" conf="3"/></port>
<port protocol="tcp" portid="80"><state state="open" reason="syn-ack" reason_ttl="62"/><service name="http" method="table" conf="3"/></port>
<port protocol="tcp" portid="443"><state state="open" reason="syn-ack" reason_ttl="62"/><service name="https" method="table" conf="3"/></port>
<port protocol="tcp" portid="2000"><state state="open" reason="syn-ack" reason_ttl="64"/><service name="cisco-sccp" method="table" conf="3"/></port>
<port protocol="tcp" portid="5060"><state state="open" reason="syn-ack" reason_ttl="64"/><service name="sip" method="table" conf="3"/></port>
<port protocol="tcp" portid="5061"><state state="open" reason="syn-ack" reason_ttl="62"/><service name="sip-tls" method="table" conf="3"/></port>
<port protocol="tcp" portid="5062"><state state="open" reason="syn-ack" reason_ttl="62"/><service name="na-localise" method="table" conf="3"/></port>
<port protocol="tcp" portid="5070"><state state="open" reason="syn-ack" reason_ttl="62"/><service name="vtsas" method="table" conf="3"/></port>
<port protocol="tcp" portid="5222"><state state="open" reason="syn-ack" reason_ttl="62"/><service name="xmpp-client" method="table" conf="3"/></port>
<port protocol="tcp" portid="5280"><state state="open" reason="syn-ack" reason_ttl="62"/><service name="xmpp-bosh" method="table" conf="3"/></port>
<port protocol="tcp" portid="7400"><state state="open" reason="syn-ack" reason_ttl="62"/><service name="rtps-discovery" method="table" conf="3"/></port>
<port protocol="tcp" portid="8080"><state state="open" reason="syn-ack" reason_ttl="62"/><service name="http-proxy" method="table" conf="3"/></port>
<port protocol="tcp" portid="8081"><state state="open" reason="syn-ack" reason_ttl="62"/><service name="blackice-icecap" method="table" conf="3"/></port>
<port protocol="tcp" portid="8082"><state state="open" reason="syn-ack" reason_ttl="62"/><service name="blackice-alerts" method="table" conf="3"/></port>
<port protocol="tcp" portid="8083"><state state="open" reason="syn-ack" reason_ttl="62"/><service name="us-srv" method="table" conf="3"/></port>
<port protocol="tcp" portid="8443"><state state="open" reason="syn-ack" reason_ttl="62"/><service name="https-alt" method="table" conf="3"/></port>
<port protocol="tcp" portid="8500"><state state="open" reason="syn-ack" reason_ttl="62"/><service name="fmtp" method="table" conf="3"/></port>
<port protocol="tcp" portid="50020"><state state="open" reason="syn-ack" reason_ttl="62"/></port>
</ports>
<times srtt="22861" rttvar="10860" to="100000"/>
</host>
<host starttime="1737462860" endtime="1737466240"><status state="up" reason="user-set" reason_ttl="0"/>
<address addr="192.100.25.11" addrtype="ipv4"/>
<hostnames>
</hostnames>
<ports><extraports state="filtered" count="65531">
<extrareasons reason="no-response" count="65531" proto="tcp" ports="1-79,81-112,114-1999,2001-5059,5061-65535"/>
</extraports>
<port protocol="tcp" portid="80"><state state="open" reason="syn-ack" reason_ttl="62"/><service name="http" method="table" conf="3"/></port>
<port protocol="tcp" portid="113"><state state="closed" reason="reset" reason_ttl="64"/><service name="ident" method="table" conf="3"/></port>
<port protocol="tcp" portid="2000"><state state="open" reason="syn-ack" reason_ttl="64"/><service name="cisco-sccp" method="table" conf="3"/></port>
<port protocol="tcp" portid="5060"><state state="open" reason="syn-ack" reason_ttl="64"/><service name="sip" method="table" conf="3"/></port>
</ports>
<times srtt="48160" rttvar="10446" to="100000"/>
</host>
<host starttime="1737462860" endtime="1737466228"><status state="up" reason="user-set" reason_ttl="0"/>
<address addr="192.168.0.1" addrtype="ipv4"/>
<hostnames>
</hostnames>
<ports><extraports state="filtered" count="65528">
<extrareasons reason="no-response" count="65528" proto="tcp" ports="1-22,24-112,114-512,514-1999,2001-5059,5061-5799,5801-5899,5901-65535"/>
</extraports>
<port protocol="tcp" portid="23"><state state="closed" reason="reset" reason_ttl="60"/><service name="telnet" method="table" conf="3"/></port>
<port protocol="tcp" portid="113"><state state="closed" reason="reset" reason_ttl="64"/><service name="ident" method="table" conf="3"/></port>
<port protocol="tcp" portid="513"><state state="closed" reason="reset" reason_ttl="60"/><service name="login" method="table" conf="3"/></port>
<port protocol="tcp" portid="2000"><state state="open" reason="syn-ack" reason_ttl="64"/><service name="cisco-sccp" method="table" conf="3"/></port>
<port protocol="tcp" portid="5060"><state state="open" reason="syn-ack" reason_ttl="64"/><service name="sip" method="table" conf="3"/></port>
<port protocol="tcp" portid="5800"><state state="closed" reason="reset" reason_ttl="60"/><service name="vnc-http" method="table" conf="3"/></port>
<port protocol="tcp" portid="5900"><state state="closed" reason="reset" reason_ttl="60"/><service name="vnc" method="table" conf="3"/></port>
</ports>
<times srtt="40868" rttvar="30085" to="100000"/>
</host>
<host starttime="1737462860" endtime="1737466231"><status state="up" reason="user-set" reason_ttl="0"/>
<address addr="192.168.0.2" addrtype="ipv4"/>
<hostnames>
</hostnames>
<ports><extraports state="filtered" count="65532">
<extrareasons reason="no-response" count="65532" proto="tcp" ports="1-112,114-1999,2001-5059,5061-65535"/>
</extraports>
<port protocol="tcp" portid="113"><state state="closed" reason="reset" reason_ttl="64"/><service name="ident" method="table" conf="3"/></port>
<port protocol="tcp" portid="2000"><state state="open" reason="syn-ack" reason_ttl="64"/><service name="cisco-sccp" method="table" conf="3"/></port>
<port protocol="tcp" portid="5060"><state state="open" reason="syn-ack" reason_ttl="64"/><service name="sip" method="table" conf="3"/></port>
</ports>
<times srtt="4828" rttvar="8281" to="100000"/>
</host>
<host starttime="1737462860" endtime="1737466235"><status state="up" reason="user-set" reason_ttl="0"/>
<address addr="192.168.0.5" addrtype="ipv4"/>
<hostnames>
</hostnames>
<ports><extraports state="filtered" count="65528">
<extrareasons reason="no-response" count="65528" proto="tcp" ports="1-22,24-112,114-512,514-1999,2001-5059,5061-5799,5801-5899,5901-65535"/>
</extraports>
<port protocol="tcp" portid="23"><state state="closed" reason="reset" reason_ttl="60"/><service name="telnet" method="table" conf="3"/></port>
<port protocol="tcp" portid="113"><state state="closed" reason="reset" reason_ttl="64"/><service name="ident" method="table" conf="3"/></port>
<port protocol="tcp" portid="513"><state state="closed" reason="reset" reason_ttl="60"/><service name="login" method="table" conf="3"/></port>
<port protocol="tcp" portid="2000"><state state="open" reason="syn-ack" reason_ttl="64"/><service name="cisco-sccp" method="table" conf="3"/></port>
<port protocol="tcp" portid="5060"><state state="open" reason="syn-ack" reason_ttl="64"/><service name="sip" method="table" conf="3"/></port>
<port protocol="tcp" portid="5800"><state state="closed" reason="reset" reason_ttl="60"/><service name="vnc-http" method="table" conf="3"/></port>
<port protocol="tcp" portid="5900"><state state="closed" reason="reset" reason_ttl="60"/><service name="vnc" method="table" conf="3"/></port>
</ports>
<times srtt="57664" rttvar="45715" to="100000"/>
</host>
<taskprogress task="SYN Stealth Scan" time="1737467563" percent="20.74" remaining="5053" etc="1737472616"/>
<taskprogress task="SYN Stealth Scan" time="1737467563" percent="20.74" remaining="5052" etc="1737472614"/>
<taskprogress task="SYN Stealth Scan" time="1737467578" percent="21.34" remaining="4929" etc="1737472507"/>
<taskprogress task="SYN Stealth Scan" time="1737467579" percent="21.35" remaining="4930" etc="1737472508"/>
<host starttime="1737466241" endtime="1737472505"><status state="up" reason="user-set" reason_ttl="0"/>
<address addr="192.168.0.6" addrtype="ipv4"/>
<hostnames>
</hostnames>
<ports><extraports state="filtered" count="65535">
<extrareasons reason="no-response" count="65535" proto="tcp" ports="1-65535"/>
</extraports>
</ports>
</host>
<host starttime="1737466241" endtime="1737472506"><status state="up" reason="user-set" reason_ttl="0"/>
<address addr="192.168.14.1" addrtype="ipv4"/>
<hostnames>
</hostnames>
<ports><extraports state="filtered" count="65535">
<extrareasons reason="no-response" count="65535" proto="tcp" ports="1-65535"/>
</extraports>
</ports>
</host>
<host starttime="1737466241" endtime="1737472509"><status state="up" reason="user-set" reason_ttl="0"/>
<address addr="192.168.14.2" addrtype="ipv4"/>
<hostnames>
</hostnames>
<ports><extraports state="filtered" count="65535">
<extrareasons reason="no-response" count="65535" proto="tcp" ports="1-65535"/>
</extraports>
</ports>
</host>
<host starttime="1737466241" endtime="1737472510"><status state="up" reason="user-set" reason_ttl="0"/>
<address addr="192.168.250.254" addrtype="ipv4"/>
<hostnames>
</hostnames>
<ports><extraports state="filtered" count="65535">
<extrareasons reason="no-response" count="65535" proto="tcp" ports="1-65535"/>
</extraports>
</ports>
</host>
<host starttime="1737466241" endtime="1737472509"><status state="up" reason="user-set" reason_ttl="0"/>
<address addr="192.168.254.254" addrtype="ipv4"/>
<hostnames>
</hostnames>
<ports><extraports state="filtered" count="65535">
<extrareasons reason="no-response" count="65535" proto="tcp" ports="1-65535"/>
</extraports>
</ports>
</host>
<host starttime="1737466241" endtime="1737472510"><status state="up" reason="user-set" reason_ttl="0"/>
<address addr="192.168.41.254" addrtype="ipv4"/>
<hostnames>
</hostnames>
<ports><extraports state="filtered" count="65535">
<extrareasons reason="no-response" count="65535" proto="tcp" ports="1-65535"/>
</extraports>
</ports>
</host>
<host starttime="1737466241" endtime="1737472507"><status state="up" reason="user-set" reason_ttl="0"/>
<address addr="192.168.99.10" addrtype="ipv4"/>
<hostnames>
</hostnames>
<ports><extraports state="filtered" count="65535">
<extrareasons reason="no-response" count="65535" proto="tcp" ports="1-65535"/>
</extraports>
</ports>
</host>
<host starttime="1737466241" endtime="1737472508"><status state="up" reason="user-set" reason_ttl="0"/>
<address addr="192.168.99.11" addrtype="ipv4"/>
<hostnames>
</hostnames>
<ports><extraports state="filtered" count="65535">
<extrareasons reason="no-response" count="65535" proto="tcp" ports="1-65535"/>
</extraports>
</ports>
</host>
<host starttime="1737466241" endtime="1737472508"><status state="up" reason="user-set" reason_ttl="0"/>
<address addr="192.168.99.12" addrtype="ipv4"/>
<hostnames>
</hostnames>
<ports><extraports state="filtered" count="65535">
<extrareasons reason="no-response" count="65535" proto="tcp" ports="1-65535"/>
</extraports>
</ports>
</host>
<host starttime="1737466241" endtime="1737472509"><status state="up" reason="user-set" reason_ttl="0"/>
<address addr="192.168.99.13" addrtype="ipv4"/>
<hostnames>
</hostnames>
<ports><extraports state="filtered" count="65535">
<extrareasons reason="no-response" count="65535" proto="tcp" ports="1-65535"/>
</extraports>
</ports>
</host>
<host starttime="1737466241" endtime="1737472505"><status state="up" reason="user-set" reason_ttl="0"/>
<address addr="192.168.99.14" addrtype="ipv4"/>
<hostnames>
</hostnames>
<ports><extraports state="filtered" count="65535">
<extrareasons reason="no-response" count="65535" proto="tcp" ports="1-65535"/>
</extraports>
</ports>
</host>
<runstats><finished time="1737474273" timestr="Tue Jan 21 16:44:33 2025" summary="Nmap done at Tue Jan 21 16:44:33 2025; 19 IP addresses (19 hosts up) scanned in 11429.90 seconds" elapsed="11429.90" exit="success"/><hosts up="19" down="0" total="19"/>
</runstats>
</nmaprun>
