<?xml version="1.0" encoding="UTF-8"?>
<!DOCTYPE nmaprun>
<?xml-stylesheet href="file:///C:/Program Files (x86)/Nmap/nmap.xsl" type="text/xsl"?>
<!-- Nmap 7.95 scan initiated Tue Jan 21 13:33:57 2025 as: &quot;C:\\Program Files (x86)\\Nmap\\nmap.exe&quot; -sS -Pn -p- -T4 -iL output\\scope30.txt -oA output\\open_port_scope30 -&#45;max-rtt-timeout 100ms -&#45;max-retries 3 -&#45;defeat-rst-ratelimit -&#45;min-rate 450 -&#45;max-rate 15000 -->
<nmaprun scanner="nmap" args="&quot;C:\\Program Files (x86)\\Nmap\\nmap.exe&quot; -sS -Pn -p- -T4 -iL output\\scope30.txt -oA output\\open_port_scope30 -&#45;max-rtt-timeout 100ms -&#45;max-retries 3 -&#45;defeat-rst-ratelimit -&#45;min-rate 450 -&#45;max-rate 15000" start="1737462837" startstr="Tue Jan 21 13:33:57 2025" version="7.95" xmloutputversion="1.05">
<scaninfo type="syn" protocol="tcp" numservices="65535" services="1-65535"/>
<verbose level="0"/>
<debugging level="0"/>
<host starttime="1737462848" endtime="1737465196"><status state="up" reason="user-set" reason_ttl="0"/>
<address addr="172.16.1.50" addrtype="ipv4"/>
<hostnames>
<hostname name="CM01WUG01S.sgbc.socgen" type="PTR"/>
</hostnames>
<ports><extraports state="filtered" count="65535">
<extrareasons reason="no-response" count="65535" proto="tcp" ports="1-65535"/>
</extraports>
</ports>
</host>
<host starttime="1737462848" endtime="1737465196"><status state="up" reason="user-set" reason_ttl="0"/>
<address addr="172.16.1.51" addrtype="ipv4"/>
<hostnames>
</hostnames>
<ports><extraports state="filtered" count="65526">
<extrareasons reason="no-response" count="65526" proto="tcp" ports="1-16,18-255,257-263,265-442,444-585,587-1079,1081-1722,1724-18230,18232-18233,18235-65535"/>
</extraports>
<port protocol="tcp" portid="17"><state state="closed" reason="reset" reason_ttl="62"/><service name="qotd" method="table" conf="3"/></port>
<port protocol="tcp" portid="256"><state state="closed" reason="reset" reason_ttl="62"/><service name="fw1-secureremote" method="table" conf="3"/></port>
<port protocol="tcp" portid="264"><state state="closed" reason="reset" reason_ttl="62"/><service name="bgmp" method="table" conf="3"/></port>
<port protocol="tcp" portid="443"><state state="open" reason="syn-ack" reason_ttl="62"/><service name="https" method="table" conf="3"/></port>
<port protocol="tcp" portid="586"><state state="closed" reason="reset" reason_ttl="62"/><service name="password-chg" method="table" conf="3"/></port>
<port protocol="tcp" portid="1080"><state state="closed" reason="reset" reason_ttl="62"/><service name="socks" method="table" conf="3"/></port>
<port protocol="tcp" portid="1723"><state state="closed" reason="reset" reason_ttl="62"/><service name="pptp" method="table" conf="3"/></port>
<port protocol="tcp" portid="18231"><state state="closed" reason="reset" reason_ttl="62"/></port>
<port protocol="tcp" portid="18234"><state state="closed" reason="reset" reason_ttl="62"/></port>
</ports>
<times srtt="51599" rttvar="628" to="100000"/>
</host>
<host starttime="1737462848" endtime="1737465194"><status state="up" reason="user-set" reason_ttl="0"/>
<address addr="172.16.1.52" addrtype="ipv4"/>
<hostnames>
</hostnames>
<ports><extraports state="filtered" count="65526">
<extrareasons reason="no-response" count="65526" proto="tcp" ports="1-16,18-255,257-263,265-442,444-585,587-1079,1081-1722,1724-18230,18232-18233,18235-65535"/>
</extraports>
<port protocol="tcp" portid="17"><state state="closed" reason="reset" reason_ttl="62"/><service name="qotd" method="table" conf="3"/></port>
<port protocol="tcp" portid="256"><state state="closed" reason="reset" reason_ttl="62"/><service name="fw1-secureremote" method="table" conf="3"/></port>
<port protocol="tcp" portid="264"><state state="closed" reason="reset" reason_ttl="62"/><service name="bgmp" method="table" conf="3"/></port>
<port protocol="tcp" portid="443"><state state="open" reason="syn-ack" reason_ttl="62"/><service name="https" method="table" conf="3"/></port>
<port protocol="tcp" portid="586"><state state="closed" reason="reset" reason_ttl="62"/><service name="password-chg" method="table" conf="3"/></port>
<port protocol="tcp" portid="1080"><state state="closed" reason="reset" reason_ttl="62"/><service name="socks" method="table" conf="3"/></port>
<port protocol="tcp" portid="1723"><state state="closed" reason="reset" reason_ttl="62"/><service name="pptp" method="table" conf="3"/></port>
<port protocol="tcp" portid="18231"><state state="closed" reason="reset" reason_ttl="62"/></port>
<port protocol="tcp" portid="18234"><state state="closed" reason="reset" reason_ttl="62"/></port>
</ports>
<times srtt="51422" rttvar="746" to="100000"/>
</host>
<host starttime="1737462848" endtime="1737465193"><status state="up" reason="user-set" reason_ttl="0"/>
<address addr="172.16.1.59" addrtype="ipv4"/>
<hostnames>
<hostname name="nagios.sgbc.roof.socgen" type="PTR"/>
</hostnames>
<ports><extraports state="filtered" count="65534">
<extrareasons reason="no-response" count="65526" proto="tcp" ports="1-16,18-255,257-263,265-442,444-585,587-1079,1081-1722,1724-18230,18232-18233,18235-65535"/>
<extrareasons reason="admin-prohibited" count="8" proto="tcp" ports="17,256,264,586,1080,1723,18231,18234"/>
</extraports>
<port protocol="tcp" portid="443"><state state="open" reason="syn-ack" reason_ttl="62"/><service name="https" method="table" conf="3"/></port>
</ports>
<times srtt="49702" rttvar="658" to="100000"/>
</host>
<host starttime="1737462848" endtime="1737465196"><status state="up" reason="user-set" reason_ttl="0"/>
<address addr="172.16.1.6" addrtype="ipv4"/>
<hostnames>
</hostnames>
<ports><extraports state="filtered" count="65526">
<extrareasons reason="no-response" count="65526" proto="tcp" ports="1-16,18-255,257-263,265-442,444-585,587-1079,1081-1722,1724-18230,18232-18233,18235-65535"/>
</extraports>
<port protocol="tcp" portid="17"><state state="closed" reason="reset" reason_ttl="62"/><service name="qotd" method="table" conf="3"/></port>
<port protocol="tcp" portid="256"><state state="closed" reason="reset" reason_ttl="62"/><service name="fw1-secureremote" method="table" conf="3"/></port>
<port protocol="tcp" portid="264"><state state="closed" reason="reset" reason_ttl="62"/><service name="bgmp" method="table" conf="3"/></port>
<port protocol="tcp" portid="443"><state state="closed" reason="reset" reason_ttl="62"/><service name="https" method="table" conf="3"/></port>
<port protocol="tcp" portid="586"><state state="closed" reason="reset" reason_ttl="62"/><service name="password-chg" method="table" conf="3"/></port>
<port protocol="tcp" portid="1080"><state state="closed" reason="reset" reason_ttl="62"/><service name="socks" method="table" conf="3"/></port>
<port protocol="tcp" portid="1723"><state state="closed" reason="reset" reason_ttl="62"/><service name="pptp" method="table" conf="3"/></port>
<port protocol="tcp" portid="18231"><state state="closed" reason="reset" reason_ttl="62"/></port>
<port protocol="tcp" portid="18234"><state state="closed" reason="reset" reason_ttl="62"/></port>
</ports>
<times srtt="11621" rttvar="13526" to="100000"/>
</host>
<host starttime="1737462848" endtime="1737465195"><status state="up" reason="user-set" reason_ttl="0"/>
<address addr="172.16.1.61" addrtype="ipv4"/>
<hostnames>
<hostname name="pwe32KCP04.SGBC.SOCGEN" type="PTR"/>
</hostnames>
<ports><extraports state="filtered" count="65535">
<extrareasons reason="no-response" count="65535" proto="tcp" ports="1-65535"/>
</extraports>
</ports>
</host>
<host starttime="1737462848" endtime="1737465196"><status state="up" reason="user-set" reason_ttl="0"/>
<address addr="172.16.1.65" addrtype="ipv4"/>
<hostnames>
</hostnames>
<ports><extraports state="filtered" count="65526">
<extrareasons reason="no-response" count="65526" proto="tcp" ports="1-16,18-255,257-263,265-442,444-585,587-1079,1081-1722,1724-18230,18232-18233,18235-65535"/>
</extraports>
<port protocol="tcp" portid="17"><state state="closed" reason="reset" reason_ttl="62"/><service name="qotd" method="table" conf="3"/></port>
<port protocol="tcp" portid="256"><state state="closed" reason="reset" reason_ttl="62"/><service name="fw1-secureremote" method="table" conf="3"/></port>
<port protocol="tcp" portid="264"><state state="closed" reason="reset" reason_ttl="62"/><service name="bgmp" method="table" conf="3"/></port>
<port protocol="tcp" portid="443"><state state="open" reason="syn-ack" reason_ttl="62"/><service name="https" method="table" conf="3"/></port>
<port protocol="tcp" portid="586"><state state="closed" reason="reset" reason_ttl="62"/><service name="password-chg" method="table" conf="3"/></port>
<port protocol="tcp" portid="1080"><state state="closed" reason="reset" reason_ttl="62"/><service name="socks" method="table" conf="3"/></port>
<port protocol="tcp" portid="1723"><state state="closed" reason="reset" reason_ttl="62"/><service name="pptp" method="table" conf="3"/></port>
<port protocol="tcp" portid="18231"><state state="closed" reason="reset" reason_ttl="62"/></port>
<port protocol="tcp" portid="18234"><state state="closed" reason="reset" reason_ttl="62"/></port>
</ports>
<times srtt="48109" rttvar="1827" to="100000"/>
</host>
<host starttime="1737462848" endtime="1737465195"><status state="up" reason="user-set" reason_ttl="0"/>
<address addr="172.16.1.74" addrtype="ipv4"/>
<hostnames>
</hostnames>
<ports><extraports state="filtered" count="65535">
<extrareasons reason="no-response" count="65535" proto="tcp" ports="1-65535"/>
</extraports>
</ports>
</host>
<taskprogress task="SYN Stealth Scan" time="1737465891" percent="7.69" remaining="8342" etc="1737474233"/>
<taskprogress task="SYN Stealth Scan" time="1737469376" percent="64.56" remaining="2296" etc="1737471671"/>
<taskprogress task="SYN Stealth Scan" time="1737469377" percent="64.56" remaining="2296" etc="1737471672"/>
<taskprogress task="SYN Stealth Scan" time="1737469377" percent="64.56" remaining="2296" etc="1737471672"/>
<taskprogress task="SYN Stealth Scan" time="1737469389" percent="64.68" remaining="2290" etc="1737471678"/>
<taskprogress task="SYN Stealth Scan" time="1737469389" percent="64.68" remaining="2290" etc="1737471678"/>
<host starttime="1737465196" endtime="1737472382"><status state="up" reason="user-set" reason_ttl="0"/>
<address addr="172.16.1.75" addrtype="ipv4"/>
<hostnames>
</hostnames>
<ports><extraports state="filtered" count="65535">
<extrareasons reason="no-response" count="65535" proto="tcp" ports="1-65535"/>
</extraports>
</ports>
</host>
<host starttime="1737465196" endtime="1737472377"><status state="up" reason="user-set" reason_ttl="0"/>
<address addr="172.16.1.8" addrtype="ipv4"/>
<hostnames>
</hostnames>
<ports><extraports state="filtered" count="65456">
<extrareasons reason="no-response" count="65456" proto="tcp" ports="1-16,18-255,257-263,265-442,444-585,587-607,609-901,903-1079,1081-1706,1708-1722,1724-2407,2409-2711,2713-2819,2821-3569,3571-3976,3978-4643,4645-6914,6916-8343,8345-9517,9519-10550,10552-10571,10573-13498,13500-14123,14125-14430,14432-14668,14670-17450,17452-18230,18232-18233,18235-18996,18998-19129,19131-20640,20642-22289,22291-23496,23498-23913,23915-24435,24437-25788,25790-25968,25970-26615,26617-27614,27616-28405,28407-29778,29780-30589,30591-31950,31952-32480,32482-32748,32750-34624,34626-35226,35228-35305,35307-35989,35991-36308,36310-36873,36875-37178,37180-37871,37873-38524,38526-38584,38586-40090,40092-40768,40770-40892,40894-41874,41876-43022,43024-43586,43588-44747,44749-45208,45210-47165,47167-49169,49171-50462,50464-51246,51248-54164,54166-55075,55077-55617,55619-56778,56780-57100,57102-57681,57683-58746,58748-59993,59995-61374,61376-62547,62549-64295,64297-65219,65221-65535"/>
</extraports>
<extraports state="closed" count="79">
<extrareasons reason="reset" count="79" proto="tcp" ports="17,256,264,443,586,608,902,1080,1707,1723,2408,2712,2820,3570,3977,4644,6915,8344,9518,10551,10572,13499,14124,14431,14669,17451,18231,18234,18997,19130,20641,22290,23497,23914,24436,25789,25969,26616,27615,28406,29779,30590,31951,32481,32749,34625,35227,35306,35990,36309,36874,37179,37872,38525,38585,40091,40769,40893,41875,43023,43587,44748,45209,47166,49170,50463,51247,54165,55076,55618,56779,57101,57682,58747,59994,61375,62548,64296,65220"/>
</extraports>
</ports>
<times srtt="23446" rttvar="10775" to="100000"/>
</host>
<host starttime="1737465196" endtime="1737472384"><status state="up" reason="user-set" reason_ttl="0"/>
<address addr="172.16.1.81" addrtype="ipv4"/>
<hostnames>
<hostname name="PLE32GED02S.sgbc.socgen" type="PTR"/>
</hostnames>
<ports><extraports state="filtered" count="65534">
<extrareasons reason="no-response" count="65504" proto="tcp" ports="1-16,18-255,257-263,265-442,444-585,587-1079,1081-1533,1535-1722,1724-3009,3011-16804,16806-18230,18232-18233,18235-24192,24194-24749,24751-25022,25024-26429,26431-26686,26688-27614,27616-35197,35199-38192,38194-39011,39013-39229,39231-43716,43718-45736,45738-52600,52602-53893,53895-54962,54964-55925,55927-61751,61753-62019,62021-62197,62199-65535"/>
<extrareasons reason="host-prohibited" count="30" proto="tcp" ports="17,256,264,586,1080,1534,1723,3010,16805,18231,18234,24193,24750,25023,26430,26687,27615,35198,38193,39012,39230,43717,45737,52601,53894,54963,55926,61752,62020,62198"/>
</extraports>
<port protocol="tcp" portid="443"><state state="open" reason="syn-ack" reason_ttl="62"/><service name="https" method="table" conf="3"/></port>
</ports>
<times srtt="46290" rttvar="13196" to="100000"/>
</host>
<host starttime="1737465196" endtime="1737472378"><status state="up" reason="user-set" reason_ttl="0"/>
<address addr="172.16.1.9" addrtype="ipv4"/>
<hostnames>
</hostnames>
<ports><extraports state="filtered" count="65453">
<extrareasons reason="no-response" count="65453" proto="tcp" ports="1-16,18-255,257-263,265-442,444-585,587-607,609-901,903-1079,1081-1090,1092-1722,1724-2819,2821-3335,3337-3569,3571-3910,3912-3976,3978-5130,5132-6914,6916-9517,9519-10550,10552-10571,10573-12310,12312-13498,13500-14123,14125-14668,14670-15357,15359-15957,15959-16446,16448-17582,17584-18230,18232-18233,18235-18552,18554-19129,19131-19400,19402-19836,19838-20640,20642-22289,22291-23913,23915-24471,24473-25022,25024-25968,25970-26429,26431-26775,26777-27614,27616-28837,28839-29778,29780-30589,30591-31950,31952-32480,32482-33325,33327-33872,33874-34624,34626-35226,35228-35992,35994-36873,36875-37178,37180-38524,38526-38894,38896-40079,40081-40090,40092-40768,40770-41572,41574-41752,41754-41874,41876-43586,43588-44747,44749-46348,46350-47165,47167-47596,47598-48358,48360-52032,52034-54164,54166-54168,54170-55075,55077-55617,55619-56778,56780-57681,57683-59993,59995-60148,60150-61073,61075-62189,62191-62547,62549-63637,63639-65535"/>
</extraports>
<extraports state="closed" count="82">
<extrareasons reason="reset" count="82" proto="tcp" ports="17,256,264,443,586,608,902,1080,1091,1723,2820,3336,3570,3911,3977,5131,6915,9518,10551,10572,12311,13499,14124,14669,15358,15958,16447,17583,18231,18234,18553,19130,19401,19837,20641,22290,23914,24472,25023,25969,26430,26776,27615,28838,29779,30590,31951,32481,33326,33873,34625,35227,35993,36874,37179,38525,38895,40080,40091,40769,41573,41753,41875,43587,44748,46349,47166,47597,48359,52033,54165,54169,55076,55618,56779,57682,59994,60149,61074,62190,62548,63638"/>
</extraports>
</ports>
<times srtt="24772" rttvar="8511" to="100000"/>
</host>
<host starttime="1737465196" endtime="1737472380"><status state="up" reason="user-set" reason_ttl="0"/>
<address addr="172.16.1.97" addrtype="ipv4"/>
<hostnames>
<hostname name="CM01KRA02S.SGBC.SOCGEN" type="PTR"/>
</hostnames>
<ports><extraports state="filtered" count="65534">
<extrareasons reason="no-response" count="65534" proto="tcp" ports="1-1432,1434-65535"/>
</extraports>
<port protocol="tcp" portid="1433"><state state="open" reason="syn-ack" reason_ttl="126"/><service name="ms-sql-s" method="table" conf="3"/></port>
</ports>
<times srtt="37645" rttvar="22419" to="100000"/>
</host>
<host starttime="1737465196" endtime="1737472376"><status state="up" reason="user-set" reason_ttl="0"/>
<address addr="172.16.1.98" addrtype="ipv4"/>
<hostnames>
<hostname name="CM01KRA01S.SGBC.SOCGEN" type="PTR"/>
</hostnames>
<ports><extraports state="filtered" count="65535">
<extrareasons reason="no-response" count="65535" proto="tcp" ports="1-65535"/>
</extraports>
</ports>
</host>
<host starttime="1737465196" endtime="1737472379"><status state="up" reason="user-set" reason_ttl="0"/>
<address addr="172.16.100.1" addrtype="ipv4"/>
<hostnames>
<hostname name="PWE32MON01.SGBC.SOCGEN" type="PTR"/>
</hostnames>
<ports><extraports state="filtered" count="65535">
<extrareasons reason="no-response" count="65535" proto="tcp" ports="1-65535"/>
</extraports>
</ports>
</host>
<host starttime="1737465196" endtime="1737472383"><status state="up" reason="user-set" reason_ttl="0"/>
<address addr="172.16.100.2" addrtype="ipv4"/>
<hostnames>
<hostname name="PWE32BOSC01.SGBC.SOCGEN" type="PTR"/>
</hostnames>
<ports><extraports state="filtered" count="65535">
<extrareasons reason="no-response" count="65535" proto="tcp" ports="1-65535"/>
</extraports>
</ports>
</host>
<host starttime="1737465196" endtime="1737472382"><status state="up" reason="user-set" reason_ttl="0"/>
<address addr="172.16.120.10" addrtype="ipv4"/>
<hostnames>
<hostname name="CM01CCR01S.sgbc.socgen" type="PTR"/>
</hostnames>
<ports><extraports state="filtered" count="65535">
<extrareasons reason="no-response" count="65535" proto="tcp" ports="1-65535"/>
</extraports>
</ports>
</host>
<host starttime="1737465196" endtime="1737472382"><status state="up" reason="user-set" reason_ttl="0"/>
<address addr="172.16.120.13" addrtype="ipv4"/>
<hostnames>
<hostname name="CM01RAP03S.sgbc.socgen" type="PTR"/>
</hostnames>
<ports><extraports state="filtered" count="65535">
<extrareasons reason="no-response" count="65535" proto="tcp" ports="1-65535"/>
</extraports>
</ports>
</host>
<host starttime="1737465196" endtime="1737472383"><status state="up" reason="user-set" reason_ttl="0"/>
<address addr="172.16.120.14" addrtype="ipv4"/>
<hostnames>
<hostname name="PWE32RAP01.SGBC.SOCGEN" type="PTR"/>
</hostnames>
<ports><extraports state="filtered" count="65535">
<extrareasons reason="no-response" count="65535" proto="tcp" ports="1-65535"/>
</extraports>
</ports>
</host>
<host starttime="1737465196" endtime="1737472378"><status state="up" reason="user-set" reason_ttl="0"/>
<address addr="172.16.120.15" addrtype="ipv4"/>
<hostnames>
<hostname name="PWE32RAP02.SGBC.SOCGEN" type="PTR"/>
</hostnames>
<ports><extraports state="filtered" count="65535">
<extrareasons reason="no-response" count="65535" proto="tcp" ports="1-65535"/>
</extraports>
</ports>
</host>
<runstats><finished time="1737472384" timestr="Tue Jan 21 16:13:04 2025" summary="Nmap done at Tue Jan 21 16:13:04 2025; 20 IP addresses (20 hosts up) scanned in 9546.91 seconds" elapsed="9546.91" exit="success"/><hosts up="20" down="0" total="20"/>
</runstats>
</nmaprun>
