<?xml version="1.0" encoding="UTF-8"?>
<!DOCTYPE nmaprun>
<?xml-stylesheet href="file:///C:/Program Files (x86)/Nmap/nmap.xsl" type="text/xsl"?>
<!-- Nmap 7.95 scan initiated Tue Jan 21 13:34:09 2025 as: &quot;C:\\Program Files (x86)\\Nmap\\nmap.exe&quot; -sS -Pn -p- -T4 -iL output\\scope4.txt -oA output\\open_port_scope4 -&#45;max-rtt-timeout 100ms -&#45;max-retries 3 -&#45;defeat-rst-ratelimit -&#45;min-rate 450 -&#45;max-rate 15000 -->
<nmaprun scanner="nmap" args="&quot;C:\\Program Files (x86)\\Nmap\\nmap.exe&quot; -sS -Pn -p- -T4 -iL output\\scope4.txt -oA output\\open_port_scope4 -&#45;max-rtt-timeout 100ms -&#45;max-retries 3 -&#45;defeat-rst-ratelimit -&#45;min-rate 450 -&#45;max-rate 15000" start="1737462849" startstr="Tue Jan 21 13:34:09 2025" version="7.95" xmloutputversion="1.05">
<scaninfo type="syn" protocol="tcp" numservices="65535" services="1-65535"/>
<verbose level="0"/>
<debugging level="0"/>
<taskprogress task="SYN Stealth Scan" time="1737463501" percent="20.54" remaining="2457" etc="1737465958"/>
<taskprogress task="SYN Stealth Scan" time="1737464773" percent="44.21" remaining="2407" etc="1737467179"/>
<taskprogress task="SYN Stealth Scan" time="1737464773" percent="44.22" remaining="2406" etc="1737467179"/>
<host starttime="1737462866" endtime="1737467023"><status state="up" reason="user-set" reason_ttl="0"/>
<address addr="10.142.123.2" addrtype="ipv4"/>
<hostnames>
</hostnames>
<ports><extraports state="filtered" count="65535">
<extrareasons reason="no-response" count="65535" proto="tcp" ports="1-65535"/>
</extraports>
</ports>
</host>
<host starttime="1737462866" endtime="1737467024"><status state="up" reason="user-set" reason_ttl="0"/>
<address addr="10.15.123.1" addrtype="ipv4"/>
<hostnames>
</hostnames>
<ports><extraports state="filtered" count="65535">
<extrareasons reason="no-response" count="65535" proto="tcp" ports="1-65535"/>
</extraports>
</ports>
</host>
<host starttime="1737462866" endtime="1737467022"><status state="up" reason="user-set" reason_ttl="0"/>
<address addr="10.15.123.2" addrtype="ipv4"/>
<hostnames>
</hostnames>
<ports><extraports state="filtered" count="65535">
<extrareasons reason="no-response" count="65535" proto="tcp" ports="1-65535"/>
</extraports>
</ports>
</host>
<host starttime="1737462866" endtime="1737467023"><status state="up" reason="user-set" reason_ttl="0"/>
<address addr="10.15.250.1" addrtype="ipv4"/>
<hostnames>
</hostnames>
<ports><extraports state="filtered" count="65535">
<extrareasons reason="no-response" count="65535" proto="tcp" ports="1-65535"/>
</extraports>
</ports>
</host>
<host starttime="1737462866" endtime="1737467024"><status state="up" reason="user-set" reason_ttl="0"/>
<address addr="10.15.250.2" addrtype="ipv4"/>
<hostnames>
</hostnames>
<ports><extraports state="filtered" count="65535">
<extrareasons reason="no-response" count="65535" proto="tcp" ports="1-65535"/>
</extraports>
</ports>
</host>
<host starttime="1737462866" endtime="1737467024"><status state="up" reason="user-set" reason_ttl="0"/>
<address addr="10.155.123.2" addrtype="ipv4"/>
<hostnames>
</hostnames>
<ports><extraports state="filtered" count="65535">
<extrareasons reason="no-response" count="65535" proto="tcp" ports="1-65535"/>
</extraports>
</ports>
</host>
<host starttime="1737462866" endtime="1737467021"><status state="up" reason="user-set" reason_ttl="0"/>
<address addr="10.16.123.2" addrtype="ipv4"/>
<hostnames>
</hostnames>
<ports><extraports state="filtered" count="65535">
<extrareasons reason="no-response" count="65535" proto="tcp" ports="1-65535"/>
</extraports>
</ports>
</host>
<host starttime="1737462866" endtime="1737467023"><status state="up" reason="user-set" reason_ttl="0"/>
<address addr="10.16.250.1" addrtype="ipv4"/>
<hostnames>
</hostnames>
<ports><extraports state="filtered" count="65535">
<extrareasons reason="no-response" count="65535" proto="tcp" ports="1-65535"/>
</extraports>
</ports>
</host>
<taskprogress task="SYN Stealth Scan" time="1737467815" percent="9.37" remaining="7655" etc="1737475470"/>
<taskprogress task="SYN Stealth Scan" time="1737467815" percent="9.37" remaining="7654" etc="1737475468"/>
<taskprogress task="SYN Stealth Scan" time="1737468108" percent="14.94" remaining="6174" etc="1737474282"/>
<host starttime="1737467024" endtime="1737472952"><status state="up" reason="user-set" reason_ttl="0"/>
<address addr="10.16.250.2" addrtype="ipv4"/>
<hostnames>
</hostnames>
<ports><extraports state="filtered" count="65535">
<extrareasons reason="no-response" count="65535" proto="tcp" ports="1-65535"/>
</extraports>
</ports>
</host>
<host starttime="1737467024" endtime="1737472952"><status state="up" reason="user-set" reason_ttl="0"/>
<address addr="10.163.123.1" addrtype="ipv4"/>
<hostnames>
</hostnames>
<ports><extraports state="filtered" count="65535">
<extrareasons reason="no-response" count="65535" proto="tcp" ports="1-65535"/>
</extraports>
</ports>
</host>
<host starttime="1737467024" endtime="1737472952"><status state="up" reason="user-set" reason_ttl="0"/>
<address addr="10.163.123.2" addrtype="ipv4"/>
<hostnames>
</hostnames>
<ports><extraports state="filtered" count="65535">
<extrareasons reason="no-response" count="65535" proto="tcp" ports="1-65535"/>
</extraports>
</ports>
</host>
<host starttime="1737467024" endtime="1737472952"><status state="up" reason="user-set" reason_ttl="0"/>
<address addr="10.17.123.1" addrtype="ipv4"/>
<hostnames>
</hostnames>
<ports><extraports state="filtered" count="65535">
<extrareasons reason="no-response" count="65535" proto="tcp" ports="1-65535"/>
</extraports>
</ports>
</host>
<host starttime="1737467024" endtime="1737472952"><status state="up" reason="user-set" reason_ttl="0"/>
<address addr="10.17.123.2" addrtype="ipv4"/>
<hostnames>
</hostnames>
<ports><extraports state="filtered" count="65535">
<extrareasons reason="no-response" count="65535" proto="tcp" ports="1-65535"/>
</extraports>
</ports>
</host>
<host starttime="1737467024" endtime="1737472952"><status state="up" reason="user-set" reason_ttl="0"/>
<address addr="10.17.250.11" addrtype="ipv4"/>
<hostnames>
</hostnames>
<ports><extraports state="filtered" count="65535">
<extrareasons reason="no-response" count="65535" proto="tcp" ports="1-65535"/>
</extraports>
</ports>
</host>
<host starttime="1737467024" endtime="1737472952"><status state="up" reason="user-set" reason_ttl="0"/>
<address addr="10.17.250.3" addrtype="ipv4"/>
<hostnames>
</hostnames>
<ports><extraports state="filtered" count="65535">
<extrareasons reason="no-response" count="65535" proto="tcp" ports="1-65535"/>
</extraports>
</ports>
</host>
<host starttime="1737467024" endtime="1737472951"><status state="up" reason="user-set" reason_ttl="0"/>
<address addr="10.171.123.1" addrtype="ipv4"/>
<hostnames>
</hostnames>
<ports><extraports state="filtered" count="65535">
<extrareasons reason="no-response" count="65535" proto="tcp" ports="1-65535"/>
</extraports>
</ports>
</host>
<host starttime="1737467024" endtime="1737472952"><status state="up" reason="user-set" reason_ttl="0"/>
<address addr="10.171.123.2" addrtype="ipv4"/>
<hostnames>
</hostnames>
<ports><extraports state="filtered" count="65535">
<extrareasons reason="no-response" count="65535" proto="tcp" ports="1-65535"/>
</extraports>
</ports>
</host>
<host starttime="1737467024" endtime="1737472952"><status state="up" reason="user-set" reason_ttl="0"/>
<address addr="10.18.123.1" addrtype="ipv4"/>
<hostnames>
</hostnames>
<ports><extraports state="filtered" count="65535">
<extrareasons reason="no-response" count="65535" proto="tcp" ports="1-65535"/>
</extraports>
</ports>
</host>
<host starttime="1737467024" endtime="1737472952"><status state="up" reason="user-set" reason_ttl="0"/>
<address addr="10.18.123.2" addrtype="ipv4"/>
<hostnames>
</hostnames>
<ports><extraports state="filtered" count="65535">
<extrareasons reason="no-response" count="65535" proto="tcp" ports="1-65535"/>
</extraports>
</ports>
</host>
<host starttime="1737467024" endtime="1737472952"><status state="up" reason="user-set" reason_ttl="0"/>
<address addr="10.18.250.2" addrtype="ipv4"/>
<hostnames>
</hostnames>
<ports><extraports state="filtered" count="65535">
<extrareasons reason="no-response" count="65535" proto="tcp" ports="1-65535"/>
</extraports>
</ports>
</host>
<runstats><finished time="1737472952" timestr="Tue Jan 21 16:22:32 2025" summary="Nmap done at Tue Jan 21 16:22:32 2025; 20 IP addresses (20 hosts up) scanned in 10103.12 seconds" elapsed="10103.12" exit="success"/><hosts up="20" down="0" total="20"/>
</runstats>
</nmaprun>
