<?xml version="1.0" encoding="UTF-8"?>
<!DOCTYPE nmaprun>
<?xml-stylesheet href="file:///C:/Program Files (x86)/Nmap/nmap.xsl" type="text/xsl"?>
<!-- Nmap 7.95 scan initiated Tue Jan 21 13:34:11 2025 as: &quot;C:\\Program Files (x86)\\Nmap\\nmap.exe&quot; -sS -Pn -p- -T4 -iL output\\scope5.txt -oA output\\open_port_scope5 -&#45;max-rtt-timeout 100ms -&#45;max-retries 3 -&#45;defeat-rst-ratelimit -&#45;min-rate 450 -&#45;max-rate 15000 -->
<nmaprun scanner="nmap" args="&quot;C:\\Program Files (x86)\\Nmap\\nmap.exe&quot; -sS -Pn -p- -T4 -iL output\\scope5.txt -oA output\\open_port_scope5 -&#45;max-rtt-timeout 100ms -&#45;max-retries 3 -&#45;defeat-rst-ratelimit -&#45;min-rate 450 -&#45;max-rate 15000" start="1737462851" startstr="Tue Jan 21 13:34:11 2025" version="7.95" xmloutputversion="1.05">
<scaninfo type="syn" protocol="tcp" numservices="65535" services="1-65535"/>
<verbose level="0"/>
<debugging level="0"/>
<taskprogress task="SYN Stealth Scan" time="1737464596" percent="42.22" remaining="2365" etc="1737466961"/>
<taskprogress task="SYN Stealth Scan" time="1737465857" percent="77.37" remaining="875" etc="1737466731"/>
<taskprogress task="SYN Stealth Scan" time="1737466495" percent="93.28" remaining="262" etc="1737466756"/>
<host starttime="1737462868" endtime="1737466989"><status state="up" reason="user-set" reason_ttl="0"/>
<address addr="10.18.250.3" addrtype="ipv4"/>
<hostnames>
</hostnames>
<ports><extraports state="filtered" count="65535">
<extrareasons reason="no-response" count="65535" proto="tcp" ports="1-65535"/>
</extraports>
</ports>
</host>
<host starttime="1737462868" endtime="1737466988"><status state="up" reason="user-set" reason_ttl="0"/>
<address addr="10.187.123.1" addrtype="ipv4"/>
<hostnames>
</hostnames>
<ports><extraports state="filtered" count="65535">
<extrareasons reason="no-response" count="65535" proto="tcp" ports="1-65535"/>
</extraports>
</ports>
</host>
<host starttime="1737462868" endtime="1737466989"><status state="up" reason="user-set" reason_ttl="0"/>
<address addr="10.187.123.2" addrtype="ipv4"/>
<hostnames>
</hostnames>
<ports><extraports state="filtered" count="65535">
<extrareasons reason="no-response" count="65535" proto="tcp" ports="1-65535"/>
</extraports>
</ports>
</host>
<host starttime="1737462868" endtime="1737466989"><status state="up" reason="user-set" reason_ttl="0"/>
<address addr="10.19.101.5" addrtype="ipv4"/>
<hostnames>
</hostnames>
<ports><extraports state="filtered" count="65535">
<extrareasons reason="no-response" count="65535" proto="tcp" ports="1-65535"/>
</extraports>
</ports>
</host>
<host starttime="1737462868" endtime="1737466988"><status state="up" reason="user-set" reason_ttl="0"/>
<address addr="10.19.101.6" addrtype="ipv4"/>
<hostnames>
</hostnames>
<ports><extraports state="filtered" count="65535">
<extrareasons reason="no-response" count="65535" proto="tcp" ports="1-65535"/>
</extraports>
</ports>
</host>
<host starttime="1737462868" endtime="1737466989"><status state="up" reason="user-set" reason_ttl="0"/>
<address addr="10.19.123.1" addrtype="ipv4"/>
<hostnames>
</hostnames>
<ports><extraports state="filtered" count="65535">
<extrareasons reason="no-response" count="65535" proto="tcp" ports="1-65535"/>
</extraports>
</ports>
</host>
<host starttime="1737462868" endtime="1737466989"><status state="up" reason="user-set" reason_ttl="0"/>
<address addr="10.19.126.6" addrtype="ipv4"/>
<hostnames>
</hostnames>
<ports><extraports state="filtered" count="65535">
<extrareasons reason="no-response" count="65535" proto="tcp" ports="1-65535"/>
</extraports>
</ports>
</host>
<host starttime="1737462868" endtime="1737466988"><status state="up" reason="user-set" reason_ttl="0"/>
<address addr="10.19.19.2" addrtype="ipv4"/>
<hostnames>
</hostnames>
<ports><extraports state="filtered" count="65535">
<extrareasons reason="no-response" count="65535" proto="tcp" ports="1-65535"/>
</extraports>
</ports>
</host>
<taskprogress task="SYN Stealth Scan" time="1737467585" percent="8.03" remaining="6829" etc="1737474414"/>
<taskprogress task="SYN Stealth Scan" time="1737467730" percent="9.66" remaining="6931" etc="1737474660"/>
<taskprogress task="SYN Stealth Scan" time="1737467821" percent="10.43" remaining="7145" etc="1737474966"/>
<taskprogress task="SYN Stealth Scan" time="1737467821" percent="10.43" remaining="7144" etc="1737474965"/>
<taskprogress task="SYN Stealth Scan" time="1737467821" percent="10.44" remaining="7141" etc="1737474962"/>
<host starttime="1737466989" endtime="1737472951"><status state="up" reason="user-set" reason_ttl="0"/>
<address addr="10.19.250.11" addrtype="ipv4"/>
<hostnames>
</hostnames>
<ports><extraports state="filtered" count="65535">
<extrareasons reason="no-response" count="65535" proto="tcp" ports="1-65535"/>
</extraports>
</ports>
</host>
<host starttime="1737466989" endtime="1737472950"><status state="up" reason="user-set" reason_ttl="0"/>
<address addr="10.19.250.12" addrtype="ipv4"/>
<hostnames>
</hostnames>
<ports><extraports state="filtered" count="65535">
<extrareasons reason="no-response" count="65535" proto="tcp" ports="1-65535"/>
</extraports>
</ports>
</host>
<host starttime="1737466989" endtime="1737472950"><status state="up" reason="user-set" reason_ttl="0"/>
<address addr="10.19.250.3" addrtype="ipv4"/>
<hostnames>
</hostnames>
<ports><extraports state="filtered" count="65535">
<extrareasons reason="no-response" count="65535" proto="tcp" ports="1-65535"/>
</extraports>
</ports>
</host>
<host starttime="1737466989" endtime="1737472950"><status state="up" reason="user-set" reason_ttl="0"/>
<address addr="10.19.252.1" addrtype="ipv4"/>
<hostnames>
</hostnames>
<ports><extraports state="filtered" count="65535">
<extrareasons reason="no-response" count="65535" proto="tcp" ports="1-65535"/>
</extraports>
</ports>
</host>
<host starttime="1737466989" endtime="1737472951"><status state="up" reason="user-set" reason_ttl="0"/>
<address addr="10.19.252.6" addrtype="ipv4"/>
<hostnames>
</hostnames>
<ports><extraports state="filtered" count="65535">
<extrareasons reason="no-response" count="65535" proto="tcp" ports="1-65535"/>
</extraports>
</ports>
</host>
<host starttime="1737466989" endtime="1737472951"><status state="up" reason="user-set" reason_ttl="0"/>
<address addr="10.191.123.2" addrtype="ipv4"/>
<hostnames>
</hostnames>
<ports><extraports state="filtered" count="65535">
<extrareasons reason="no-response" count="65535" proto="tcp" ports="1-65535"/>
</extraports>
</ports>
</host>
<host starttime="1737466989" endtime="1737472950"><status state="up" reason="user-set" reason_ttl="0"/>
<address addr="10.195.123.1" addrtype="ipv4"/>
<hostnames>
</hostnames>
<ports><extraports state="filtered" count="65535">
<extrareasons reason="no-response" count="65535" proto="tcp" ports="1-65535"/>
</extraports>
</ports>
</host>
<host starttime="1737466989" endtime="1737472951"><status state="up" reason="user-set" reason_ttl="0"/>
<address addr="10.195.123.2" addrtype="ipv4"/>
<hostnames>
</hostnames>
<ports><extraports state="filtered" count="65535">
<extrareasons reason="no-response" count="65535" proto="tcp" ports="1-65535"/>
</extraports>
</ports>
</host>
<host starttime="1737466989" endtime="1737472950"><status state="up" reason="user-set" reason_ttl="0"/>
<address addr="10.2.100.5" addrtype="ipv4"/>
<hostnames>
</hostnames>
<ports><extraports state="filtered" count="65535">
<extrareasons reason="no-response" count="65535" proto="tcp" ports="1-65535"/>
</extraports>
</ports>
</host>
<host starttime="1737466989" endtime="1737472950"><status state="up" reason="user-set" reason_ttl="0"/>
<address addr="10.2.100.6" addrtype="ipv4"/>
<hostnames>
</hostnames>
<ports><extraports state="filtered" count="65535">
<extrareasons reason="no-response" count="65535" proto="tcp" ports="1-65535"/>
</extraports>
</ports>
</host>
<host starttime="1737466989" endtime="1737472951"><status state="up" reason="user-set" reason_ttl="0"/>
<address addr="10.2.101.6" addrtype="ipv4"/>
<hostnames>
</hostnames>
<ports><extraports state="filtered" count="65535">
<extrareasons reason="no-response" count="65535" proto="tcp" ports="1-65535"/>
</extraports>
</ports>
</host>
<host starttime="1737466989" endtime="1737472950"><status state="up" reason="user-set" reason_ttl="0"/>
<address addr="10.2.102.5" addrtype="ipv4"/>
<hostnames>
</hostnames>
<ports><extraports state="filtered" count="65535">
<extrareasons reason="no-response" count="65535" proto="tcp" ports="1-65535"/>
</extraports>
</ports>
</host>
<runstats><finished time="1737472951" timestr="Tue Jan 21 16:22:31 2025" summary="Nmap done at Tue Jan 21 16:22:31 2025; 20 IP addresses (20 hosts up) scanned in 10099.81 seconds" elapsed="10099.81" exit="success"/><hosts up="20" down="0" total="20"/>
</runstats>
</nmaprun>
