<?xml version="1.0" encoding="UTF-8"?>
<!DOCTYPE nmaprun>
<?xml-stylesheet href="file:///C:/Program Files (x86)/Nmap/nmap.xsl" type="text/xsl"?>
<!-- Nmap 7.95 scan initiated Tue Jan 21 13:33:19 2025 as: &quot;C:\\Program Files (x86)\\Nmap\\nmap.exe&quot; -sS -Pn -p- -T4 -iL output\\scope13.txt -oA output\\open_port_scope13 -&#45;max-rtt-timeout 100ms -&#45;max-retries 3 -&#45;defeat-rst-ratelimit -&#45;min-rate 450 -&#45;max-rate 15000 -->
<nmaprun scanner="nmap" args="&quot;C:\\Program Files (x86)\\Nmap\\nmap.exe&quot; -sS -Pn -p- -T4 -iL output\\scope13.txt -oA output\\open_port_scope13 -&#45;max-rtt-timeout 100ms -&#45;max-retries 3 -&#45;defeat-rst-ratelimit -&#45;min-rate 450 -&#45;max-rate 15000" start="1737462799" startstr="Tue Jan 21 13:33:19 2025" version="7.95" xmloutputversion="1.05">
<scaninfo type="syn" protocol="tcp" numservices="65535" services="1-65535"/>
<verbose level="0"/>
<debugging level="0"/>
<host starttime="1737462816" endtime="1737466958"><status state="up" reason="user-set" reason_ttl="0"/>
<address addr="10.255.8.2" addrtype="ipv4"/>
<hostnames>
</hostnames>
<ports><extraports state="filtered" count="65535">
<extrareasons reason="no-response" count="65535" proto="tcp" ports="1-65535"/>
</extraports>
</ports>
</host>
<host starttime="1737462816" endtime="1737466967"><status state="up" reason="user-set" reason_ttl="0"/>
<address addr="10.26.123.1" addrtype="ipv4"/>
<hostnames>
</hostnames>
<ports><extraports state="filtered" count="65535">
<extrareasons reason="no-response" count="65535" proto="tcp" ports="1-65535"/>
</extraports>
</ports>
</host>
<host starttime="1737462816" endtime="1737466955"><status state="up" reason="user-set" reason_ttl="0"/>
<address addr="10.26.123.2" addrtype="ipv4"/>
<hostnames>
</hostnames>
<ports><extraports state="filtered" count="65535">
<extrareasons reason="no-response" count="65535" proto="tcp" ports="1-65535"/>
</extraports>
</ports>
</host>
<host starttime="1737462816" endtime="1737466968"><status state="up" reason="user-set" reason_ttl="0"/>
<address addr="10.26.250.11" addrtype="ipv4"/>
<hostnames>
</hostnames>
<ports><extraports state="filtered" count="65535">
<extrareasons reason="no-response" count="65535" proto="tcp" ports="1-65535"/>
</extraports>
</ports>
</host>
<host starttime="1737462816" endtime="1737466955"><status state="up" reason="user-set" reason_ttl="0"/>
<address addr="10.26.250.2" addrtype="ipv4"/>
<hostnames>
</hostnames>
<ports><extraports state="filtered" count="65535">
<extrareasons reason="no-response" count="65535" proto="tcp" ports="1-65535"/>
</extraports>
</ports>
</host>
<host starttime="1737462816" endtime="1737466967"><status state="up" reason="user-set" reason_ttl="0"/>
<address addr="10.27.123.1" addrtype="ipv4"/>
<hostnames>
</hostnames>
<ports><extraports state="filtered" count="65535">
<extrareasons reason="no-response" count="65535" proto="tcp" ports="1-65535"/>
</extraports>
</ports>
</host>
<host starttime="1737462816" endtime="1737466946"><status state="up" reason="user-set" reason_ttl="0"/>
<address addr="10.27.123.2" addrtype="ipv4"/>
<hostnames>
</hostnames>
<ports><extraports state="filtered" count="65535">
<extrareasons reason="no-response" count="65535" proto="tcp" ports="1-65535"/>
</extraports>
</ports>
</host>
<host starttime="1737462816" endtime="1737466967"><status state="up" reason="user-set" reason_ttl="0"/>
<address addr="10.27.250.11" addrtype="ipv4"/>
<hostnames>
</hostnames>
<ports><extraports state="filtered" count="65535">
<extrareasons reason="no-response" count="65535" proto="tcp" ports="1-65535"/>
</extraports>
</ports>
</host>
<taskprogress task="SYN Stealth Scan" time="1737467835" percent="11.27" remaining="6826" etc="1737474660"/>
<taskprogress task="SYN Stealth Scan" time="1737467835" percent="11.27" remaining="6825" etc="1737474659"/>
<taskprogress task="SYN Stealth Scan" time="1737468093" percent="16.36" remaining="5751" etc="1737473844"/>
<taskprogress task="SYN Stealth Scan" time="1737468093" percent="16.36" remaining="5751" etc="1737473844"/>
<host starttime="1737466969" endtime="1737472947"><status state="up" reason="user-set" reason_ttl="0"/>
<address addr="10.27.250.2" addrtype="ipv4"/>
<hostnames>
</hostnames>
<ports><extraports state="filtered" count="65535">
<extrareasons reason="no-response" count="65535" proto="tcp" ports="1-65535"/>
</extraports>
</ports>
</host>
<host starttime="1737466968" endtime="1737472947"><status state="up" reason="user-set" reason_ttl="0"/>
<address addr="10.28.123.2" addrtype="ipv4"/>
<hostnames>
</hostnames>
<ports><extraports state="filtered" count="65535">
<extrareasons reason="no-response" count="65535" proto="tcp" ports="1-65535"/>
</extraports>
</ports>
</host>
<host starttime="1737466968" endtime="1737472947"><status state="up" reason="user-set" reason_ttl="0"/>
<address addr="10.28.250.11" addrtype="ipv4"/>
<hostnames>
</hostnames>
<ports><extraports state="filtered" count="65535">
<extrareasons reason="no-response" count="65535" proto="tcp" ports="1-65535"/>
</extraports>
</ports>
</host>
<host starttime="1737466968" endtime="1737472947"><status state="up" reason="user-set" reason_ttl="0"/>
<address addr="10.29.123.1" addrtype="ipv4"/>
<hostnames>
</hostnames>
<ports><extraports state="filtered" count="65535">
<extrareasons reason="no-response" count="65535" proto="tcp" ports="1-65535"/>
</extraports>
</ports>
</host>
<host starttime="1737466968" endtime="1737472947"><status state="up" reason="user-set" reason_ttl="0"/>
<address addr="10.29.123.2" addrtype="ipv4"/>
<hostnames>
</hostnames>
<ports><extraports state="filtered" count="65535">
<extrareasons reason="no-response" count="65535" proto="tcp" ports="1-65535"/>
</extraports>
</ports>
</host>
<host starttime="1737466968" endtime="1737472947"><status state="up" reason="user-set" reason_ttl="0"/>
<address addr="10.29.250.1" addrtype="ipv4"/>
<hostnames>
</hostnames>
<ports><extraports state="filtered" count="65535">
<extrareasons reason="no-response" count="65535" proto="tcp" ports="1-65535"/>
</extraports>
</ports>
</host>
<host starttime="1737466968" endtime="1737472947"><status state="up" reason="user-set" reason_ttl="0"/>
<address addr="10.30.123.1" addrtype="ipv4"/>
<hostnames>
</hostnames>
<ports><extraports state="filtered" count="65535">
<extrareasons reason="no-response" count="65535" proto="tcp" ports="1-65535"/>
</extraports>
</ports>
</host>
<host starttime="1737466968" endtime="1737472947"><status state="up" reason="user-set" reason_ttl="0"/>
<address addr="10.30.123.2" addrtype="ipv4"/>
<hostnames>
</hostnames>
<ports><extraports state="filtered" count="65535">
<extrareasons reason="no-response" count="65535" proto="tcp" ports="1-65535"/>
</extraports>
</ports>
</host>
<host starttime="1737466968" endtime="1737472947"><status state="up" reason="user-set" reason_ttl="0"/>
<address addr="10.30.250.1" addrtype="ipv4"/>
<hostnames>
</hostnames>
<ports><extraports state="filtered" count="65535">
<extrareasons reason="no-response" count="65535" proto="tcp" ports="1-65535"/>
</extraports>
</ports>
</host>
<host starttime="1737466969" endtime="1737472947"><status state="up" reason="user-set" reason_ttl="0"/>
<address addr="10.30.250.2" addrtype="ipv4"/>
<hostnames>
</hostnames>
<ports><extraports state="filtered" count="65535">
<extrareasons reason="no-response" count="65535" proto="tcp" ports="1-65535"/>
</extraports>
</ports>
</host>
<host starttime="1737466968" endtime="1737472947"><status state="up" reason="user-set" reason_ttl="0"/>
<address addr="10.31.123.1" addrtype="ipv4"/>
<hostnames>
</hostnames>
<ports><extraports state="filtered" count="65535">
<extrareasons reason="no-response" count="65535" proto="tcp" ports="1-65535"/>
</extraports>
</ports>
</host>
<host starttime="1737466968" endtime="1737472947"><status state="up" reason="user-set" reason_ttl="0"/>
<address addr="10.31.123.2" addrtype="ipv4"/>
<hostnames>
</hostnames>
<ports><extraports state="filtered" count="65535">
<extrareasons reason="no-response" count="65535" proto="tcp" ports="1-65535"/>
</extraports>
</ports>
</host>
<runstats><finished time="1737472947" timestr="Tue Jan 21 16:22:27 2025" summary="Nmap done at Tue Jan 21 16:22:27 2025; 20 IP addresses (20 hosts up) scanned in 10148.70 seconds" elapsed="10148.70" exit="success"/><hosts up="20" down="0" total="20"/>
</runstats>
</nmaprun>
