<?xml version="1.0" encoding="UTF-8"?>
<!DOCTYPE nmaprun>
<?xml-stylesheet href="file:///C:/Program Files (x86)/Nmap/nmap.xsl" type="text/xsl"?>
<!-- Nmap 7.95 scan initiated Tue Jan 21 13:33:47 2025 as: &quot;C:\\Program Files (x86)\\Nmap\\nmap.exe&quot; -sS -Pn -p- -T4 -iL output\\scope26.txt -oA output\\open_port_scope26 -&#45;max-rtt-timeout 100ms -&#45;max-retries 3 -&#45;defeat-rst-ratelimit -&#45;min-rate 450 -&#45;max-rate 15000 -->
<nmaprun scanner="nmap" args="&quot;C:\\Program Files (x86)\\Nmap\\nmap.exe&quot; -sS -Pn -p- -T4 -iL output\\scope26.txt -oA output\\open_port_scope26 -&#45;max-rtt-timeout 100ms -&#45;max-retries 3 -&#45;defeat-rst-ratelimit -&#45;min-rate 450 -&#45;max-rate 15000" start="1737462827" startstr="Tue Jan 21 13:33:47 2025" version="7.95" xmloutputversion="1.05">
<scaninfo type="syn" protocol="tcp" numservices="65535" services="1-65535"/>
<verbose level="0"/>
<debugging level="0"/>
<host starttime="1737462844" endtime="1737466801"><status state="up" reason="user-set" reason_ttl="0"/>
<address addr="10.99.93.152" addrtype="ipv4"/>
<hostnames>
</hostnames>
<ports><extraports state="filtered" count="65535">
<extrareasons reason="no-response" count="65535" proto="tcp" ports="1-65535"/>
</extraports>
</ports>
</host>
<host starttime="1737462844" endtime="1737466803"><status state="up" reason="user-set" reason_ttl="0"/>
<address addr="10.99.93.2" addrtype="ipv4"/>
<hostnames>
</hostnames>
<ports><extraports state="filtered" count="65535">
<extrareasons reason="no-response" count="65535" proto="tcp" ports="1-65535"/>
</extraports>
</ports>
</host>
<host starttime="1737462844" endtime="1737466805"><status state="up" reason="user-set" reason_ttl="0"/>
<address addr="10.99.93.5" addrtype="ipv4"/>
<hostnames>
</hostnames>
<ports><extraports state="filtered" count="65526">
<extrareasons reason="no-response" count="65526" proto="tcp" ports="1-16,18-255,257-263,265-442,444-585,587-1079,1081-1722,1724-18230,18232-18233,18235-65535"/>
</extraports>
<port protocol="tcp" portid="17"><state state="closed" reason="reset" reason_ttl="127"/><service name="qotd" method="table" conf="3"/></port>
<port protocol="tcp" portid="256"><state state="closed" reason="reset" reason_ttl="127"/><service name="fw1-secureremote" method="table" conf="3"/></port>
<port protocol="tcp" portid="264"><state state="closed" reason="reset" reason_ttl="127"/><service name="bgmp" method="table" conf="3"/></port>
<port protocol="tcp" portid="443"><state state="closed" reason="reset" reason_ttl="127"/><service name="https" method="table" conf="3"/></port>
<port protocol="tcp" portid="586"><state state="closed" reason="reset" reason_ttl="127"/><service name="password-chg" method="table" conf="3"/></port>
<port protocol="tcp" portid="1080"><state state="closed" reason="reset" reason_ttl="127"/><service name="socks" method="table" conf="3"/></port>
<port protocol="tcp" portid="1723"><state state="closed" reason="reset" reason_ttl="127"/><service name="pptp" method="table" conf="3"/></port>
<port protocol="tcp" portid="18231"><state state="closed" reason="reset" reason_ttl="127"/></port>
<port protocol="tcp" portid="18234"><state state="closed" reason="reset" reason_ttl="127"/></port>
</ports>
<times srtt="10601" rttvar="11844" to="100000"/>
</host>
<host starttime="1737462844" endtime="1737466807"><status state="up" reason="user-set" reason_ttl="0"/>
<address addr="10.99.95.13" addrtype="ipv4"/>
<hostnames>
</hostnames>
<ports><extraports state="filtered" count="65535">
<extrareasons reason="no-response" count="65535" proto="tcp" ports="1-65535"/>
</extraports>
</ports>
</host>
<host starttime="1737462844" endtime="1737466798"><status state="up" reason="user-set" reason_ttl="0"/>
<address addr="128.1.14.10" addrtype="ipv4"/>
<hostnames>
<hostname name="CM01MON23D.SGBC.SOCGEN" type="PTR"/>
</hostnames>
<ports><extraports state="filtered" count="65535">
<extrareasons reason="no-response" count="65535" proto="tcp" ports="1-65535"/>
</extraports>
</ports>
</host>
<host starttime="1737462844" endtime="1737466798"><status state="up" reason="user-set" reason_ttl="0"/>
<address addr="128.1.14.11" addrtype="ipv4"/>
<hostnames>
<hostname name="CM01MON03P.SGBC.SOCGEN" type="PTR"/>
</hostnames>
<ports><extraports state="filtered" count="65535">
<extrareasons reason="no-response" count="65535" proto="tcp" ports="1-65535"/>
</extraports>
</ports>
</host>
<host starttime="1737462844" endtime="1737466805"><status state="up" reason="user-set" reason_ttl="0"/>
<address addr="128.1.14.12" addrtype="ipv4"/>
<hostnames>
<hostname name="cm01mon02p.sgbc.socgen" type="PTR"/>
</hostnames>
<ports><extraports state="filtered" count="65535">
<extrareasons reason="no-response" count="65535" proto="tcp" ports="1-65535"/>
</extraports>
</ports>
</host>
<host starttime="1737462844" endtime="1737466807"><status state="up" reason="user-set" reason_ttl="0"/>
<address addr="128.1.14.13" addrtype="ipv4"/>
<hostnames>
</hostnames>
<ports><extraports state="filtered" count="65535">
<extrareasons reason="no-response" count="65535" proto="tcp" ports="1-65535"/>
</extraports>
</ports>
</host>
<taskprogress task="SYN Stealth Scan" time="1737468410" percent="25.38" remaining="4714" etc="1737473123"/>
<taskprogress task="SYN Stealth Scan" time="1737468411" percent="25.39" remaining="4715" etc="1737473125"/>
<host starttime="1737466807" endtime="1737472907"><status state="up" reason="user-set" reason_ttl="0"/>
<address addr="128.1.14.15" addrtype="ipv4"/>
<hostnames>
<hostname name="cm01dpo02d.sgbc.socgen" type="PTR"/>
</hostnames>
<ports><extraports state="filtered" count="65535">
<extrareasons reason="no-response" count="65535" proto="tcp" ports="1-65535"/>
</extraports>
</ports>
</host>
<host starttime="1737466807" endtime="1737472906"><status state="up" reason="user-set" reason_ttl="0"/>
<address addr="128.1.14.16" addrtype="ipv4"/>
<hostnames>
<hostname name="CM01ETR23D.SGBC.SOCGEN" type="PTR"/>
</hostnames>
<ports><extraports state="filtered" count="65535">
<extrareasons reason="no-response" count="65535" proto="tcp" ports="1-65535"/>
</extraports>
</ports>
</host>
<host starttime="1737466807" endtime="1737472907"><status state="up" reason="user-set" reason_ttl="0"/>
<address addr="128.1.14.17" addrtype="ipv4"/>
<hostnames>
</hostnames>
<ports><extraports state="filtered" count="65535">
<extrareasons reason="no-response" count="65535" proto="tcp" ports="1-65535"/>
</extraports>
</ports>
</host>
<host starttime="1737466807" endtime="1737472906"><status state="up" reason="user-set" reason_ttl="0"/>
<address addr="128.1.14.23" addrtype="ipv4"/>
<hostnames>
<hostname name="cm01mon21d.sgbc.socgen" type="PTR"/>
</hostnames>
<ports><extraports state="filtered" count="65535">
<extrareasons reason="no-response" count="65535" proto="tcp" ports="1-65535"/>
</extraports>
</ports>
</host>
<host starttime="1737466807" endtime="1737472906"><status state="up" reason="user-set" reason_ttl="0"/>
<address addr="128.1.14.32" addrtype="ipv4"/>
<hostnames>
</hostnames>
<ports><extraports state="filtered" count="65535">
<extrareasons reason="no-response" count="65535" proto="tcp" ports="1-65535"/>
</extraports>
</ports>
</host>
<host starttime="1737466807" endtime="1737472907"><status state="up" reason="user-set" reason_ttl="0"/>
<address addr="128.1.14.44" addrtype="ipv4"/>
<hostnames>
<hostname name="CM01DCP05P.SGBC.SOCGEN" type="PTR"/>
</hostnames>
<ports><extraports state="filtered" count="65535">
<extrareasons reason="no-response" count="65535" proto="tcp" ports="1-65535"/>
</extraports>
</ports>
</host>
<host starttime="1737466807" endtime="1737472907"><status state="up" reason="user-set" reason_ttl="0"/>
<address addr="128.1.14.9" addrtype="ipv4"/>
<hostnames>
<hostname name="CM01MON04D.SGBC.SOCGEN" type="PTR"/>
</hostnames>
<ports><extraports state="filtered" count="65535">
<extrareasons reason="no-response" count="65535" proto="tcp" ports="1-65535"/>
</extraports>
</ports>
</host>
<host starttime="1737466807" endtime="1737472907"><status state="up" reason="user-set" reason_ttl="0"/>
<address addr="128.128.7.10" addrtype="ipv4"/>
<hostnames>
</hostnames>
<ports><extraports state="filtered" count="65534">
<extrareasons reason="no-response" count="65534" proto="tcp" ports="1-442,444-65535"/>
</extraports>
<port protocol="tcp" portid="443"><state state="open" reason="syn-ack" reason_ttl="64"/><service name="https" method="table" conf="3"/></port>
</ports>
<times srtt="51149" rttvar="1142" to="100000"/>
</host>
<host starttime="1737466807" endtime="1737472907"><status state="up" reason="user-set" reason_ttl="0"/>
<address addr="169.254.27.162" addrtype="ipv4"/>
<hostnames>
</hostnames>
<ports><extraports state="filtered" count="65535">
<extrareasons reason="no-response" count="65535" proto="tcp" ports="1-65535"/>
</extraports>
</ports>
</host>
<host starttime="1737466807" endtime="1737472906"><status state="up" reason="user-set" reason_ttl="0"/>
<address addr="169.254.33.212" addrtype="ipv4"/>
<hostnames>
</hostnames>
<ports><extraports state="filtered" count="65535">
<extrareasons reason="no-response" count="65535" proto="tcp" ports="1-65535"/>
</extraports>
</ports>
</host>
<host starttime="1737466807" endtime="1737472906"><status state="up" reason="user-set" reason_ttl="0"/>
<address addr="169.254.60.176" addrtype="ipv4"/>
<hostnames>
</hostnames>
<ports><extraports state="filtered" count="65535">
<extrareasons reason="no-response" count="65535" proto="tcp" ports="1-65535"/>
</extraports>
</ports>
</host>
<host starttime="1737466807" endtime="1737472907"><status state="up" reason="user-set" reason_ttl="0"/>
<address addr="169.254.71.119" addrtype="ipv4"/>
<hostnames>
</hostnames>
<ports><extraports state="filtered" count="65535">
<extrareasons reason="no-response" count="65535" proto="tcp" ports="1-65535"/>
</extraports>
</ports>
</host>
<runstats><finished time="1737472907" timestr="Tue Jan 21 16:21:47 2025" summary="Nmap done at Tue Jan 21 16:21:47 2025; 20 IP addresses (20 hosts up) scanned in 10080.09 seconds" elapsed="10080.09" exit="success"/><hosts up="20" down="0" total="20"/>
</runstats>
</nmaprun>
