<?xml version="1.0" encoding="UTF-8"?>
<!DOCTYPE nmaprun>
<?xml-stylesheet href="file:///C:/Program Files (x86)/Nmap/nmap.xsl" type="text/xsl"?>
<!-- Nmap 7.95 scan initiated Tue Jan 21 13:34:17 2025 as: &quot;C:\\Program Files (x86)\\Nmap\\nmap.exe&quot; -sS -Pn -p- -T4 -iL output\\scope8.txt -oA output\\open_port_scope8 -&#45;max-rtt-timeout 100ms -&#45;max-retries 3 -&#45;defeat-rst-ratelimit -&#45;min-rate 450 -&#45;max-rate 15000 -->
<nmaprun scanner="nmap" args="&quot;C:\\Program Files (x86)\\Nmap\\nmap.exe&quot; -sS -Pn -p- -T4 -iL output\\scope8.txt -oA output\\open_port_scope8 -&#45;max-rtt-timeout 100ms -&#45;max-retries 3 -&#45;defeat-rst-ratelimit -&#45;min-rate 450 -&#45;max-rate 15000" start="1737462857" startstr="Tue Jan 21 13:34:17 2025" version="7.95" xmloutputversion="1.05">
<scaninfo type="syn" protocol="tcp" numservices="65535" services="1-65535"/>
<verbose level="0"/>
<debugging level="0"/>
<taskprogress task="SYN Stealth Scan" time="1737464581" percent="41.28" remaining="2428" etc="1737467009"/>
<taskprogress task="SYN Stealth Scan" time="1737465485" percent="70.93" remaining="1071" etc="1737466555"/>
<taskprogress task="SYN Stealth Scan" time="1737465485" percent="70.93" remaining="1071" etc="1737466555"/>
<host starttime="1737462874" endtime="1737466990"><status state="up" reason="user-set" reason_ttl="0"/>
<address addr="10.255.16.1" addrtype="ipv4"/>
<hostnames>
</hostnames>
<ports><extraports state="filtered" count="65535">
<extrareasons reason="no-response" count="65535" proto="tcp" ports="1-65535"/>
</extraports>
</ports>
</host>
<host starttime="1737462874" endtime="1737466990"><status state="up" reason="user-set" reason_ttl="0"/>
<address addr="10.255.16.2" addrtype="ipv4"/>
<hostnames>
</hostnames>
<ports><extraports state="filtered" count="65535">
<extrareasons reason="no-response" count="65535" proto="tcp" ports="1-65535"/>
</extraports>
</ports>
</host>
<host starttime="1737462874" endtime="1737466990"><status state="up" reason="user-set" reason_ttl="0"/>
<address addr="10.255.17.1" addrtype="ipv4"/>
<hostnames>
</hostnames>
<ports><extraports state="filtered" count="65535">
<extrareasons reason="no-response" count="65535" proto="tcp" ports="1-65535"/>
</extraports>
</ports>
</host>
<host starttime="1737462874" endtime="1737466990"><status state="up" reason="user-set" reason_ttl="0"/>
<address addr="10.255.17.2" addrtype="ipv4"/>
<hostnames>
</hostnames>
<ports><extraports state="filtered" count="65535">
<extrareasons reason="no-response" count="65535" proto="tcp" ports="1-65535"/>
</extraports>
</ports>
</host>
<host starttime="1737462874" endtime="1737466989"><status state="up" reason="user-set" reason_ttl="0"/>
<address addr="10.255.18.1" addrtype="ipv4"/>
<hostnames>
</hostnames>
<ports><extraports state="filtered" count="65535">
<extrareasons reason="no-response" count="65535" proto="tcp" ports="1-65535"/>
</extraports>
</ports>
</host>
<host starttime="1737462874" endtime="1737466990"><status state="up" reason="user-set" reason_ttl="0"/>
<address addr="10.255.18.2" addrtype="ipv4"/>
<hostnames>
</hostnames>
<ports><extraports state="filtered" count="65535">
<extrareasons reason="no-response" count="65535" proto="tcp" ports="1-65535"/>
</extraports>
</ports>
</host>
<host starttime="1737462874" endtime="1737466990"><status state="up" reason="user-set" reason_ttl="0"/>
<address addr="10.255.19.1" addrtype="ipv4"/>
<hostnames>
</hostnames>
<ports><extraports state="filtered" count="65535">
<extrareasons reason="no-response" count="65535" proto="tcp" ports="1-65535"/>
</extraports>
</ports>
</host>
<host starttime="1737462874" endtime="1737466990"><status state="up" reason="user-set" reason_ttl="0"/>
<address addr="10.255.19.2" addrtype="ipv4"/>
<hostnames>
</hostnames>
<ports><extraports state="filtered" count="65535">
<extrareasons reason="no-response" count="65535" proto="tcp" ports="1-65535"/>
</extraports>
</ports>
</host>
<host starttime="1737466990" endtime="1737472952"><status state="up" reason="user-set" reason_ttl="0"/>
<address addr="10.255.2.1" addrtype="ipv4"/>
<hostnames>
</hostnames>
<ports><extraports state="filtered" count="65535">
<extrareasons reason="no-response" count="65535" proto="tcp" ports="1-65535"/>
</extraports>
</ports>
</host>
<host starttime="1737466990" endtime="1737472952"><status state="up" reason="user-set" reason_ttl="0"/>
<address addr="10.255.2.2" addrtype="ipv4"/>
<hostnames>
</hostnames>
<ports><extraports state="filtered" count="65535">
<extrareasons reason="no-response" count="65535" proto="tcp" ports="1-65535"/>
</extraports>
</ports>
</host>
<host starttime="1737466990" endtime="1737472952"><status state="up" reason="user-set" reason_ttl="0"/>
<address addr="10.255.20.1" addrtype="ipv4"/>
<hostnames>
</hostnames>
<ports><extraports state="filtered" count="65535">
<extrareasons reason="no-response" count="65535" proto="tcp" ports="1-65535"/>
</extraports>
</ports>
</host>
<host starttime="1737466990" endtime="1737472952"><status state="up" reason="user-set" reason_ttl="0"/>
<address addr="10.255.20.2" addrtype="ipv4"/>
<hostnames>
</hostnames>
<ports><extraports state="filtered" count="65535">
<extrareasons reason="no-response" count="65535" proto="tcp" ports="1-65535"/>
</extraports>
</ports>
</host>
<host starttime="1737466990" endtime="1737472952"><status state="up" reason="user-set" reason_ttl="0"/>
<address addr="10.255.21.1" addrtype="ipv4"/>
<hostnames>
</hostnames>
<ports><extraports state="filtered" count="65535">
<extrareasons reason="no-response" count="65535" proto="tcp" ports="1-65535"/>
</extraports>
</ports>
</host>
<host starttime="1737466990" endtime="1737472952"><status state="up" reason="user-set" reason_ttl="0"/>
<address addr="10.255.21.2" addrtype="ipv4"/>
<hostnames>
</hostnames>
<ports><extraports state="filtered" count="65535">
<extrareasons reason="no-response" count="65535" proto="tcp" ports="1-65535"/>
</extraports>
</ports>
</host>
<host starttime="1737466990" endtime="1737472952"><status state="up" reason="user-set" reason_ttl="0"/>
<address addr="10.255.22.1" addrtype="ipv4"/>
<hostnames>
</hostnames>
<ports><extraports state="filtered" count="65535">
<extrareasons reason="no-response" count="65535" proto="tcp" ports="1-65535"/>
</extraports>
</ports>
</host>
<host starttime="1737466990" endtime="1737472952"><status state="up" reason="user-set" reason_ttl="0"/>
<address addr="10.255.22.2" addrtype="ipv4"/>
<hostnames>
</hostnames>
<ports><extraports state="filtered" count="65535">
<extrareasons reason="no-response" count="65535" proto="tcp" ports="1-65535"/>
</extraports>
</ports>
</host>
<host starttime="1737466990" endtime="1737472952"><status state="up" reason="user-set" reason_ttl="0"/>
<address addr="10.255.23.1" addrtype="ipv4"/>
<hostnames>
</hostnames>
<ports><extraports state="filtered" count="65535">
<extrareasons reason="no-response" count="65535" proto="tcp" ports="1-65535"/>
</extraports>
</ports>
</host>
<host starttime="1737466990" endtime="1737472952"><status state="up" reason="user-set" reason_ttl="0"/>
<address addr="10.255.23.2" addrtype="ipv4"/>
<hostnames>
</hostnames>
<ports><extraports state="filtered" count="65535">
<extrareasons reason="no-response" count="65535" proto="tcp" ports="1-65535"/>
</extraports>
</ports>
</host>
<host starttime="1737466990" endtime="1737472952"><status state="up" reason="user-set" reason_ttl="0"/>
<address addr="10.255.24.1" addrtype="ipv4"/>
<hostnames>
</hostnames>
<ports><extraports state="filtered" count="65535">
<extrareasons reason="no-response" count="65535" proto="tcp" ports="1-65535"/>
</extraports>
</ports>
</host>
<host starttime="1737466990" endtime="1737472952"><status state="up" reason="user-set" reason_ttl="0"/>
<address addr="10.255.24.2" addrtype="ipv4"/>
<hostnames>
</hostnames>
<ports><extraports state="filtered" count="65535">
<extrareasons reason="no-response" count="65535" proto="tcp" ports="1-65535"/>
</extraports>
</ports>
</host>
<runstats><finished time="1737472952" timestr="Tue Jan 21 16:22:32 2025" summary="Nmap done at Tue Jan 21 16:22:32 2025; 20 IP addresses (20 hosts up) scanned in 10095.22 seconds" elapsed="10095.22" exit="success"/><hosts up="20" down="0" total="20"/>
</runstats>
</nmaprun>
