<?xml version="1.0" encoding="UTF-8"?>
<!DOCTYPE nmaprun>
<?xml-stylesheet href="file:///C:/Program Files (x86)/Nmap/nmap.xsl" type="text/xsl"?>
<!-- Nmap 7.95 scan initiated Tue Jan 21 13:33:11 2025 as: &quot;C:\\Program Files (x86)\\Nmap\\nmap.exe&quot; -sS -Pn -p- -T4 -iL output\\scope1.txt -oA output\\open_port_scope1 -&#45;max-rtt-timeout 100ms -&#45;max-retries 3 -&#45;defeat-rst-ratelimit -&#45;min-rate 450 -&#45;max-rate 15000 -->
<nmaprun scanner="nmap" args="&quot;C:\\Program Files (x86)\\Nmap\\nmap.exe&quot; -sS -Pn -p- -T4 -iL output\\scope1.txt -oA output\\open_port_scope1 -&#45;max-rtt-timeout 100ms -&#45;max-retries 3 -&#45;defeat-rst-ratelimit -&#45;min-rate 450 -&#45;max-rate 15000" start="1737462791" startstr="Tue Jan 21 13:33:11 2025" version="7.95" xmloutputversion="1.05">
<scaninfo type="syn" protocol="tcp" numservices="65535" services="1-65535"/>
<verbose level="0"/>
<debugging level="0"/>
<taskprogress task="SYN Stealth Scan" time="1737463450" percent="22.24" remaining="2245" etc="1737465695"/>
<taskprogress task="SYN Stealth Scan" time="1737463451" percent="22.24" remaining="2248" etc="1737465699"/>
<taskprogress task="SYN Stealth Scan" time="1737463452" percent="22.26" remaining="2249" etc="1737465701"/>
<taskprogress task="SYN Stealth Scan" time="1737463452" percent="22.27" remaining="2249" etc="1737465700"/>
<taskprogress task="SYN Stealth Scan" time="1737463452" percent="22.27" remaining="2248" etc="1737465700"/>
<taskprogress task="SYN Stealth Scan" time="1737463453" percent="22.27" remaining="2251" etc="1737465704"/>
<taskprogress task="SYN Stealth Scan" time="1737463453" percent="22.27" remaining="2251" etc="1737465704"/>
<taskprogress task="SYN Stealth Scan" time="1737463453" percent="22.28" remaining="2251" etc="1737465703"/>
<taskprogress task="SYN Stealth Scan" time="1737465384" percent="72.25" remaining="990" etc="1737466373"/>
<host starttime="1737462808" endtime="1737466847"><status state="up" reason="user-set" reason_ttl="0"/>
<address addr="10.0.255.1" addrtype="ipv4"/>
<hostnames>
</hostnames>
<ports><extraports state="filtered" count="65535">
<extrareasons reason="no-response" count="65535" proto="tcp" ports="1-65535"/>
</extraports>
</ports>
</host>
<host starttime="1737462808" endtime="1737466828"><status state="up" reason="user-set" reason_ttl="0"/>
<address addr="10.0.255.33" addrtype="ipv4"/>
<hostnames>
</hostnames>
<ports><extraports state="filtered" count="65535">
<extrareasons reason="no-response" count="65535" proto="tcp" ports="1-65535"/>
</extraports>
</ports>
</host>
<host starttime="1737462808" endtime="1737466842"><status state="up" reason="user-set" reason_ttl="0"/>
<address addr="10.0.255.38" addrtype="ipv4"/>
<hostnames>
</hostnames>
<ports><extraports state="filtered" count="65535">
<extrareasons reason="no-response" count="65535" proto="tcp" ports="1-65535"/>
</extraports>
</ports>
</host>
<host starttime="1737462808" endtime="1737466827"><status state="up" reason="user-set" reason_ttl="0"/>
<address addr="10.0.255.6" addrtype="ipv4"/>
<hostnames>
</hostnames>
<ports><extraports state="filtered" count="65535">
<extrareasons reason="no-response" count="65535" proto="tcp" ports="1-65535"/>
</extraports>
</ports>
</host>
<host starttime="1737462808" endtime="1737466844"><status state="up" reason="user-set" reason_ttl="0"/>
<address addr="10.1.102.10" addrtype="ipv4"/>
<hostnames>
</hostnames>
<ports><extraports state="filtered" count="65535">
<extrareasons reason="no-response" count="65535" proto="tcp" ports="1-65535"/>
</extraports>
</ports>
</host>
<host starttime="1737462808" endtime="1737466850"><status state="up" reason="user-set" reason_ttl="0"/>
<address addr="10.1.102.5" addrtype="ipv4"/>
<hostnames>
</hostnames>
<ports><extraports state="filtered" count="65535">
<extrareasons reason="no-response" count="65535" proto="tcp" ports="1-65535"/>
</extraports>
</ports>
</host>
<host starttime="1737462808" endtime="1737466849"><status state="up" reason="user-set" reason_ttl="0"/>
<address addr="10.1.102.6" addrtype="ipv4"/>
<hostnames>
</hostnames>
<ports><extraports state="filtered" count="65535">
<extrareasons reason="no-response" count="65535" proto="tcp" ports="1-65535"/>
</extraports>
</ports>
</host>
<host starttime="1737462808" endtime="1737466843"><status state="up" reason="user-set" reason_ttl="0"/>
<address addr="10.1.102.9" addrtype="ipv4"/>
<hostnames>
</hostnames>
<ports><extraports state="filtered" count="65535">
<extrareasons reason="no-response" count="65535" proto="tcp" ports="1-65535"/>
</extraports>
</ports>
</host>
<taskprogress task="SYN Stealth Scan" time="1737467367" percent="8.80" remaining="5360" etc="1737472727"/>
<taskprogress task="SYN Stealth Scan" time="1737470640" percent="58.93" remaining="2641" etc="1737473281"/>
<taskprogress task="SYN Stealth Scan" time="1737470640" percent="58.94" remaining="2641" etc="1737473281"/>
<host starttime="1737466850" endtime="1737472914"><status state="up" reason="user-set" reason_ttl="0"/>
<address addr="10.1.103.5" addrtype="ipv4"/>
<hostnames>
</hostnames>
<ports><extraports state="filtered" count="65535">
<extrareasons reason="no-response" count="65535" proto="tcp" ports="1-65535"/>
</extraports>
</ports>
</host>
<host starttime="1737466850" endtime="1737472912"><status state="up" reason="user-set" reason_ttl="0"/>
<address addr="10.1.103.6" addrtype="ipv4"/>
<hostnames>
</hostnames>
<ports><extraports state="filtered" count="65535">
<extrareasons reason="no-response" count="65535" proto="tcp" ports="1-65535"/>
</extraports>
</ports>
</host>
<host starttime="1737466850" endtime="1737472913"><status state="up" reason="user-set" reason_ttl="0"/>
<address addr="10.1.104.5" addrtype="ipv4"/>
<hostnames>
</hostnames>
<ports><extraports state="filtered" count="65535">
<extrareasons reason="no-response" count="65535" proto="tcp" ports="1-65535"/>
</extraports>
</ports>
</host>
<host starttime="1737466850" endtime="1737472913"><status state="up" reason="user-set" reason_ttl="0"/>
<address addr="10.1.104.6" addrtype="ipv4"/>
<hostnames>
</hostnames>
<ports><extraports state="filtered" count="65535">
<extrareasons reason="no-response" count="65535" proto="tcp" ports="1-65535"/>
</extraports>
</ports>
</host>
<host starttime="1737466850" endtime="1737472913"><status state="up" reason="user-set" reason_ttl="0"/>
<address addr="10.1.106.5" addrtype="ipv4"/>
<hostnames>
</hostnames>
<ports><extraports state="filtered" count="65535">
<extrareasons reason="no-response" count="65535" proto="tcp" ports="1-65535"/>
</extraports>
</ports>
</host>
<host starttime="1737466850" endtime="1737472914"><status state="up" reason="user-set" reason_ttl="0"/>
<address addr="10.1.106.6" addrtype="ipv4"/>
<hostnames>
</hostnames>
<ports><extraports state="filtered" count="65535">
<extrareasons reason="no-response" count="65535" proto="tcp" ports="1-65535"/>
</extraports>
</ports>
</host>
<host starttime="1737466850" endtime="1737472914"><status state="up" reason="user-set" reason_ttl="0"/>
<address addr="10.1.107.5" addrtype="ipv4"/>
<hostnames>
</hostnames>
<ports><extraports state="filtered" count="65535">
<extrareasons reason="no-response" count="65535" proto="tcp" ports="1-65535"/>
</extraports>
</ports>
</host>
<host starttime="1737466850" endtime="1737472914"><status state="up" reason="user-set" reason_ttl="0"/>
<address addr="10.1.107.6" addrtype="ipv4"/>
<hostnames>
</hostnames>
<ports><extraports state="filtered" count="65535">
<extrareasons reason="no-response" count="65535" proto="tcp" ports="1-65535"/>
</extraports>
</ports>
</host>
<host starttime="1737466850" endtime="1737472913"><status state="up" reason="user-set" reason_ttl="0"/>
<address addr="10.1.108.5" addrtype="ipv4"/>
<hostnames>
</hostnames>
<ports><extraports state="filtered" count="65535">
<extrareasons reason="no-response" count="65535" proto="tcp" ports="1-65535"/>
</extraports>
</ports>
</host>
<host starttime="1737466850" endtime="1737472912"><status state="up" reason="user-set" reason_ttl="0"/>
<address addr="10.1.108.6" addrtype="ipv4"/>
<hostnames>
</hostnames>
<ports><extraports state="filtered" count="65535">
<extrareasons reason="no-response" count="65535" proto="tcp" ports="1-65535"/>
</extraports>
</ports>
</host>
<host starttime="1737466850" endtime="1737472913"><status state="up" reason="user-set" reason_ttl="0"/>
<address addr="10.1.109.10" addrtype="ipv4"/>
<hostnames>
</hostnames>
<ports><extraports state="filtered" count="65535">
<extrareasons reason="no-response" count="65535" proto="tcp" ports="1-65535"/>
</extraports>
</ports>
</host>
<host starttime="1737466850" endtime="1737472914"><status state="up" reason="user-set" reason_ttl="0"/>
<address addr="10.1.250.2" addrtype="ipv4"/>
<hostnames>
</hostnames>
<ports><extraports state="filtered" count="65488">
<extrareasons reason="no-response" count="65488" proto="tcp" ports="1-16,18-255,257-263,265-442,444-585,587-847,849-866,868-1079,1081-1109,1111-1425,1427-1479,1481-1722,1724-4076,4078-8814,8816-11750,11752-12853,12855-14351,14353-15341,15343-16004,16006-16432,16434-18230,18232-18233,18235-25047,25049-25186,25188-26887,26889-27244,27246-27853,27855-30289,30291-33286,33288-34179,34181-35070,35072-36084,36086-37901,37903-41304,41306-42178,42180-42648,42650-42846,42848-43943,43945-46455,46457-50471,50473-50823,50825-52699,52701-60569,60571-63363,63365-63850,63852-65120,65122-65127,65129-65535"/>
</extraports>
<extraports state="closed" count="47">
<extrareasons reason="reset" count="47" proto="tcp" ports="17,256,264,443,586,848,867,1080,1110,1426,1480,1723,4077,8815,11751,12854,14352,15342,16005,16433,18231,18234,25048,25187,26888,27245,27854,30290,33287,34180,35071,36085,37902,41305,42179,42649,42847,43944,46456,50472,50824,52700,60570,63364,63851,65121,65128"/>
</extraports>
</ports>
<times srtt="28437" rttvar="11274" to="100000"/>
</host>
<runstats><finished time="1737472914" timestr="Tue Jan 21 16:21:54 2025" summary="Nmap done at Tue Jan 21 16:21:54 2025; 20 IP addresses (20 hosts up) scanned in 10122.54 seconds" elapsed="10122.54" exit="success"/><hosts up="20" down="0" total="20"/>
</runstats>
</nmaprun>
