<?xml version="1.0" encoding="UTF-8"?>
<!DOCTYPE nmaprun>
<?xml-stylesheet href="file:///C:/Program Files (x86)/Nmap/nmap.xsl" type="text/xsl"?>
<!-- Nmap 7.95 scan initiated Tue Jan 21 13:34:05 2025 as: &quot;C:\\Program Files (x86)\\Nmap\\nmap.exe&quot; -sS -Pn -p- -T4 -iL output\\scope34.txt -oA output\\open_port_scope34 -&#45;max-rtt-timeout 100ms -&#45;max-retries 3 -&#45;defeat-rst-ratelimit -&#45;min-rate 450 -&#45;max-rate 15000 -->
<nmaprun scanner="nmap" args="&quot;C:\\Program Files (x86)\\Nmap\\nmap.exe&quot; -sS -Pn -p- -T4 -iL output\\scope34.txt -oA output\\open_port_scope34 -&#45;max-rtt-timeout 100ms -&#45;max-retries 3 -&#45;defeat-rst-ratelimit -&#45;min-rate 450 -&#45;max-rate 15000" start="1737462845" startstr="Tue Jan 21 13:34:05 2025" version="7.95" xmloutputversion="1.05">
<scaninfo type="syn" protocol="tcp" numservices="65535" services="1-65535"/>
<verbose level="0"/>
<debugging level="0"/>
<taskprogress task="SYN Stealth Scan" time="1737465870" percent="77.19" remaining="890" etc="1737466759"/>
<host starttime="1737462862" endtime="1737466991"><status state="up" reason="user-set" reason_ttl="0"/>
<address addr="192.168.99.15" addrtype="ipv4"/>
<hostnames>
</hostnames>
<ports><extraports state="filtered" count="65535">
<extrareasons reason="no-response" count="65535" proto="tcp" ports="1-65535"/>
</extraports>
</ports>
</host>
<host starttime="1737462862" endtime="1737466991"><status state="up" reason="user-set" reason_ttl="0"/>
<address addr="192.168.99.16" addrtype="ipv4"/>
<hostnames>
</hostnames>
<ports><extraports state="filtered" count="65535">
<extrareasons reason="no-response" count="65535" proto="tcp" ports="1-65535"/>
</extraports>
</ports>
</host>
<host starttime="1737462862" endtime="1737466991"><status state="up" reason="user-set" reason_ttl="0"/>
<address addr="192.168.99.17" addrtype="ipv4"/>
<hostnames>
</hostnames>
<ports><extraports state="filtered" count="65535">
<extrareasons reason="no-response" count="65535" proto="tcp" ports="1-65535"/>
</extraports>
</ports>
</host>
<host starttime="1737462862" endtime="1737466991"><status state="up" reason="user-set" reason_ttl="0"/>
<address addr="192.168.99.18" addrtype="ipv4"/>
<hostnames>
</hostnames>
<ports><extraports state="filtered" count="65535">
<extrareasons reason="no-response" count="65535" proto="tcp" ports="1-65535"/>
</extraports>
</ports>
</host>
<host starttime="1737462862" endtime="1737466991"><status state="up" reason="user-set" reason_ttl="0"/>
<address addr="192.168.99.19" addrtype="ipv4"/>
<hostnames>
</hostnames>
<ports><extraports state="filtered" count="65535">
<extrareasons reason="no-response" count="65535" proto="tcp" ports="1-65535"/>
</extraports>
</ports>
</host>
<host starttime="1737462862" endtime="1737466990"><status state="up" reason="user-set" reason_ttl="0"/>
<address addr="192.168.99.9" addrtype="ipv4"/>
<hostnames>
</hostnames>
<ports><extraports state="filtered" count="65535">
<extrareasons reason="no-response" count="65535" proto="tcp" ports="1-65535"/>
</extraports>
</ports>
</host>
<host starttime="1737462862" endtime="1737466991"><status state="up" reason="user-set" reason_ttl="0"/>
<address addr="192.97.122.66" addrtype="ipv4"/>
<hostnames>
</hostnames>
<ports><extraports state="filtered" count="65535">
<extrareasons reason="no-response" count="65535" proto="tcp" ports="1-65535"/>
</extraports>
</ports>
</host>
<host starttime="1737462862" endtime="1737466991"><status state="up" reason="user-set" reason_ttl="0"/>
<address addr="192.97.123.66" addrtype="ipv4"/>
<hostnames>
</hostnames>
<ports><extraports state="filtered" count="65535">
<extrareasons reason="no-response" count="65535" proto="tcp" ports="1-65535"/>
</extraports>
</ports>
</host>
<host starttime="1737466991" endtime="1737472944"><status state="up" reason="user-set" reason_ttl="0"/>
<address addr="193.53.10.170" addrtype="ipv4"/>
<hostnames>
<hostname name="sve32vxrvc01.sgbc.socgen" type="PTR"/>
</hostnames>
<ports><extraports state="filtered" count="65535">
<extrareasons reason="no-response" count="65535" proto="tcp" ports="1-65535"/>
</extraports>
</ports>
</host>
<host starttime="1737466991" endtime="1737472944"><status state="up" reason="user-set" reason_ttl="0"/>
<address addr="193.53.10.172" addrtype="ipv4"/>
<hostnames>
<hostname name="sve32vxrmng01.sgbc.socgen" type="PTR"/>
</hostnames>
<ports><extraports state="filtered" count="65535">
<extrareasons reason="no-response" count="65535" proto="tcp" ports="1-65535"/>
</extraports>
</ports>
</host>
<host starttime="1737466991" endtime="1737472944"><status state="up" reason="user-set" reason_ttl="0"/>
<address addr="193.53.10.176" addrtype="ipv4"/>
<hostnames>
<hostname name="swe32veemng01.SGBC.SOCGEN" type="PTR"/>
</hostnames>
<ports><extraports state="filtered" count="65535">
<extrareasons reason="no-response" count="65535" proto="tcp" ports="1-65535"/>
</extraports>
</ports>
</host>
<host starttime="1737466991" endtime="1737472944"><status state="up" reason="user-set" reason_ttl="0"/>
<address addr="193.53.10.178" addrtype="ipv4"/>
<hostnames>
</hostnames>
<ports><extraports state="filtered" count="65535">
<extrareasons reason="no-response" count="65535" proto="tcp" ports="1-65535"/>
</extraports>
</ports>
</host>
<host starttime="1737466991" endtime="1737472944"><status state="up" reason="user-set" reason_ttl="0"/>
<address addr="193.53.10.179" addrtype="ipv4"/>
<hostnames>
</hostnames>
<ports><extraports state="filtered" count="65535">
<extrareasons reason="no-response" count="65535" proto="tcp" ports="1-65535"/>
</extraports>
</ports>
</host>
<host starttime="1737466991" endtime="1737472942"><status state="up" reason="user-set" reason_ttl="0"/>
<address addr="193.53.2.170" addrtype="ipv4"/>
<hostnames>
<hostname name="pve32vxrvc01.sgbc.socgen" type="PTR"/>
</hostnames>
<ports><extraports state="filtered" count="65535">
<extrareasons reason="no-response" count="65535" proto="tcp" ports="1-65535"/>
</extraports>
</ports>
</host>
<host starttime="1737466991" endtime="1737472944"><status state="up" reason="user-set" reason_ttl="0"/>
<address addr="193.53.2.172" addrtype="ipv4"/>
<hostnames>
<hostname name="pve32vxrmng01.sgbc.socgen" type="PTR"/>
</hostnames>
<ports><extraports state="filtered" count="65535">
<extrareasons reason="no-response" count="65535" proto="tcp" ports="1-65535"/>
</extraports>
</ports>
</host>
<host starttime="1737466991" endtime="1737472944"><status state="up" reason="user-set" reason_ttl="0"/>
<address addr="193.53.2.173" addrtype="ipv4"/>
<hostnames>
<hostname name="pve32vxresr01.sgbc.socgen" type="PTR"/>
</hostnames>
<ports><extraports state="filtered" count="65535">
<extrareasons reason="no-response" count="65535" proto="tcp" ports="1-65535"/>
</extraports>
</ports>
</host>
<host starttime="1737466991" endtime="1737472944"><status state="up" reason="user-set" reason_ttl="0"/>
<address addr="193.53.2.174" addrtype="ipv4"/>
<hostnames>
<hostname name="pve32vxrlog01.sgbc.socgen" type="PTR"/>
</hostnames>
<ports><extraports state="filtered" count="65535">
<extrareasons reason="no-response" count="65535" proto="tcp" ports="1-65535"/>
</extraports>
</ports>
</host>
<host starttime="1737466991" endtime="1737472943"><status state="up" reason="user-set" reason_ttl="0"/>
<address addr="193.53.2.176" addrtype="ipv4"/>
<hostnames>
<hostname name="pwe32veemng01.sgbc.socgen" type="PTR"/>
</hostnames>
<ports><extraports state="filtered" count="65535">
<extrareasons reason="no-response" count="65535" proto="tcp" ports="1-65535"/>
</extraports>
</ports>
</host>
<host starttime="1737466991" endtime="1737472944"><status state="up" reason="user-set" reason_ttl="0"/>
<address addr="193.53.2.178" addrtype="ipv4"/>
<hostnames>
<hostname name="pwe32veeprx02.sgbc.socgen" type="PTR"/>
</hostnames>
<ports><extraports state="filtered" count="65535">
<extrareasons reason="no-response" count="65535" proto="tcp" ports="1-65535"/>
</extraports>
</ports>
</host>
<host starttime="1737466991" endtime="1737472943"><status state="up" reason="user-set" reason_ttl="0"/>
<address addr="193.53.2.180" addrtype="ipv4"/>
<hostnames>
<hostname name="pwe32veeprx04.sgbc.socgen" type="PTR"/>
</hostnames>
<ports><extraports state="filtered" count="65535">
<extrareasons reason="no-response" count="65535" proto="tcp" ports="1-65535"/>
</extraports>
</ports>
</host>
<runstats><finished time="1737472944" timestr="Tue Jan 21 16:22:24 2025" summary="Nmap done at Tue Jan 21 16:22:24 2025; 20 IP addresses (20 hosts up) scanned in 10099.33 seconds" elapsed="10099.33" exit="success"/><hosts up="20" down="0" total="20"/>
</runstats>
</nmaprun>
