<?xml version="1.0" encoding="UTF-8"?>
<!DOCTYPE nmaprun>
<?xml-stylesheet href="file:///C:/Program Files (x86)/Nmap/nmap.xsl" type="text/xsl"?>
<!-- Nmap 7.95 scan initiated Tue Jan 21 13:33:39 2025 as: &quot;C:\\Program Files (x86)\\Nmap\\nmap.exe&quot; -sS -Pn -p- -T4 -iL output\\scope22.txt -oA output\\open_port_scope22 -&#45;max-rtt-timeout 100ms -&#45;max-retries 3 -&#45;defeat-rst-ratelimit -&#45;min-rate 450 -&#45;max-rate 15000 -->
<nmaprun scanner="nmap" args="&quot;C:\\Program Files (x86)\\Nmap\\nmap.exe&quot; -sS -Pn -p- -T4 -iL output\\scope22.txt -oA output\\open_port_scope22 -&#45;max-rtt-timeout 100ms -&#45;max-retries 3 -&#45;defeat-rst-ratelimit -&#45;min-rate 450 -&#45;max-rate 15000" start="1737462819" startstr="Tue Jan 21 13:33:39 2025" version="7.95" xmloutputversion="1.05">
<scaninfo type="syn" protocol="tcp" numservices="65535" services="1-65535"/>
<verbose level="0"/>
<debugging level="0"/>
<host starttime="1737462836" endtime="1737466990"><status state="up" reason="user-set" reason_ttl="0"/>
<address addr="10.50.38.2" addrtype="ipv4"/>
<hostnames>
</hostnames>
<ports><extraports state="filtered" count="65535">
<extrareasons reason="no-response" count="65535" proto="tcp" ports="1-65535"/>
</extraports>
</ports>
</host>
<host starttime="1737462836" endtime="1737466991"><status state="up" reason="user-set" reason_ttl="0"/>
<address addr="10.50.39.2" addrtype="ipv4"/>
<hostnames>
</hostnames>
<ports><extraports state="filtered" count="65535">
<extrareasons reason="no-response" count="65535" proto="tcp" ports="1-65535"/>
</extraports>
</ports>
</host>
<host starttime="1737462836" endtime="1737466991"><status state="up" reason="user-set" reason_ttl="0"/>
<address addr="10.50.39.3" addrtype="ipv4"/>
<hostnames>
</hostnames>
<ports><extraports state="filtered" count="65535">
<extrareasons reason="no-response" count="65535" proto="tcp" ports="1-65535"/>
</extraports>
</ports>
</host>
<host starttime="1737462836" endtime="1737466991"><status state="up" reason="user-set" reason_ttl="0"/>
<address addr="10.50.39.4" addrtype="ipv4"/>
<hostnames>
</hostnames>
<ports><extraports state="filtered" count="65535">
<extrareasons reason="no-response" count="65535" proto="tcp" ports="1-65535"/>
</extraports>
</ports>
</host>
<host starttime="1737462836" endtime="1737466992"><status state="up" reason="user-set" reason_ttl="0"/>
<address addr="10.50.39.5" addrtype="ipv4"/>
<hostnames>
</hostnames>
<ports><extraports state="filtered" count="65535">
<extrareasons reason="no-response" count="65535" proto="tcp" ports="1-65535"/>
</extraports>
</ports>
</host>
<host starttime="1737462836" endtime="1737466992"><status state="up" reason="user-set" reason_ttl="0"/>
<address addr="10.50.4.1" addrtype="ipv4"/>
<hostnames>
</hostnames>
<ports><extraports state="filtered" count="65535">
<extrareasons reason="no-response" count="65535" proto="tcp" ports="1-65535"/>
</extraports>
</ports>
</host>
<host starttime="1737462836" endtime="1737466991"><status state="up" reason="user-set" reason_ttl="0"/>
<address addr="10.50.40.1" addrtype="ipv4"/>
<hostnames>
</hostnames>
<ports><extraports state="filtered" count="65535">
<extrareasons reason="no-response" count="65535" proto="tcp" ports="1-65535"/>
</extraports>
</ports>
</host>
<host starttime="1737462836" endtime="1737466992"><status state="up" reason="user-set" reason_ttl="0"/>
<address addr="10.50.40.2" addrtype="ipv4"/>
<hostnames>
</hostnames>
<ports><extraports state="filtered" count="65535">
<extrareasons reason="no-response" count="65535" proto="tcp" ports="1-65535"/>
</extraports>
</ports>
</host>
<taskprogress task="SYN Stealth Scan" time="1737467356" percent="4.50" remaining="7725" etc="1737475080"/>
<taskprogress task="SYN Stealth Scan" time="1737467826" percent="10.57" remaining="7056" etc="1737474881"/>
<host starttime="1737466992" endtime="1737472952"><status state="up" reason="user-set" reason_ttl="0"/>
<address addr="10.50.41.1" addrtype="ipv4"/>
<hostnames>
</hostnames>
<ports><extraports state="filtered" count="65535">
<extrareasons reason="no-response" count="65535" proto="tcp" ports="1-65535"/>
</extraports>
</ports>
</host>
<host starttime="1737466992" endtime="1737472952"><status state="up" reason="user-set" reason_ttl="0"/>
<address addr="10.50.43.1" addrtype="ipv4"/>
<hostnames>
</hostnames>
<ports><extraports state="filtered" count="65535">
<extrareasons reason="no-response" count="65535" proto="tcp" ports="1-65535"/>
</extraports>
</ports>
</host>
<host starttime="1737466992" endtime="1737472952"><status state="up" reason="user-set" reason_ttl="0"/>
<address addr="10.50.48.1" addrtype="ipv4"/>
<hostnames>
</hostnames>
<ports><extraports state="filtered" count="65535">
<extrareasons reason="no-response" count="65535" proto="tcp" ports="1-65535"/>
</extraports>
</ports>
</host>
<host starttime="1737466992" endtime="1737472952"><status state="up" reason="user-set" reason_ttl="0"/>
<address addr="10.50.48.2" addrtype="ipv4"/>
<hostnames>
</hostnames>
<ports><extraports state="filtered" count="65535">
<extrareasons reason="no-response" count="65535" proto="tcp" ports="1-65535"/>
</extraports>
</ports>
</host>
<host starttime="1737466992" endtime="1737472952"><status state="up" reason="user-set" reason_ttl="0"/>
<address addr="10.50.49.1" addrtype="ipv4"/>
<hostnames>
</hostnames>
<ports><extraports state="filtered" count="65535">
<extrareasons reason="no-response" count="65535" proto="tcp" ports="1-65535"/>
</extraports>
</ports>
</host>
<host starttime="1737466992" endtime="1737472952"><status state="up" reason="user-set" reason_ttl="0"/>
<address addr="10.50.49.2" addrtype="ipv4"/>
<hostnames>
</hostnames>
<ports><extraports state="filtered" count="65535">
<extrareasons reason="no-response" count="65535" proto="tcp" ports="1-65535"/>
</extraports>
</ports>
</host>
<host starttime="1737466992" endtime="1737472952"><status state="up" reason="user-set" reason_ttl="0"/>
<address addr="10.50.5.1" addrtype="ipv4"/>
<hostnames>
</hostnames>
<ports><extraports state="filtered" count="65535">
<extrareasons reason="no-response" count="65535" proto="tcp" ports="1-65535"/>
</extraports>
</ports>
</host>
<host starttime="1737466992" endtime="1737472952"><status state="up" reason="user-set" reason_ttl="0"/>
<address addr="10.50.5.14" addrtype="ipv4"/>
<hostnames>
</hostnames>
<ports><extraports state="filtered" count="65535">
<extrareasons reason="no-response" count="65535" proto="tcp" ports="1-65535"/>
</extraports>
</ports>
</host>
<host starttime="1737466992" endtime="1737472952"><status state="up" reason="user-set" reason_ttl="0"/>
<address addr="10.50.5.15" addrtype="ipv4"/>
<hostnames>
</hostnames>
<ports><extraports state="filtered" count="65535">
<extrareasons reason="no-response" count="65535" proto="tcp" ports="1-65535"/>
</extraports>
</ports>
</host>
<host starttime="1737466992" endtime="1737472952"><status state="up" reason="user-set" reason_ttl="0"/>
<address addr="10.50.5.19" addrtype="ipv4"/>
<hostnames>
</hostnames>
<ports><extraports state="filtered" count="65535">
<extrareasons reason="no-response" count="65535" proto="tcp" ports="1-65535"/>
</extraports>
</ports>
</host>
<host starttime="1737466992" endtime="1737472952"><status state="up" reason="user-set" reason_ttl="0"/>
<address addr="10.50.5.2" addrtype="ipv4"/>
<hostnames>
</hostnames>
<ports><extraports state="filtered" count="65535">
<extrareasons reason="no-response" count="65535" proto="tcp" ports="1-65535"/>
</extraports>
</ports>
</host>
<host starttime="1737466992" endtime="1737472952"><status state="up" reason="user-set" reason_ttl="0"/>
<address addr="10.50.5.3" addrtype="ipv4"/>
<hostnames>
</hostnames>
<ports><extraports state="filtered" count="65535">
<extrareasons reason="no-response" count="65535" proto="tcp" ports="1-65535"/>
</extraports>
</ports>
</host>
<runstats><finished time="1737472952" timestr="Tue Jan 21 16:22:32 2025" summary="Nmap done at Tue Jan 21 16:22:32 2025; 20 IP addresses (20 hosts up) scanned in 10133.37 seconds" elapsed="10133.37" exit="success"/><hosts up="20" down="0" total="20"/>
</runstats>
</nmaprun>
