<?xml version="1.0" encoding="UTF-8"?>
<!DOCTYPE nmaprun>
<?xml-stylesheet href="file:///C:/Program Files (x86)/Nmap/nmap.xsl" type="text/xsl"?>
<!-- Nmap 7.95 scan initiated Tue Jan 21 13:33:23 2025 as: &quot;C:\\Program Files (x86)\\Nmap\\nmap.exe&quot; -sS -Pn -p- -T4 -iL output\\scope15.txt -oA output\\open_port_scope15 -&#45;max-rtt-timeout 100ms -&#45;max-retries 3 -&#45;defeat-rst-ratelimit -&#45;min-rate 450 -&#45;max-rate 15000 -->
<nmaprun scanner="nmap" args="&quot;C:\\Program Files (x86)\\Nmap\\nmap.exe&quot; -sS -Pn -p- -T4 -iL output\\scope15.txt -oA output\\open_port_scope15 -&#45;max-rtt-timeout 100ms -&#45;max-retries 3 -&#45;defeat-rst-ratelimit -&#45;min-rate 450 -&#45;max-rate 15000" start="1737462803" startstr="Tue Jan 21 13:33:23 2025" version="7.95" xmloutputversion="1.05">
<scaninfo type="syn" protocol="tcp" numservices="65535" services="1-65535"/>
<verbose level="0"/>
<debugging level="0"/>
<taskprogress task="SYN Stealth Scan" time="1737463488" percent="22.30" remaining="2328" etc="1737465816"/>
<host starttime="1737462820" endtime="1737466990"><status state="up" reason="user-set" reason_ttl="0"/>
<address addr="10.37.250.1" addrtype="ipv4"/>
<hostnames>
</hostnames>
<ports><extraports state="filtered" count="65533">
<extrareasons reason="no-response" count="65533" proto="tcp" ports="1-1999,2001-5059,5061-65535"/>
</extraports>
<port protocol="tcp" portid="2000"><state state="open" reason="syn-ack" reason_ttl="64"/><service name="cisco-sccp" method="table" conf="3"/></port>
<port protocol="tcp" portid="5060"><state state="open" reason="syn-ack" reason_ttl="64"/><service name="sip" method="table" conf="3"/></port>
</ports>
<times srtt="43156" rttvar="16332" to="100000"/>
</host>
<host starttime="1737462820" endtime="1737466990"><status state="up" reason="user-set" reason_ttl="0"/>
<address addr="10.39.123.1" addrtype="ipv4"/>
<hostnames>
</hostnames>
<ports><extraports state="filtered" count="65532">
<extrareasons reason="no-response" count="65532" proto="tcp" ports="1-1999,2001-5059,5061-5799,5801-65535"/>
</extraports>
<port protocol="tcp" portid="2000"><state state="open" reason="syn-ack" reason_ttl="64"/><service name="cisco-sccp" method="table" conf="3"/></port>
<port protocol="tcp" portid="5060"><state state="open" reason="syn-ack" reason_ttl="64"/><service name="sip" method="table" conf="3"/></port>
<port protocol="tcp" portid="5800"><state state="closed" reason="reset" reason_ttl="252"/><service name="vnc-http" method="table" conf="3"/></port>
</ports>
<times srtt="39912" rttvar="15163" to="100000"/>
</host>
<host starttime="1737462820" endtime="1737466988"><status state="up" reason="user-set" reason_ttl="0"/>
<address addr="10.39.123.2" addrtype="ipv4"/>
<hostnames>
</hostnames>
<ports><extraports state="filtered" count="65533">
<extrareasons reason="no-response" count="65533" proto="tcp" ports="1-1999,2001-5059,5061-65535"/>
</extraports>
<port protocol="tcp" portid="2000"><state state="open" reason="syn-ack" reason_ttl="64"/><service name="cisco-sccp" method="table" conf="3"/></port>
<port protocol="tcp" portid="5060"><state state="open" reason="syn-ack" reason_ttl="64"/><service name="sip" method="table" conf="3"/></port>
</ports>
<times srtt="41760" rttvar="16845" to="100000"/>
</host>
<host starttime="1737462820" endtime="1737466989"><status state="up" reason="user-set" reason_ttl="0"/>
<address addr="10.39.250.11" addrtype="ipv4"/>
<hostnames>
</hostnames>
<ports><extraports state="filtered" count="65533">
<extrareasons reason="no-response" count="65533" proto="tcp" ports="1-1999,2001-5059,5061-65535"/>
</extraports>
<port protocol="tcp" portid="2000"><state state="open" reason="syn-ack" reason_ttl="64"/><service name="cisco-sccp" method="table" conf="3"/></port>
<port protocol="tcp" portid="5060"><state state="open" reason="syn-ack" reason_ttl="64"/><service name="sip" method="table" conf="3"/></port>
</ports>
<times srtt="34903" rttvar="19522" to="100000"/>
</host>
<host starttime="1737462820" endtime="1737466989"><status state="up" reason="user-set" reason_ttl="0"/>
<address addr="10.39.250.12" addrtype="ipv4"/>
<hostnames>
</hostnames>
<ports><extraports state="filtered" count="65533">
<extrareasons reason="no-response" count="65533" proto="tcp" ports="1-1999,2001-5059,5061-65535"/>
</extraports>
<port protocol="tcp" portid="2000"><state state="open" reason="syn-ack" reason_ttl="64"/><service name="cisco-sccp" method="table" conf="3"/></port>
<port protocol="tcp" portid="5060"><state state="open" reason="syn-ack" reason_ttl="64"/><service name="sip" method="table" conf="3"/></port>
</ports>
<times srtt="35635" rttvar="17600" to="100000"/>
</host>
<host starttime="1737462820" endtime="1737466990"><status state="up" reason="user-set" reason_ttl="0"/>
<address addr="10.39.250.13" addrtype="ipv4"/>
<hostnames>
</hostnames>
<ports><extraports state="filtered" count="65533">
<extrareasons reason="no-response" count="65533" proto="tcp" ports="1-1999,2001-5059,5061-65535"/>
</extraports>
<port protocol="tcp" portid="2000"><state state="open" reason="syn-ack" reason_ttl="64"/><service name="cisco-sccp" method="table" conf="3"/></port>
<port protocol="tcp" portid="5060"><state state="open" reason="syn-ack" reason_ttl="64"/><service name="sip" method="table" conf="3"/></port>
</ports>
<times srtt="36831" rttvar="21350" to="100000"/>
</host>
<host starttime="1737462820" endtime="1737466991"><status state="up" reason="user-set" reason_ttl="0"/>
<address addr="10.4.123.1" addrtype="ipv4"/>
<hostnames>
</hostnames>
<ports><extraports state="filtered" count="65532">
<extrareasons reason="no-response" count="65532" proto="tcp" ports="1-1999,2001-5059,5061-5799,5801-65535"/>
</extraports>
<port protocol="tcp" portid="2000"><state state="open" reason="syn-ack" reason_ttl="64"/><service name="cisco-sccp" method="table" conf="3"/></port>
<port protocol="tcp" portid="5060"><state state="open" reason="syn-ack" reason_ttl="64"/><service name="sip" method="table" conf="3"/></port>
<port protocol="tcp" portid="5800"><state state="closed" reason="reset" reason_ttl="252"/><service name="vnc-http" method="table" conf="3"/></port>
</ports>
<times srtt="37935" rttvar="20882" to="100000"/>
</host>
<host starttime="1737462820" endtime="1737466989"><status state="up" reason="user-set" reason_ttl="0"/>
<address addr="10.4.123.2" addrtype="ipv4"/>
<hostnames>
</hostnames>
<ports><extraports state="filtered" count="65533">
<extrareasons reason="no-response" count="65533" proto="tcp" ports="1-1999,2001-5059,5061-65535"/>
</extraports>
<port protocol="tcp" portid="2000"><state state="open" reason="syn-ack" reason_ttl="64"/><service name="cisco-sccp" method="table" conf="3"/></port>
<port protocol="tcp" portid="5060"><state state="open" reason="syn-ack" reason_ttl="64"/><service name="sip" method="table" conf="3"/></port>
</ports>
<times srtt="38297" rttvar="18364" to="100000"/>
</host>
<taskprogress task="SYN Stealth Scan" time="1737467535" percent="6.74" remaining="7532" etc="1737475066"/>
<taskprogress task="SYN Stealth Scan" time="1737467535" percent="6.74" remaining="7528" etc="1737475062"/>
<taskprogress task="SYN Stealth Scan" time="1737470630" percent="53.56" remaining="3155" etc="1737473785"/>
<taskprogress task="SYN Stealth Scan" time="1737470630" percent="53.57" remaining="3155" etc="1737473784"/>
<host starttime="1737466991" endtime="1737472950"><status state="up" reason="user-set" reason_ttl="0"/>
<address addr="10.4.250.11" addrtype="ipv4"/>
<hostnames>
</hostnames>
<ports><extraports state="filtered" count="65535">
<extrareasons reason="no-response" count="65535" proto="tcp" ports="1-65535"/>
</extraports>
</ports>
</host>
<host starttime="1737466991" endtime="1737472951"><status state="up" reason="user-set" reason_ttl="0"/>
<address addr="10.40.100.5" addrtype="ipv4"/>
<hostnames>
</hostnames>
<ports><extraports state="filtered" count="65535">
<extrareasons reason="no-response" count="65535" proto="tcp" ports="1-65535"/>
</extraports>
</ports>
</host>
<host starttime="1737466991" endtime="1737472950"><status state="up" reason="user-set" reason_ttl="0"/>
<address addr="10.40.100.6" addrtype="ipv4"/>
<hostnames>
</hostnames>
<ports><extraports state="filtered" count="65535">
<extrareasons reason="no-response" count="65535" proto="tcp" ports="1-65535"/>
</extraports>
</ports>
</host>
<host starttime="1737466991" endtime="1737472951"><status state="up" reason="user-set" reason_ttl="0"/>
<address addr="10.40.123.1" addrtype="ipv4"/>
<hostnames>
</hostnames>
<ports><extraports state="filtered" count="65535">
<extrareasons reason="no-response" count="65535" proto="tcp" ports="1-65535"/>
</extraports>
</ports>
</host>
<host starttime="1737466991" endtime="1737472949"><status state="up" reason="user-set" reason_ttl="0"/>
<address addr="10.40.123.2" addrtype="ipv4"/>
<hostnames>
</hostnames>
<ports><extraports state="filtered" count="65535">
<extrareasons reason="no-response" count="65535" proto="tcp" ports="1-65535"/>
</extraports>
</ports>
</host>
<host starttime="1737466991" endtime="1737472950"><status state="up" reason="user-set" reason_ttl="0"/>
<address addr="10.40.250.11" addrtype="ipv4"/>
<hostnames>
</hostnames>
<ports><extraports state="filtered" count="65535">
<extrareasons reason="no-response" count="65535" proto="tcp" ports="1-65535"/>
</extraports>
</ports>
</host>
<host starttime="1737466991" endtime="1737472950"><status state="up" reason="user-set" reason_ttl="0"/>
<address addr="10.40.250.12" addrtype="ipv4"/>
<hostnames>
</hostnames>
<ports><extraports state="filtered" count="65535">
<extrareasons reason="no-response" count="65535" proto="tcp" ports="1-65535"/>
</extraports>
</ports>
</host>
<host starttime="1737466991" endtime="1737472951"><status state="up" reason="user-set" reason_ttl="0"/>
<address addr="10.40.250.13" addrtype="ipv4"/>
<hostnames>
</hostnames>
<ports><extraports state="filtered" count="65535">
<extrareasons reason="no-response" count="65535" proto="tcp" ports="1-65535"/>
</extraports>
</ports>
</host>
<host starttime="1737466991" endtime="1737472951"><status state="up" reason="user-set" reason_ttl="0"/>
<address addr="10.40.250.3" addrtype="ipv4"/>
<hostnames>
</hostnames>
<ports><extraports state="filtered" count="65535">
<extrareasons reason="no-response" count="65535" proto="tcp" ports="1-65535"/>
</extraports>
</ports>
</host>
<host starttime="1737466991" endtime="1737472950"><status state="up" reason="user-set" reason_ttl="0"/>
<address addr="10.41.123.1" addrtype="ipv4"/>
<hostnames>
</hostnames>
<ports><extraports state="filtered" count="65535">
<extrareasons reason="no-response" count="65535" proto="tcp" ports="1-65535"/>
</extraports>
</ports>
</host>
<host starttime="1737466991" endtime="1737472950"><status state="up" reason="user-set" reason_ttl="0"/>
<address addr="10.41.123.2" addrtype="ipv4"/>
<hostnames>
</hostnames>
<ports><extraports state="filtered" count="65535">
<extrareasons reason="no-response" count="65535" proto="tcp" ports="1-65535"/>
</extraports>
</ports>
</host>
<host starttime="1737466991" endtime="1737472950"><status state="up" reason="user-set" reason_ttl="0"/>
<address addr="10.41.250.1" addrtype="ipv4"/>
<hostnames>
</hostnames>
<ports><extraports state="filtered" count="65535">
<extrareasons reason="no-response" count="65535" proto="tcp" ports="1-65535"/>
</extraports>
</ports>
</host>
<runstats><finished time="1737474291" timestr="Tue Jan 21 16:44:51 2025" summary="Nmap done at Tue Jan 21 16:44:51 2025; 20 IP addresses (20 hosts up) scanned in 11488.04 seconds" elapsed="11488.04" exit="success"/><hosts up="20" down="0" total="20"/>
</runstats>
</nmaprun>
