<?xml version="1.0" encoding="UTF-8"?>
<!DOCTYPE nmaprun>
<?xml-stylesheet href="file:///C:/Program Files (x86)/Nmap/nmap.xsl" type="text/xsl"?>
<!-- Nmap 7.95 scan initiated Tue Jan 21 13:33:45 2025 as: &quot;C:\\Program Files (x86)\\Nmap\\nmap.exe&quot; -sS -Pn -p- -T4 -iL output\\scope25.txt -oA output\\open_port_scope25 -&#45;max-rtt-timeout 100ms -&#45;max-retries 3 -&#45;defeat-rst-ratelimit -&#45;min-rate 450 -&#45;max-rate 15000 -->
<nmaprun scanner="nmap" args="&quot;C:\\Program Files (x86)\\Nmap\\nmap.exe&quot; -sS -Pn -p- -T4 -iL output\\scope25.txt -oA output\\open_port_scope25 -&#45;max-rtt-timeout 100ms -&#45;max-retries 3 -&#45;defeat-rst-ratelimit -&#45;min-rate 450 -&#45;max-rate 15000" start="1737462825" startstr="Tue Jan 21 13:33:45 2025" version="7.95" xmloutputversion="1.05">
<scaninfo type="syn" protocol="tcp" numservices="65535" services="1-65535"/>
<verbose level="0"/>
<debugging level="0"/>
<host starttime="1737462842" endtime="1737466993"><status state="up" reason="user-set" reason_ttl="0"/>
<address addr="10.60.123.2" addrtype="ipv4"/>
<hostnames>
</hostnames>
<ports><extraports state="filtered" count="65535">
<extrareasons reason="no-response" count="65535" proto="tcp" ports="1-65535"/>
</extraports>
</ports>
</host>
<host starttime="1737462842" endtime="1737466992"><status state="up" reason="user-set" reason_ttl="0"/>
<address addr="10.61.123.2" addrtype="ipv4"/>
<hostnames>
</hostnames>
<ports><extraports state="filtered" count="65535">
<extrareasons reason="no-response" count="65535" proto="tcp" ports="1-65535"/>
</extraports>
</ports>
</host>
<host starttime="1737462842" endtime="1737466993"><status state="up" reason="user-set" reason_ttl="0"/>
<address addr="10.7.123.1" addrtype="ipv4"/>
<hostnames>
</hostnames>
<ports><extraports state="filtered" count="65535">
<extrareasons reason="no-response" count="65535" proto="tcp" ports="1-65535"/>
</extraports>
</ports>
</host>
<host starttime="1737462842" endtime="1737466992"><status state="up" reason="user-set" reason_ttl="0"/>
<address addr="10.7.123.2" addrtype="ipv4"/>
<hostnames>
</hostnames>
<ports><extraports state="filtered" count="65535">
<extrareasons reason="no-response" count="65535" proto="tcp" ports="1-65535"/>
</extraports>
</ports>
</host>
<host starttime="1737462842" endtime="1737466994"><status state="up" reason="user-set" reason_ttl="0"/>
<address addr="10.7.250.11" addrtype="ipv4"/>
<hostnames>
</hostnames>
<ports><extraports state="filtered" count="65535">
<extrareasons reason="no-response" count="65535" proto="tcp" ports="1-65535"/>
</extraports>
</ports>
</host>
<host starttime="1737462842" endtime="1737466994"><status state="up" reason="user-set" reason_ttl="0"/>
<address addr="10.7.250.2" addrtype="ipv4"/>
<hostnames>
</hostnames>
<ports><extraports state="filtered" count="65535">
<extrareasons reason="no-response" count="65535" proto="tcp" ports="1-65535"/>
</extraports>
</ports>
</host>
<host starttime="1737462842" endtime="1737466992"><status state="up" reason="user-set" reason_ttl="0"/>
<address addr="10.77.123.1" addrtype="ipv4"/>
<hostnames>
</hostnames>
<ports><extraports state="filtered" count="65535">
<extrareasons reason="no-response" count="65535" proto="tcp" ports="1-65535"/>
</extraports>
</ports>
</host>
<host starttime="1737462842" endtime="1737466992"><status state="up" reason="user-set" reason_ttl="0"/>
<address addr="10.77.123.2" addrtype="ipv4"/>
<hostnames>
</hostnames>
<ports><extraports state="filtered" count="65535">
<extrareasons reason="no-response" count="65535" proto="tcp" ports="1-65535"/>
</extraports>
</ports>
</host>
<host starttime="1737466994" endtime="1737472943"><status state="up" reason="user-set" reason_ttl="0"/>
<address addr="10.77.250.2" addrtype="ipv4"/>
<hostnames>
</hostnames>
<ports><extraports state="filtered" count="65535">
<extrareasons reason="no-response" count="65535" proto="tcp" ports="1-65535"/>
</extraports>
</ports>
</host>
<host starttime="1737466994" endtime="1737472940"><status state="up" reason="user-set" reason_ttl="0"/>
<address addr="10.8.123.1" addrtype="ipv4"/>
<hostnames>
</hostnames>
<ports><extraports state="filtered" count="65535">
<extrareasons reason="no-response" count="65535" proto="tcp" ports="1-65535"/>
</extraports>
</ports>
</host>
<host starttime="1737466994" endtime="1737472943"><status state="up" reason="user-set" reason_ttl="0"/>
<address addr="10.8.123.2" addrtype="ipv4"/>
<hostnames>
</hostnames>
<ports><extraports state="filtered" count="65535">
<extrareasons reason="no-response" count="65535" proto="tcp" ports="1-65535"/>
</extraports>
</ports>
</host>
<host starttime="1737466994" endtime="1737472943"><status state="up" reason="user-set" reason_ttl="0"/>
<address addr="10.8.250.11" addrtype="ipv4"/>
<hostnames>
</hostnames>
<ports><extraports state="filtered" count="65535">
<extrareasons reason="no-response" count="65535" proto="tcp" ports="1-65535"/>
</extraports>
</ports>
</host>
<host starttime="1737466994" endtime="1737472943"><status state="up" reason="user-set" reason_ttl="0"/>
<address addr="10.8.250.2" addrtype="ipv4"/>
<hostnames>
</hostnames>
<ports><extraports state="filtered" count="65535">
<extrareasons reason="no-response" count="65535" proto="tcp" ports="1-65535"/>
</extraports>
</ports>
</host>
<host starttime="1737466994" endtime="1737472943"><status state="up" reason="user-set" reason_ttl="0"/>
<address addr="10.8.250.3" addrtype="ipv4"/>
<hostnames>
</hostnames>
<ports><extraports state="filtered" count="65535">
<extrareasons reason="no-response" count="65535" proto="tcp" ports="1-65535"/>
</extraports>
</ports>
</host>
<host starttime="1737466994" endtime="1737472943"><status state="up" reason="user-set" reason_ttl="0"/>
<address addr="10.81.123.2" addrtype="ipv4"/>
<hostnames>
</hostnames>
<ports><extraports state="filtered" count="65535">
<extrareasons reason="no-response" count="65535" proto="tcp" ports="1-65535"/>
</extraports>
</ports>
</host>
<host starttime="1737466994" endtime="1737472941"><status state="up" reason="user-set" reason_ttl="0"/>
<address addr="10.9.123.1" addrtype="ipv4"/>
<hostnames>
</hostnames>
<ports><extraports state="filtered" count="65535">
<extrareasons reason="no-response" count="65535" proto="tcp" ports="1-65535"/>
</extraports>
</ports>
</host>
<host starttime="1737466994" endtime="1737472943"><status state="up" reason="user-set" reason_ttl="0"/>
<address addr="10.9.123.2" addrtype="ipv4"/>
<hostnames>
</hostnames>
<ports><extraports state="filtered" count="65535">
<extrareasons reason="no-response" count="65535" proto="tcp" ports="1-65535"/>
</extraports>
</ports>
</host>
<host starttime="1737466994" endtime="1737472943"><status state="up" reason="user-set" reason_ttl="0"/>
<address addr="10.9.250.11" addrtype="ipv4"/>
<hostnames>
</hostnames>
<ports><extraports state="filtered" count="65535">
<extrareasons reason="no-response" count="65535" proto="tcp" ports="1-65535"/>
</extraports>
</ports>
</host>
<host starttime="1737466994" endtime="1737472943"><status state="up" reason="user-set" reason_ttl="0"/>
<address addr="10.9.252.5" addrtype="ipv4"/>
<hostnames>
</hostnames>
<ports><extraports state="filtered" count="65535">
<extrareasons reason="no-response" count="65535" proto="tcp" ports="1-65535"/>
</extraports>
</ports>
</host>
<host starttime="1737466994" endtime="1737472943"><status state="up" reason="user-set" reason_ttl="0"/>
<address addr="10.9.252.6" addrtype="ipv4"/>
<hostnames>
</hostnames>
<ports><extraports state="filtered" count="65535">
<extrareasons reason="no-response" count="65535" proto="tcp" ports="1-65535"/>
</extraports>
</ports>
</host>
<runstats><finished time="1737472944" timestr="Tue Jan 21 16:22:24 2025" summary="Nmap done at Tue Jan 21 16:22:24 2025; 20 IP addresses (20 hosts up) scanned in 10118.74 seconds" elapsed="10118.74" exit="success"/><hosts up="20" down="0" total="20"/>
</runstats>
</nmaprun>
