<?xml version="1.0" encoding="UTF-8"?>
<!DOCTYPE nmaprun>
<?xml-stylesheet href="file:///C:/Program Files (x86)/Nmap/nmap.xsl" type="text/xsl"?>
<!-- Nmap 7.95 scan initiated Tue Jan 21 13:34:13 2025 as: &quot;C:\\Program Files (x86)\\Nmap\\nmap.exe&quot; -sS -Pn -p- -T4 -iL output\\scope6.txt -oA output\\open_port_scope6 -&#45;max-rtt-timeout 100ms -&#45;max-retries 3 -&#45;defeat-rst-ratelimit -&#45;min-rate 450 -&#45;max-rate 15000 -->
<nmaprun scanner="nmap" args="&quot;C:\\Program Files (x86)\\Nmap\\nmap.exe&quot; -sS -Pn -p- -T4 -iL output\\scope6.txt -oA output\\open_port_scope6 -&#45;max-rtt-timeout 100ms -&#45;max-retries 3 -&#45;defeat-rst-ratelimit -&#45;min-rate 450 -&#45;max-rate 15000" start="1737462853" startstr="Tue Jan 21 13:34:13 2025" version="7.95" xmloutputversion="1.05">
<scaninfo type="syn" protocol="tcp" numservices="65535" services="1-65535"/>
<verbose level="0"/>
<debugging level="0"/>
<taskprogress task="SYN Stealth Scan" time="1737464923" percent="50.56" remaining="2008" etc="1737466930"/>
<taskprogress task="SYN Stealth Scan" time="1737465851" percent="75.47" remaining="969" etc="1737466820"/>
<host starttime="1737462870" endtime="1737467019"><status state="up" reason="user-set" reason_ttl="0"/>
<address addr="10.2.102.6" addrtype="ipv4"/>
<hostnames>
</hostnames>
<ports><extraports state="filtered" count="65535">
<extrareasons reason="no-response" count="65535" proto="tcp" ports="1-65535"/>
</extraports>
</ports>
</host>
<host starttime="1737462870" endtime="1737467020"><status state="up" reason="user-set" reason_ttl="0"/>
<address addr="10.2.106.5" addrtype="ipv4"/>
<hostnames>
</hostnames>
<ports><extraports state="filtered" count="65535">
<extrareasons reason="no-response" count="65535" proto="tcp" ports="1-65535"/>
</extraports>
</ports>
</host>
<host starttime="1737462870" endtime="1737467021"><status state="up" reason="user-set" reason_ttl="0"/>
<address addr="10.2.123.1" addrtype="ipv4"/>
<hostnames>
</hostnames>
<ports><extraports state="filtered" count="65535">
<extrareasons reason="no-response" count="65535" proto="tcp" ports="1-65535"/>
</extraports>
</ports>
</host>
<host starttime="1737462870" endtime="1737467021"><status state="up" reason="user-set" reason_ttl="0"/>
<address addr="10.2.123.2" addrtype="ipv4"/>
<hostnames>
</hostnames>
<ports><extraports state="filtered" count="65535">
<extrareasons reason="no-response" count="65535" proto="tcp" ports="1-65535"/>
</extraports>
</ports>
</host>
<host starttime="1737462870" endtime="1737467015"><status state="up" reason="user-set" reason_ttl="0"/>
<address addr="10.2.250.11" addrtype="ipv4"/>
<hostnames>
</hostnames>
<ports><extraports state="filtered" count="65535">
<extrareasons reason="no-response" count="65535" proto="tcp" ports="1-65535"/>
</extraports>
</ports>
</host>
<host starttime="1737462870" endtime="1737467017"><status state="up" reason="user-set" reason_ttl="0"/>
<address addr="10.2.250.12" addrtype="ipv4"/>
<hostnames>
</hostnames>
<ports><extraports state="filtered" count="65535">
<extrareasons reason="no-response" count="65535" proto="tcp" ports="1-65535"/>
</extraports>
</ports>
</host>
<host starttime="1737462870" endtime="1737467020"><status state="up" reason="user-set" reason_ttl="0"/>
<address addr="10.2.250.13" addrtype="ipv4"/>
<hostnames>
</hostnames>
<ports><extraports state="filtered" count="65535">
<extrareasons reason="no-response" count="65535" proto="tcp" ports="1-65535"/>
</extraports>
</ports>
</host>
<host starttime="1737462870" endtime="1737467019"><status state="up" reason="user-set" reason_ttl="0"/>
<address addr="10.2.250.3" addrtype="ipv4"/>
<hostnames>
</hostnames>
<ports><extraports state="filtered" count="65535">
<extrareasons reason="no-response" count="65535" proto="tcp" ports="1-65535"/>
</extraports>
</ports>
</host>
<taskprogress task="SYN Stealth Scan" time="1737469133" percent="31.53" remaining="4587" etc="1737473719"/>
<host starttime="1737467021" endtime="1737472952"><status state="up" reason="user-set" reason_ttl="0"/>
<address addr="10.200.123.2" addrtype="ipv4"/>
<hostnames>
</hostnames>
<ports><extraports state="filtered" count="65535">
<extrareasons reason="no-response" count="65535" proto="tcp" ports="1-65535"/>
</extraports>
</ports>
</host>
<host starttime="1737467021" endtime="1737472953"><status state="up" reason="user-set" reason_ttl="0"/>
<address addr="10.22.123.1" addrtype="ipv4"/>
<hostnames>
</hostnames>
<ports><extraports state="filtered" count="65535">
<extrareasons reason="no-response" count="65535" proto="tcp" ports="1-65535"/>
</extraports>
</ports>
</host>
<host starttime="1737467021" endtime="1737472953"><status state="up" reason="user-set" reason_ttl="0"/>
<address addr="10.22.123.2" addrtype="ipv4"/>
<hostnames>
</hostnames>
<ports><extraports state="filtered" count="65535">
<extrareasons reason="no-response" count="65535" proto="tcp" ports="1-65535"/>
</extraports>
</ports>
</host>
<host starttime="1737467021" endtime="1737472953"><status state="up" reason="user-set" reason_ttl="0"/>
<address addr="10.22.250.1" addrtype="ipv4"/>
<hostnames>
</hostnames>
<ports><extraports state="filtered" count="65535">
<extrareasons reason="no-response" count="65535" proto="tcp" ports="1-65535"/>
</extraports>
</ports>
</host>
<host starttime="1737467021" endtime="1737472953"><status state="up" reason="user-set" reason_ttl="0"/>
<address addr="10.23.123.1" addrtype="ipv4"/>
<hostnames>
</hostnames>
<ports><extraports state="filtered" count="65535">
<extrareasons reason="no-response" count="65535" proto="tcp" ports="1-65535"/>
</extraports>
</ports>
</host>
<host starttime="1737467021" endtime="1737472953"><status state="up" reason="user-set" reason_ttl="0"/>
<address addr="10.23.123.2" addrtype="ipv4"/>
<hostnames>
</hostnames>
<ports><extraports state="filtered" count="65535">
<extrareasons reason="no-response" count="65535" proto="tcp" ports="1-65535"/>
</extraports>
</ports>
</host>
<host starttime="1737467021" endtime="1737472953"><status state="up" reason="user-set" reason_ttl="0"/>
<address addr="10.23.250.1" addrtype="ipv4"/>
<hostnames>
</hostnames>
<ports><extraports state="filtered" count="65535">
<extrareasons reason="no-response" count="65535" proto="tcp" ports="1-65535"/>
</extraports>
</ports>
</host>
<host starttime="1737467021" endtime="1737472953"><status state="up" reason="user-set" reason_ttl="0"/>
<address addr="10.23.250.2" addrtype="ipv4"/>
<hostnames>
</hostnames>
<ports><extraports state="filtered" count="65535">
<extrareasons reason="no-response" count="65535" proto="tcp" ports="1-65535"/>
</extraports>
</ports>
</host>
<host starttime="1737467021" endtime="1737472953"><status state="up" reason="user-set" reason_ttl="0"/>
<address addr="10.24.123.1" addrtype="ipv4"/>
<hostnames>
</hostnames>
<ports><extraports state="filtered" count="65535">
<extrareasons reason="no-response" count="65535" proto="tcp" ports="1-65535"/>
</extraports>
</ports>
</host>
<host starttime="1737467021" endtime="1737472953"><status state="up" reason="user-set" reason_ttl="0"/>
<address addr="10.24.123.2" addrtype="ipv4"/>
<hostnames>
</hostnames>
<ports><extraports state="filtered" count="65535">
<extrareasons reason="no-response" count="65535" proto="tcp" ports="1-65535"/>
</extraports>
</ports>
</host>
<host starttime="1737467021" endtime="1737472953"><status state="up" reason="user-set" reason_ttl="0"/>
<address addr="10.24.250.11" addrtype="ipv4"/>
<hostnames>
</hostnames>
<ports><extraports state="filtered" count="65535">
<extrareasons reason="no-response" count="65535" proto="tcp" ports="1-65535"/>
</extraports>
</ports>
</host>
<host starttime="1737467021" endtime="1737472953"><status state="up" reason="user-set" reason_ttl="0"/>
<address addr="10.24.250.2" addrtype="ipv4"/>
<hostnames>
</hostnames>
<ports><extraports state="filtered" count="65535">
<extrareasons reason="no-response" count="65535" proto="tcp" ports="1-65535"/>
</extraports>
</ports>
</host>
<runstats><finished time="1737472953" timestr="Tue Jan 21 16:22:33 2025" summary="Nmap done at Tue Jan 21 16:22:33 2025; 20 IP addresses (20 hosts up) scanned in 10100.29 seconds" elapsed="10100.29" exit="success"/><hosts up="20" down="0" total="20"/>
</runstats>
</nmaprun>
