<?xml version="1.0" encoding="UTF-8"?>
<!DOCTYPE nmaprun>
<?xml-stylesheet href="file:///C:/Program Files (x86)/Nmap/nmap.xsl" type="text/xsl"?>
<!-- Nmap 7.95 scan initiated Tue Jan 21 13:33:41 2025 as: &quot;C:\\Program Files (x86)\\Nmap\\nmap.exe&quot; -sS -Pn -p- -T4 -iL output\\scope23.txt -oA output\\open_port_scope23 -&#45;max-rtt-timeout 100ms -&#45;max-retries 3 -&#45;defeat-rst-ratelimit -&#45;min-rate 450 -&#45;max-rate 15000 -->
<nmaprun scanner="nmap" args="&quot;C:\\Program Files (x86)\\Nmap\\nmap.exe&quot; -sS -Pn -p- -T4 -iL output\\scope23.txt -oA output\\open_port_scope23 -&#45;max-rtt-timeout 100ms -&#45;max-retries 3 -&#45;defeat-rst-ratelimit -&#45;min-rate 450 -&#45;max-rate 15000" start="1737462821" startstr="Tue Jan 21 13:33:41 2025" version="7.95" xmloutputversion="1.05">
<scaninfo type="syn" protocol="tcp" numservices="65535" services="1-65535"/>
<verbose level="0"/>
<debugging level="0"/>
<host starttime="1737462838" endtime="1737466987"><status state="up" reason="user-set" reason_ttl="0"/>
<address addr="10.50.5.4" addrtype="ipv4"/>
<hostnames>
</hostnames>
<ports><extraports state="filtered" count="65535">
<extrareasons reason="no-response" count="65535" proto="tcp" ports="1-65535"/>
</extraports>
</ports>
</host>
<host starttime="1737462838" endtime="1737466987"><status state="up" reason="user-set" reason_ttl="0"/>
<address addr="10.50.5.5" addrtype="ipv4"/>
<hostnames>
</hostnames>
<ports><extraports state="filtered" count="65535">
<extrareasons reason="no-response" count="65535" proto="tcp" ports="1-65535"/>
</extraports>
</ports>
</host>
<host starttime="1737462838" endtime="1737466973"><status state="up" reason="user-set" reason_ttl="0"/>
<address addr="10.50.5.6" addrtype="ipv4"/>
<hostnames>
</hostnames>
<ports><extraports state="filtered" count="65535">
<extrareasons reason="no-response" count="65535" proto="tcp" ports="1-65535"/>
</extraports>
</ports>
</host>
<host starttime="1737462838" endtime="1737466959"><status state="up" reason="user-set" reason_ttl="0"/>
<address addr="10.50.5.7" addrtype="ipv4"/>
<hostnames>
</hostnames>
<ports><extraports state="filtered" count="65535">
<extrareasons reason="no-response" count="65535" proto="tcp" ports="1-65535"/>
</extraports>
</ports>
</host>
<host starttime="1737462838" endtime="1737466981"><status state="up" reason="user-set" reason_ttl="0"/>
<address addr="10.50.5.8" addrtype="ipv4"/>
<hostnames>
</hostnames>
<ports><extraports state="filtered" count="65535">
<extrareasons reason="no-response" count="65535" proto="tcp" ports="1-65535"/>
</extraports>
</ports>
</host>
<host starttime="1737462838" endtime="1737466981"><status state="up" reason="user-set" reason_ttl="0"/>
<address addr="10.50.5.9" addrtype="ipv4"/>
<hostnames>
</hostnames>
<ports><extraports state="filtered" count="65535">
<extrareasons reason="no-response" count="65535" proto="tcp" ports="1-65535"/>
</extraports>
</ports>
</host>
<host starttime="1737462838" endtime="1737466986"><status state="up" reason="user-set" reason_ttl="0"/>
<address addr="10.50.50.1" addrtype="ipv4"/>
<hostnames>
</hostnames>
<ports><extraports state="filtered" count="65535">
<extrareasons reason="no-response" count="65535" proto="tcp" ports="1-65535"/>
</extraports>
</ports>
</host>
<host starttime="1737462838" endtime="1737466978"><status state="up" reason="user-set" reason_ttl="0"/>
<address addr="10.50.50.11" addrtype="ipv4"/>
<hostnames>
</hostnames>
<ports><extraports state="filtered" count="65535">
<extrareasons reason="no-response" count="65535" proto="tcp" ports="1-65535"/>
</extraports>
</ports>
</host>
<host starttime="1737466987" endtime="1737472950"><status state="up" reason="user-set" reason_ttl="0"/>
<address addr="10.50.50.12" addrtype="ipv4"/>
<hostnames>
</hostnames>
<ports><extraports state="filtered" count="65535">
<extrareasons reason="no-response" count="65535" proto="tcp" ports="1-65535"/>
</extraports>
</ports>
</host>
<host starttime="1737466987" endtime="1737472950"><status state="up" reason="user-set" reason_ttl="0"/>
<address addr="10.50.50.13" addrtype="ipv4"/>
<hostnames>
</hostnames>
<ports><extraports state="filtered" count="65535">
<extrareasons reason="no-response" count="65535" proto="tcp" ports="1-65535"/>
</extraports>
</ports>
</host>
<host starttime="1737466987" endtime="1737472950"><status state="up" reason="user-set" reason_ttl="0"/>
<address addr="10.50.50.2" addrtype="ipv4"/>
<hostnames>
</hostnames>
<ports><extraports state="filtered" count="65535">
<extrareasons reason="no-response" count="65535" proto="tcp" ports="1-65535"/>
</extraports>
</ports>
</host>
<host starttime="1737466987" endtime="1737472950"><status state="up" reason="user-set" reason_ttl="0"/>
<address addr="10.50.50.3" addrtype="ipv4"/>
<hostnames>
</hostnames>
<ports><extraports state="filtered" count="65535">
<extrareasons reason="no-response" count="65535" proto="tcp" ports="1-65535"/>
</extraports>
</ports>
</host>
<host starttime="1737466987" endtime="1737472950"><status state="up" reason="user-set" reason_ttl="0"/>
<address addr="10.50.50.4" addrtype="ipv4"/>
<hostnames>
</hostnames>
<ports><extraports state="filtered" count="65535">
<extrareasons reason="no-response" count="65535" proto="tcp" ports="1-65535"/>
</extraports>
</ports>
</host>
<host starttime="1737466987" endtime="1737472950"><status state="up" reason="user-set" reason_ttl="0"/>
<address addr="10.50.50.5" addrtype="ipv4"/>
<hostnames>
</hostnames>
<ports><extraports state="filtered" count="65535">
<extrareasons reason="no-response" count="65535" proto="tcp" ports="1-65535"/>
</extraports>
</ports>
</host>
<host starttime="1737466987" endtime="1737472951"><status state="up" reason="user-set" reason_ttl="0"/>
<address addr="10.50.50.6" addrtype="ipv4"/>
<hostnames>
</hostnames>
<ports><extraports state="filtered" count="65535">
<extrareasons reason="no-response" count="65535" proto="tcp" ports="1-65535"/>
</extraports>
</ports>
</host>
<host starttime="1737466987" endtime="1737472951"><status state="up" reason="user-set" reason_ttl="0"/>
<address addr="10.50.50.7" addrtype="ipv4"/>
<hostnames>
</hostnames>
<ports><extraports state="filtered" count="65535">
<extrareasons reason="no-response" count="65535" proto="tcp" ports="1-65535"/>
</extraports>
</ports>
</host>
<host starttime="1737466987" endtime="1737472950"><status state="up" reason="user-set" reason_ttl="0"/>
<address addr="10.50.50.8" addrtype="ipv4"/>
<hostnames>
</hostnames>
<ports><extraports state="filtered" count="65535">
<extrareasons reason="no-response" count="65535" proto="tcp" ports="1-65535"/>
</extraports>
</ports>
</host>
<host starttime="1737466987" endtime="1737472950"><status state="up" reason="user-set" reason_ttl="0"/>
<address addr="10.50.50.9" addrtype="ipv4"/>
<hostnames>
</hostnames>
<ports><extraports state="filtered" count="65535">
<extrareasons reason="no-response" count="65535" proto="tcp" ports="1-65535"/>
</extraports>
</ports>
</host>
<host starttime="1737466987" endtime="1737472950"><status state="up" reason="user-set" reason_ttl="0"/>
<address addr="10.50.51.2" addrtype="ipv4"/>
<hostnames>
</hostnames>
<ports><extraports state="filtered" count="65535">
<extrareasons reason="no-response" count="65535" proto="tcp" ports="1-65535"/>
</extraports>
</ports>
</host>
<host starttime="1737466987" endtime="1737472950"><status state="up" reason="user-set" reason_ttl="0"/>
<address addr="10.50.53.1" addrtype="ipv4"/>
<hostnames>
</hostnames>
<ports><extraports state="filtered" count="65535">
<extrareasons reason="no-response" count="65535" proto="tcp" ports="1-65535"/>
</extraports>
</ports>
</host>
<runstats><finished time="1737472951" timestr="Tue Jan 21 16:22:31 2025" summary="Nmap done at Tue Jan 21 16:22:31 2025; 20 IP addresses (20 hosts up) scanned in 10129.88 seconds" elapsed="10129.88" exit="success"/><hosts up="20" down="0" total="20"/>
</runstats>
</nmaprun>
