Plugin ID,CVE,CVSS v2.0 Base Score,Risk,Host,Protocol,Port,Name,Synopsis,Description,Solution,See Also,Plugin Output,STIG Severity,CVSS v4.0 Base Score,CVSS v4.0 Base+Threat Score,CVSS v3.0 Base Score,CVSS v2.0 Temporal Score,CVSS v3.0 Temporal Score,VPR Score,EPSS Score,Risk Factor,BID,XREF,MSKB,Plugin Publication Date,Plugin Modification Date,Metasploit,Core Impact,CANVAS
"10287","","","None","10.50.5.1","udp","0","Traceroute Information","It was possible to obtain traceroute information.","Makes a traceroute to the remote host.","n/a","","For your information, here is the traceroute from 10.99.105.72 to 10.50.5.1 : 
10.99.105.72

ttl was greater than 50 - Completing Traceroute.

10.99.105.126
?

Hop Count: 2

An error was detected along the way.

","","","","","","","","","None","","","","1999/11/27","2023/12/04","","",""
"19506","","","None","10.50.5.1","tcp","0","Nessus Scan Information","This plugin displays information about the Nessus scan.","This plugin displays, for each tested host, information about the
scan itself :

  - The version of the plugin set.
  - The type of scanner (Nessus or Nessus Home).
  - The version of the Nessus Engine.
  - The port scanner(s) used.
  - The port range scanned.
  - The ping round trip time 
  - Whether credentialed or third-party patch management
    checks are possible.
  - Whether the display of superseded patches is enabled
  - The date of the scan.
  - The duration of the scan.
  - The number of hosts scanned in parallel.
  - The number of checks done in parallel.","n/a","","Information about this scan : 

Nessus version : 10.8.3
Nessus build : 20010
Plugin feed version : 202501200722
Scanner edition used : Nessus
Scanner OS : WINDOWS
Scanner distribution : win-x86-64
Scan type : Normal
Scan name : Scan 14
Scan policy used : ControlCase Policy
Scanner IP : 10.99.105.72

WARNING : No port scanner was enabled during the scan. This may
lead to incomplete results.

Port range : 1-65535
Ping RTT : Unavailable
Thorough tests : no
Experimental tests : no
Scan for Unpatched Vulnerabilities : no
Plugin debugging enabled : no
Paranoia level : 1
Report verbosity : 1
Safe checks : yes
Optimize the test : no
Credentialed checks : no
Patch management checks : None
Display superseded patches : yes (supersedence plugin did not launch)
CGI scanning : disabled
Web application tests : disabled
Max hosts : 3
Max checks : 3
Recv timeout : 3
Backports : None
Allow post-scan editing : Yes
Nessus Plugin Signature Checking : Enabled
Audit File Signature Checking : Disabled
Scan Start Date : 2025/1/21 13:44 W. Central Africa Standard Time (UTC +01:00)
Scan duration : 2115 sec
Scan for malware : no
","","","","","","","","","None","","","","2005/08/26","2024/12/31","","",""
"10287","","","None","10.50.5.2","udp","0","Traceroute Information","It was possible to obtain traceroute information.","Makes a traceroute to the remote host.","n/a","","For your information, here is the traceroute from 10.99.105.72 to 10.50.5.2 : 
10.99.105.72

ttl was greater than 50 - Completing Traceroute.

10.99.105.126
?

Hop Count: 2

An error was detected along the way.

","","","","","","","","","None","","","","1999/11/27","2023/12/04","","",""
"19506","","","None","10.50.5.2","tcp","0","Nessus Scan Information","This plugin displays information about the Nessus scan.","This plugin displays, for each tested host, information about the
scan itself :

  - The version of the plugin set.
  - The type of scanner (Nessus or Nessus Home).
  - The version of the Nessus Engine.
  - The port scanner(s) used.
  - The port range scanned.
  - The ping round trip time 
  - Whether credentialed or third-party patch management
    checks are possible.
  - Whether the display of superseded patches is enabled
  - The date of the scan.
  - The duration of the scan.
  - The number of hosts scanned in parallel.
  - The number of checks done in parallel.","n/a","","Information about this scan : 

Nessus version : 10.8.3
Nessus build : 20010
Plugin feed version : 202501200722
Scanner edition used : Nessus
Scanner OS : WINDOWS
Scanner distribution : win-x86-64
Scan type : Normal
Scan name : Scan 14
Scan policy used : ControlCase Policy
Scanner IP : 10.99.105.72

WARNING : No port scanner was enabled during the scan. This may
lead to incomplete results.

Port range : 1-65535
Ping RTT : Unavailable
Thorough tests : no
Experimental tests : no
Scan for Unpatched Vulnerabilities : no
Plugin debugging enabled : no
Paranoia level : 1
Report verbosity : 1
Safe checks : yes
Optimize the test : no
Credentialed checks : no
Patch management checks : None
Display superseded patches : yes (supersedence plugin did not launch)
CGI scanning : disabled
Web application tests : disabled
Max hosts : 3
Max checks : 3
Recv timeout : 3
Backports : None
Allow post-scan editing : Yes
Nessus Plugin Signature Checking : Enabled
Audit File Signature Checking : Disabled
Scan Start Date : 2025/1/21 13:44 W. Central Africa Standard Time (UTC +01:00)
Scan duration : 2260 sec
Scan for malware : no
","","","","","","","","","None","","","","2005/08/26","2024/12/31","","",""
"135860","","","None","10.50.5.2","tcp","445","WMI Not Available","WMI queries could not be made against the remote host.","WMI (Windows Management Instrumentation) is not available on the
remote host over DCOM. WMI queries are used to gather information
about the remote host, such as its current state, network interface
configuration, etc.

Without this information Nessus may not be able to identify installed
software or security vunerabilities that exist on the remote host.","n/a","https://docs.microsoft.com/en-us/windows/win32/wmisdk/wmi-start-page","Can't connect to the 'root\CIMV2' WMI namespace.","","","","","","","","","None","","","","2020/04/21","2025/01/15","","",""
"10287","","","None","10.50.5.4","udp","0","Traceroute Information","It was possible to obtain traceroute information.","Makes a traceroute to the remote host.","n/a","","For your information, here is the traceroute from 10.99.105.72 to 10.50.5.4 : 
10.99.105.72

ttl was greater than 50 - Completing Traceroute.

10.99.105.126
?

Hop Count: 2

An error was detected along the way.

","","","","","","","","","None","","","","1999/11/27","2023/12/04","","",""
"19506","","","None","10.50.5.4","tcp","0","Nessus Scan Information","This plugin displays information about the Nessus scan.","This plugin displays, for each tested host, information about the
scan itself :

  - The version of the plugin set.
  - The type of scanner (Nessus or Nessus Home).
  - The version of the Nessus Engine.
  - The port scanner(s) used.
  - The port range scanned.
  - The ping round trip time 
  - Whether credentialed or third-party patch management
    checks are possible.
  - Whether the display of superseded patches is enabled
  - The date of the scan.
  - The duration of the scan.
  - The number of hosts scanned in parallel.
  - The number of checks done in parallel.","n/a","","Information about this scan : 

Nessus version : 10.8.3
Nessus build : 20010
Plugin feed version : 202501200722
Scanner edition used : Nessus
Scanner OS : WINDOWS
Scanner distribution : win-x86-64
Scan type : Normal
Scan name : Scan 14
Scan policy used : ControlCase Policy
Scanner IP : 10.99.105.72

WARNING : No port scanner was enabled during the scan. This may
lead to incomplete results.

Port range : 1-65535
Ping RTT : Unavailable
Thorough tests : no
Experimental tests : no
Scan for Unpatched Vulnerabilities : no
Plugin debugging enabled : no
Paranoia level : 1
Report verbosity : 1
Safe checks : yes
Optimize the test : no
Credentialed checks : no
Patch management checks : None
Display superseded patches : yes (supersedence plugin did not launch)
CGI scanning : disabled
Web application tests : disabled
Max hosts : 3
Max checks : 3
Recv timeout : 3
Backports : None
Allow post-scan editing : Yes
Nessus Plugin Signature Checking : Enabled
Audit File Signature Checking : Disabled
Scan Start Date : 2025/1/21 16:51 W. Central Africa Standard Time (UTC +01:00)
Scan duration : 2197 sec
Scan for malware : no
","","","","","","","","","None","","","","2005/08/26","2024/12/31","","",""
"10287","","","None","10.50.5.5","udp","0","Traceroute Information","It was possible to obtain traceroute information.","Makes a traceroute to the remote host.","n/a","","For your information, here is the traceroute from 10.99.105.72 to 10.50.5.5 : 
10.99.105.72

ttl was greater than 50 - Completing Traceroute.

10.99.105.126
?

Hop Count: 2

An error was detected along the way.

","","","","","","","","","None","","","","1999/11/27","2023/12/04","","",""
"19506","","","None","10.50.5.5","tcp","0","Nessus Scan Information","This plugin displays information about the Nessus scan.","This plugin displays, for each tested host, information about the
scan itself :

  - The version of the plugin set.
  - The type of scanner (Nessus or Nessus Home).
  - The version of the Nessus Engine.
  - The port scanner(s) used.
  - The port range scanned.
  - The ping round trip time 
  - Whether credentialed or third-party patch management
    checks are possible.
  - Whether the display of superseded patches is enabled
  - The date of the scan.
  - The duration of the scan.
  - The number of hosts scanned in parallel.
  - The number of checks done in parallel.","n/a","","Information about this scan : 

Nessus version : 10.8.3
Nessus build : 20010
Plugin feed version : 202501200722
Scanner edition used : Nessus
Scanner OS : WINDOWS
Scanner distribution : win-x86-64
Scan type : Normal
Scan name : Scan 14
Scan policy used : ControlCase Policy
Scanner IP : 10.99.105.72

WARNING : No port scanner was enabled during the scan. This may
lead to incomplete results.

Port range : 1-65535
Ping RTT : Unavailable
Thorough tests : no
Experimental tests : no
Scan for Unpatched Vulnerabilities : no
Plugin debugging enabled : no
Paranoia level : 1
Report verbosity : 1
Safe checks : yes
Optimize the test : no
Credentialed checks : no
Patch management checks : None
Display superseded patches : yes (supersedence plugin did not launch)
CGI scanning : disabled
Web application tests : disabled
Max hosts : 3
Max checks : 3
Recv timeout : 3
Backports : None
Allow post-scan editing : Yes
Nessus Plugin Signature Checking : Enabled
Audit File Signature Checking : Disabled
Scan Start Date : 2025/1/21 16:09 W. Central Africa Standard Time (UTC +01:00)
Scan duration : 2139 sec
Scan for malware : no
","","","","","","","","","None","","","","2005/08/26","2024/12/31","","",""
"10287","","","None","10.50.5.6","udp","0","Traceroute Information","It was possible to obtain traceroute information.","Makes a traceroute to the remote host.","n/a","","For your information, here is the traceroute from 10.99.105.72 to 10.50.5.6 : 
10.99.105.72

ttl was greater than 50 - Completing Traceroute.

10.99.105.126
?

Hop Count: 2

An error was detected along the way.

","","","","","","","","","None","","","","1999/11/27","2023/12/04","","",""
"19506","","","None","10.50.5.6","tcp","0","Nessus Scan Information","This plugin displays information about the Nessus scan.","This plugin displays, for each tested host, information about the
scan itself :

  - The version of the plugin set.
  - The type of scanner (Nessus or Nessus Home).
  - The version of the Nessus Engine.
  - The port scanner(s) used.
  - The port range scanned.
  - The ping round trip time 
  - Whether credentialed or third-party patch management
    checks are possible.
  - Whether the display of superseded patches is enabled
  - The date of the scan.
  - The duration of the scan.
  - The number of hosts scanned in parallel.
  - The number of checks done in parallel.","n/a","","Information about this scan : 

Nessus version : 10.8.3
Nessus build : 20010
Plugin feed version : 202501200722
Scanner edition used : Nessus
Scanner OS : WINDOWS
Scanner distribution : win-x86-64
Scan type : Normal
Scan name : Scan 14
Scan policy used : ControlCase Policy
Scanner IP : 10.99.105.72

WARNING : No port scanner was enabled during the scan. This may
lead to incomplete results.

Port range : 1-65535
Ping RTT : Unavailable
Thorough tests : no
Experimental tests : no
Scan for Unpatched Vulnerabilities : no
Plugin debugging enabled : no
Paranoia level : 1
Report verbosity : 1
Safe checks : yes
Optimize the test : no
Credentialed checks : no
Patch management checks : None
Display superseded patches : yes (supersedence plugin did not launch)
CGI scanning : disabled
Web application tests : disabled
Max hosts : 3
Max checks : 3
Recv timeout : 3
Backports : None
Allow post-scan editing : Yes
Nessus Plugin Signature Checking : Enabled
Audit File Signature Checking : Disabled
Scan Start Date : 2025/1/21 16:12 W. Central Africa Standard Time (UTC +01:00)
Scan duration : 2153 sec
Scan for malware : no
","","","","","","","","","None","","","","2005/08/26","2024/12/31","","",""
"10287","","","None","10.50.5.7","udp","0","Traceroute Information","It was possible to obtain traceroute information.","Makes a traceroute to the remote host.","n/a","","For your information, here is the traceroute from 10.99.105.72 to 10.50.5.7 : 
10.99.105.72

ttl was greater than 50 - Completing Traceroute.

10.99.105.126
?

Hop Count: 2

An error was detected along the way.

","","","","","","","","","None","","","","1999/11/27","2023/12/04","","",""
"19506","","","None","10.50.5.7","tcp","0","Nessus Scan Information","This plugin displays information about the Nessus scan.","This plugin displays, for each tested host, information about the
scan itself :

  - The version of the plugin set.
  - The type of scanner (Nessus or Nessus Home).
  - The version of the Nessus Engine.
  - The port scanner(s) used.
  - The port range scanned.
  - The ping round trip time 
  - Whether credentialed or third-party patch management
    checks are possible.
  - Whether the display of superseded patches is enabled
  - The date of the scan.
  - The duration of the scan.
  - The number of hosts scanned in parallel.
  - The number of checks done in parallel.","n/a","","Information about this scan : 

Nessus version : 10.8.3
Nessus build : 20010
Plugin feed version : 202501200722
Scanner edition used : Nessus
Scanner OS : WINDOWS
Scanner distribution : win-x86-64
Scan type : Normal
Scan name : Scan 14
Scan policy used : ControlCase Policy
Scanner IP : 10.99.105.72

WARNING : No port scanner was enabled during the scan. This may
lead to incomplete results.

Port range : 1-65535
Ping RTT : Unavailable
Thorough tests : no
Experimental tests : no
Scan for Unpatched Vulnerabilities : no
Plugin debugging enabled : no
Paranoia level : 1
Report verbosity : 1
Safe checks : yes
Optimize the test : no
Credentialed checks : no
Patch management checks : None
Display superseded patches : yes (supersedence plugin did not launch)
CGI scanning : disabled
Web application tests : disabled
Max hosts : 3
Max checks : 3
Recv timeout : 3
Backports : None
Allow post-scan editing : Yes
Nessus Plugin Signature Checking : Enabled
Audit File Signature Checking : Disabled
Scan Start Date : 2025/1/21 16:12 W. Central Africa Standard Time (UTC +01:00)
Scan duration : 2299 sec
Scan for malware : no
","","","","","","","","","None","","","","2005/08/26","2024/12/31","","",""
"10287","","","None","10.50.5.8","udp","0","Traceroute Information","It was possible to obtain traceroute information.","Makes a traceroute to the remote host.","n/a","","For your information, here is the traceroute from 10.99.105.72 to 10.50.5.8 : 
10.99.105.72

ttl was greater than 50 - Completing Traceroute.

10.99.105.126
?

Hop Count: 2

An error was detected along the way.

","","","","","","","","","None","","","","1999/11/27","2023/12/04","","",""
"19506","","","None","10.50.5.8","tcp","0","Nessus Scan Information","This plugin displays information about the Nessus scan.","This plugin displays, for each tested host, information about the
scan itself :

  - The version of the plugin set.
  - The type of scanner (Nessus or Nessus Home).
  - The version of the Nessus Engine.
  - The port scanner(s) used.
  - The port range scanned.
  - The ping round trip time 
  - Whether credentialed or third-party patch management
    checks are possible.
  - Whether the display of superseded patches is enabled
  - The date of the scan.
  - The duration of the scan.
  - The number of hosts scanned in parallel.
  - The number of checks done in parallel.","n/a","","Information about this scan : 

Nessus version : 10.8.3
Nessus build : 20010
Plugin feed version : 202501200722
Scanner edition used : Nessus
Scanner OS : WINDOWS
Scanner distribution : win-x86-64
Scan type : Normal
Scan name : Scan 14
Scan policy used : ControlCase Policy
Scanner IP : 10.99.105.72

WARNING : No port scanner was enabled during the scan. This may
lead to incomplete results.

Port range : 1-65535
Ping RTT : Unavailable
Thorough tests : no
Experimental tests : no
Scan for Unpatched Vulnerabilities : no
Plugin debugging enabled : no
Paranoia level : 1
Report verbosity : 1
Safe checks : yes
Optimize the test : no
Credentialed checks : no
Patch management checks : None
Display superseded patches : yes (supersedence plugin did not launch)
CGI scanning : disabled
Web application tests : disabled
Max hosts : 3
Max checks : 3
Recv timeout : 3
Backports : None
Allow post-scan editing : Yes
Nessus Plugin Signature Checking : Enabled
Audit File Signature Checking : Disabled
Scan Start Date : 2025/1/21 16:45 W. Central Africa Standard Time (UTC +01:00)
Scan duration : 2126 sec
Scan for malware : no
","","","","","","","","","None","","","","2005/08/26","2024/12/31","","",""
"10287","","","None","10.50.5.9","udp","0","Traceroute Information","It was possible to obtain traceroute information.","Makes a traceroute to the remote host.","n/a","","For your information, here is the traceroute from 10.99.105.72 to 10.50.5.9 : 
10.99.105.72

ttl was greater than 50 - Completing Traceroute.

10.99.105.126
?

Hop Count: 2

An error was detected along the way.

","","","","","","","","","None","","","","1999/11/27","2023/12/04","","",""
"19506","","","None","10.50.5.9","tcp","0","Nessus Scan Information","This plugin displays information about the Nessus scan.","This plugin displays, for each tested host, information about the
scan itself :

  - The version of the plugin set.
  - The type of scanner (Nessus or Nessus Home).
  - The version of the Nessus Engine.
  - The port scanner(s) used.
  - The port range scanned.
  - The ping round trip time 
  - Whether credentialed or third-party patch management
    checks are possible.
  - Whether the display of superseded patches is enabled
  - The date of the scan.
  - The duration of the scan.
  - The number of hosts scanned in parallel.
  - The number of checks done in parallel.","n/a","","Information about this scan : 

Nessus version : 10.8.3
Nessus build : 20010
Plugin feed version : 202501200722
Scanner edition used : Nessus
Scanner OS : WINDOWS
Scanner distribution : win-x86-64
Scan type : Normal
Scan name : Scan 14
Scan policy used : ControlCase Policy
Scanner IP : 10.99.105.72

WARNING : No port scanner was enabled during the scan. This may
lead to incomplete results.

Port range : 1-65535
Ping RTT : Unavailable
Thorough tests : no
Experimental tests : no
Scan for Unpatched Vulnerabilities : no
Plugin debugging enabled : no
Paranoia level : 1
Report verbosity : 1
Safe checks : yes
Optimize the test : no
Credentialed checks : no
Patch management checks : None
Display superseded patches : yes (supersedence plugin did not launch)
CGI scanning : disabled
Web application tests : disabled
Max hosts : 3
Max checks : 3
Recv timeout : 3
Backports : None
Allow post-scan editing : Yes
Nessus Plugin Signature Checking : Enabled
Audit File Signature Checking : Disabled
Scan Start Date : 2025/1/21 16:49 W. Central Africa Standard Time (UTC +01:00)
Scan duration : 2136 sec
Scan for malware : no
","","","","","","","","","None","","","","2005/08/26","2024/12/31","","",""
"10287","","","None","10.50.5.14","udp","0","Traceroute Information","It was possible to obtain traceroute information.","Makes a traceroute to the remote host.","n/a","","For your information, here is the traceroute from 10.99.105.72 to 10.50.5.14 : 
10.99.105.72

ttl was greater than 50 - Completing Traceroute.

10.99.105.126
?

Hop Count: 2

An error was detected along the way.

","","","","","","","","","None","","","","1999/11/27","2023/12/04","","",""
"19506","","","None","10.50.5.14","tcp","0","Nessus Scan Information","This plugin displays information about the Nessus scan.","This plugin displays, for each tested host, information about the
scan itself :

  - The version of the plugin set.
  - The type of scanner (Nessus or Nessus Home).
  - The version of the Nessus Engine.
  - The port scanner(s) used.
  - The port range scanned.
  - The ping round trip time 
  - Whether credentialed or third-party patch management
    checks are possible.
  - Whether the display of superseded patches is enabled
  - The date of the scan.
  - The duration of the scan.
  - The number of hosts scanned in parallel.
  - The number of checks done in parallel.","n/a","","Information about this scan : 

Nessus version : 10.8.3
Nessus build : 20010
Plugin feed version : 202501200722
Scanner edition used : Nessus
Scanner OS : WINDOWS
Scanner distribution : win-x86-64
Scan type : Normal
Scan name : Scan 14
Scan policy used : ControlCase Policy
Scanner IP : 10.99.105.72

WARNING : No port scanner was enabled during the scan. This may
lead to incomplete results.

Port range : 1-65535
Ping RTT : Unavailable
Thorough tests : no
Experimental tests : no
Scan for Unpatched Vulnerabilities : no
Plugin debugging enabled : no
Paranoia level : 1
Report verbosity : 1
Safe checks : yes
Optimize the test : no
Credentialed checks : no
Patch management checks : None
Display superseded patches : yes (supersedence plugin did not launch)
CGI scanning : disabled
Web application tests : disabled
Max hosts : 3
Max checks : 3
Recv timeout : 3
Backports : None
Allow post-scan editing : Yes
Nessus Plugin Signature Checking : Enabled
Audit File Signature Checking : Disabled
Scan Start Date : 2025/1/21 15:35 W. Central Africa Standard Time (UTC +01:00)
Scan duration : 2192 sec
Scan for malware : no
","","","","","","","","","None","","","","2005/08/26","2024/12/31","","",""
"10287","","","None","10.50.5.15","udp","0","Traceroute Information","It was possible to obtain traceroute information.","Makes a traceroute to the remote host.","n/a","","For your information, here is the traceroute from 10.99.105.72 to 10.50.5.15 : 
10.99.105.72

ttl was greater than 50 - Completing Traceroute.

10.99.105.126
?

Hop Count: 2

An error was detected along the way.

","","","","","","","","","None","","","","1999/11/27","2023/12/04","","",""
"19506","","","None","10.50.5.15","tcp","0","Nessus Scan Information","This plugin displays information about the Nessus scan.","This plugin displays, for each tested host, information about the
scan itself :

  - The version of the plugin set.
  - The type of scanner (Nessus or Nessus Home).
  - The version of the Nessus Engine.
  - The port scanner(s) used.
  - The port range scanned.
  - The ping round trip time 
  - Whether credentialed or third-party patch management
    checks are possible.
  - Whether the display of superseded patches is enabled
  - The date of the scan.
  - The duration of the scan.
  - The number of hosts scanned in parallel.
  - The number of checks done in parallel.","n/a","","Information about this scan : 

Nessus version : 10.8.3
Nessus build : 20010
Plugin feed version : 202501200722
Scanner edition used : Nessus
Scanner OS : WINDOWS
Scanner distribution : win-x86-64
Scan type : Normal
Scan name : Scan 14
Scan policy used : ControlCase Policy
Scanner IP : 10.99.105.72

WARNING : No port scanner was enabled during the scan. This may
lead to incomplete results.

Port range : 1-65535
Ping RTT : Unavailable
Thorough tests : no
Experimental tests : no
Scan for Unpatched Vulnerabilities : no
Plugin debugging enabled : no
Paranoia level : 1
Report verbosity : 1
Safe checks : yes
Optimize the test : no
Credentialed checks : no
Patch management checks : None
Display superseded patches : yes (supersedence plugin did not launch)
CGI scanning : disabled
Web application tests : disabled
Max hosts : 3
Max checks : 3
Recv timeout : 3
Backports : None
Allow post-scan editing : Yes
Nessus Plugin Signature Checking : Enabled
Audit File Signature Checking : Disabled
Scan Start Date : 2025/1/21 15:32 W. Central Africa Standard Time (UTC +01:00)
Scan duration : 2178 sec
Scan for malware : no
","","","","","","","","","None","","","","2005/08/26","2024/12/31","","",""
"135860","","","None","10.50.5.15","tcp","445","WMI Not Available","WMI queries could not be made against the remote host.","WMI (Windows Management Instrumentation) is not available on the
remote host over DCOM. WMI queries are used to gather information
about the remote host, such as its current state, network interface
configuration, etc.

Without this information Nessus may not be able to identify installed
software or security vunerabilities that exist on the remote host.","n/a","https://docs.microsoft.com/en-us/windows/win32/wmisdk/wmi-start-page","Can't connect to the 'root\CIMV2' WMI namespace.","","","","","","","","","None","","","","2020/04/21","2025/01/15","","",""
"10287","","","None","10.50.5.19","udp","0","Traceroute Information","It was possible to obtain traceroute information.","Makes a traceroute to the remote host.","n/a","","For your information, here is the traceroute from 10.99.105.72 to 10.50.5.19 : 
10.99.105.72

ttl was greater than 50 - Completing Traceroute.

10.99.105.126
10.99.105.72
?

Hop Count: 3

An error was detected along the way.

","","","","","","","","","None","","","","1999/11/27","2023/12/04","","",""
"19506","","","None","10.50.5.19","tcp","0","Nessus Scan Information","This plugin displays information about the Nessus scan.","This plugin displays, for each tested host, information about the
scan itself :

  - The version of the plugin set.
  - The type of scanner (Nessus or Nessus Home).
  - The version of the Nessus Engine.
  - The port scanner(s) used.
  - The port range scanned.
  - The ping round trip time 
  - Whether credentialed or third-party patch management
    checks are possible.
  - Whether the display of superseded patches is enabled
  - The date of the scan.
  - The duration of the scan.
  - The number of hosts scanned in parallel.
  - The number of checks done in parallel.","n/a","","Information about this scan : 

Nessus version : 10.8.3
Nessus build : 20010
Plugin feed version : 202501200722
Scanner edition used : Nessus
Scanner OS : WINDOWS
Scanner distribution : win-x86-64
Scan type : Normal
Scan name : Scan 14
Scan policy used : ControlCase Policy
Scanner IP : 10.99.105.72

WARNING : No port scanner was enabled during the scan. This may
lead to incomplete results.

Port range : 1-65535
Ping RTT : Unavailable
Thorough tests : no
Experimental tests : no
Scan for Unpatched Vulnerabilities : no
Plugin debugging enabled : no
Paranoia level : 1
Report verbosity : 1
Safe checks : yes
Optimize the test : no
Credentialed checks : no
Patch management checks : None
Display superseded patches : yes (supersedence plugin did not launch)
CGI scanning : disabled
Web application tests : disabled
Max hosts : 3
Max checks : 3
Recv timeout : 3
Backports : None
Allow post-scan editing : Yes
Nessus Plugin Signature Checking : Enabled
Audit File Signature Checking : Disabled
Scan Start Date : 2025/1/21 14:56 W. Central Africa Standard Time (UTC +01:00)
Scan duration : 2111 sec
Scan for malware : no
","","","","","","","","","None","","","","2005/08/26","2024/12/31","","",""
"66334","","","None","10.50.5.19","tcp","0","Patch Report","The remote host is missing several patches.","The remote host is missing one or more security patches. This plugin lists the newest version of each patch to install 
to make sure the remote host is up-to-date.

Note: Because the 'Show missing patches that have been superseded' setting in your scan policy depends on this plugin,
it will always run and cannot be disabled.","Install the patches listed below.","","

. You need to take the following action :

[ Treck TCP/IP stack multiple vulnerabilities. (Ripple20) (137702) ]

+ Action to take : Apply the relevant patches as they become available.


","","","","","","","","","None","","","","2013/07/08","2025/01/14","","",""
"137702","CVE-2020-11896","10.0","Critical","10.50.5.19","tcp","0","Treck TCP/IP stack multiple vulnerabilities. (Ripple20)","The Treck network stack used by the remote host is affected by multiple vulnerabilities.","This plugin detects the usage of the Treck TCP/IP stack by the host thereby indicating that it could be potentially
vulnerable to the Ripple20 vulnerabilities. Patches are being slowly rolled out by vendors and we will release plugins
for patches as they are released by the vendors. In the interim, if you have applied the patches from the vendor for the
Ripple20 vulnerabilities on this host, please recast the severity of this plugin.

Note: This plugin requires ICMP traffic to be unblocked between the scanner and the host","Apply the relevant patches as they become available.","https://www.jsof-tech.com/ripple20/
http://www.nessus.org/u?431098c1
https://support.hp.com/emea_africa-en/document/c06640149
https://psirt.bosch.com/security-advisories/BOSCH-SA-662084.html","
  Detected Treck TCP\IP network stack.","","","","10.0","8.3","9.3","7.3","0.3963","Critical","","CISA-KNOWN-EXPLOITED:2022/03/17;CEA-ID:CEA-2020-0052","","2020/06/22","2023/10/04","","",""
"137702","CVE-2020-11897","10.0","Critical","10.50.5.19","tcp","0","Treck TCP/IP stack multiple vulnerabilities. (Ripple20)","The Treck network stack used by the remote host is affected by multiple vulnerabilities.","This plugin detects the usage of the Treck TCP/IP stack by the host thereby indicating that it could be potentially
vulnerable to the Ripple20 vulnerabilities. Patches are being slowly rolled out by vendors and we will release plugins
for patches as they are released by the vendors. In the interim, if you have applied the patches from the vendor for the
Ripple20 vulnerabilities on this host, please recast the severity of this plugin.

Note: This plugin requires ICMP traffic to be unblocked between the scanner and the host","Apply the relevant patches as they become available.","https://www.jsof-tech.com/ripple20/
http://www.nessus.org/u?431098c1
https://support.hp.com/emea_africa-en/document/c06640149
https://psirt.bosch.com/security-advisories/BOSCH-SA-662084.html","
  Detected Treck TCP\IP network stack.","","","","10.0","8.3","9.3","7.3","0.3963","Critical","","CISA-KNOWN-EXPLOITED:2022/03/17;CEA-ID:CEA-2020-0052","","2020/06/22","2023/10/04","","",""
"137702","CVE-2020-11898","10.0","Critical","10.50.5.19","tcp","0","Treck TCP/IP stack multiple vulnerabilities. (Ripple20)","The Treck network stack used by the remote host is affected by multiple vulnerabilities.","This plugin detects the usage of the Treck TCP/IP stack by the host thereby indicating that it could be potentially
vulnerable to the Ripple20 vulnerabilities. Patches are being slowly rolled out by vendors and we will release plugins
for patches as they are released by the vendors. In the interim, if you have applied the patches from the vendor for the
Ripple20 vulnerabilities on this host, please recast the severity of this plugin.

Note: This plugin requires ICMP traffic to be unblocked between the scanner and the host","Apply the relevant patches as they become available.","https://www.jsof-tech.com/ripple20/
http://www.nessus.org/u?431098c1
https://support.hp.com/emea_africa-en/document/c06640149
https://psirt.bosch.com/security-advisories/BOSCH-SA-662084.html","
  Detected Treck TCP\IP network stack.","","","","10.0","8.3","9.3","7.3","0.3963","Critical","","CISA-KNOWN-EXPLOITED:2022/03/17;CEA-ID:CEA-2020-0052","","2020/06/22","2023/10/04","","",""
"137702","CVE-2020-11899","10.0","Critical","10.50.5.19","tcp","0","Treck TCP/IP stack multiple vulnerabilities. (Ripple20)","The Treck network stack used by the remote host is affected by multiple vulnerabilities.","This plugin detects the usage of the Treck TCP/IP stack by the host thereby indicating that it could be potentially
vulnerable to the Ripple20 vulnerabilities. Patches are being slowly rolled out by vendors and we will release plugins
for patches as they are released by the vendors. In the interim, if you have applied the patches from the vendor for the
Ripple20 vulnerabilities on this host, please recast the severity of this plugin.

Note: This plugin requires ICMP traffic to be unblocked between the scanner and the host","Apply the relevant patches as they become available.","https://www.jsof-tech.com/ripple20/
http://www.nessus.org/u?431098c1
https://support.hp.com/emea_africa-en/document/c06640149
https://psirt.bosch.com/security-advisories/BOSCH-SA-662084.html","
  Detected Treck TCP\IP network stack.","","","","10.0","8.3","9.3","7.3","0.3963","Critical","","CISA-KNOWN-EXPLOITED:2022/03/17;CEA-ID:CEA-2020-0052","","2020/06/22","2023/10/04","","",""
"137702","CVE-2020-11900","10.0","Critical","10.50.5.19","tcp","0","Treck TCP/IP stack multiple vulnerabilities. (Ripple20)","The Treck network stack used by the remote host is affected by multiple vulnerabilities.","This plugin detects the usage of the Treck TCP/IP stack by the host thereby indicating that it could be potentially
vulnerable to the Ripple20 vulnerabilities. Patches are being slowly rolled out by vendors and we will release plugins
for patches as they are released by the vendors. In the interim, if you have applied the patches from the vendor for the
Ripple20 vulnerabilities on this host, please recast the severity of this plugin.

Note: This plugin requires ICMP traffic to be unblocked between the scanner and the host","Apply the relevant patches as they become available.","https://www.jsof-tech.com/ripple20/
http://www.nessus.org/u?431098c1
https://support.hp.com/emea_africa-en/document/c06640149
https://psirt.bosch.com/security-advisories/BOSCH-SA-662084.html","
  Detected Treck TCP\IP network stack.","","","","10.0","8.3","9.3","7.3","0.3963","Critical","","CISA-KNOWN-EXPLOITED:2022/03/17;CEA-ID:CEA-2020-0052","","2020/06/22","2023/10/04","","",""
"137702","CVE-2020-11901","10.0","Critical","10.50.5.19","tcp","0","Treck TCP/IP stack multiple vulnerabilities. (Ripple20)","The Treck network stack used by the remote host is affected by multiple vulnerabilities.","This plugin detects the usage of the Treck TCP/IP stack by the host thereby indicating that it could be potentially
vulnerable to the Ripple20 vulnerabilities. Patches are being slowly rolled out by vendors and we will release plugins
for patches as they are released by the vendors. In the interim, if you have applied the patches from the vendor for the
Ripple20 vulnerabilities on this host, please recast the severity of this plugin.

Note: This plugin requires ICMP traffic to be unblocked between the scanner and the host","Apply the relevant patches as they become available.","https://www.jsof-tech.com/ripple20/
http://www.nessus.org/u?431098c1
https://support.hp.com/emea_africa-en/document/c06640149
https://psirt.bosch.com/security-advisories/BOSCH-SA-662084.html","
  Detected Treck TCP\IP network stack.","","","","10.0","8.3","9.3","7.3","0.3963","Critical","","CISA-KNOWN-EXPLOITED:2022/03/17;CEA-ID:CEA-2020-0052","","2020/06/22","2023/10/04","","",""
"137702","CVE-2020-11902","10.0","Critical","10.50.5.19","tcp","0","Treck TCP/IP stack multiple vulnerabilities. (Ripple20)","The Treck network stack used by the remote host is affected by multiple vulnerabilities.","This plugin detects the usage of the Treck TCP/IP stack by the host thereby indicating that it could be potentially
vulnerable to the Ripple20 vulnerabilities. Patches are being slowly rolled out by vendors and we will release plugins
for patches as they are released by the vendors. In the interim, if you have applied the patches from the vendor for the
Ripple20 vulnerabilities on this host, please recast the severity of this plugin.

Note: This plugin requires ICMP traffic to be unblocked between the scanner and the host","Apply the relevant patches as they become available.","https://www.jsof-tech.com/ripple20/
http://www.nessus.org/u?431098c1
https://support.hp.com/emea_africa-en/document/c06640149
https://psirt.bosch.com/security-advisories/BOSCH-SA-662084.html","
  Detected Treck TCP\IP network stack.","","","","10.0","8.3","9.3","7.3","0.3963","Critical","","CISA-KNOWN-EXPLOITED:2022/03/17;CEA-ID:CEA-2020-0052","","2020/06/22","2023/10/04","","",""
"137702","CVE-2020-11903","10.0","Critical","10.50.5.19","tcp","0","Treck TCP/IP stack multiple vulnerabilities. (Ripple20)","The Treck network stack used by the remote host is affected by multiple vulnerabilities.","This plugin detects the usage of the Treck TCP/IP stack by the host thereby indicating that it could be potentially
vulnerable to the Ripple20 vulnerabilities. Patches are being slowly rolled out by vendors and we will release plugins
for patches as they are released by the vendors. In the interim, if you have applied the patches from the vendor for the
Ripple20 vulnerabilities on this host, please recast the severity of this plugin.

Note: This plugin requires ICMP traffic to be unblocked between the scanner and the host","Apply the relevant patches as they become available.","https://www.jsof-tech.com/ripple20/
http://www.nessus.org/u?431098c1
https://support.hp.com/emea_africa-en/document/c06640149
https://psirt.bosch.com/security-advisories/BOSCH-SA-662084.html","
  Detected Treck TCP\IP network stack.","","","","10.0","8.3","9.3","7.3","0.3963","Critical","","CISA-KNOWN-EXPLOITED:2022/03/17;CEA-ID:CEA-2020-0052","","2020/06/22","2023/10/04","","",""
"137702","CVE-2020-11904","10.0","Critical","10.50.5.19","tcp","0","Treck TCP/IP stack multiple vulnerabilities. (Ripple20)","The Treck network stack used by the remote host is affected by multiple vulnerabilities.","This plugin detects the usage of the Treck TCP/IP stack by the host thereby indicating that it could be potentially
vulnerable to the Ripple20 vulnerabilities. Patches are being slowly rolled out by vendors and we will release plugins
for patches as they are released by the vendors. In the interim, if you have applied the patches from the vendor for the
Ripple20 vulnerabilities on this host, please recast the severity of this plugin.

Note: This plugin requires ICMP traffic to be unblocked between the scanner and the host","Apply the relevant patches as they become available.","https://www.jsof-tech.com/ripple20/
http://www.nessus.org/u?431098c1
https://support.hp.com/emea_africa-en/document/c06640149
https://psirt.bosch.com/security-advisories/BOSCH-SA-662084.html","
  Detected Treck TCP\IP network stack.","","","","10.0","8.3","9.3","7.3","0.3963","Critical","","CISA-KNOWN-EXPLOITED:2022/03/17;CEA-ID:CEA-2020-0052","","2020/06/22","2023/10/04","","",""
"137702","CVE-2020-11905","10.0","Critical","10.50.5.19","tcp","0","Treck TCP/IP stack multiple vulnerabilities. (Ripple20)","The Treck network stack used by the remote host is affected by multiple vulnerabilities.","This plugin detects the usage of the Treck TCP/IP stack by the host thereby indicating that it could be potentially
vulnerable to the Ripple20 vulnerabilities. Patches are being slowly rolled out by vendors and we will release plugins
for patches as they are released by the vendors. In the interim, if you have applied the patches from the vendor for the
Ripple20 vulnerabilities on this host, please recast the severity of this plugin.

Note: This plugin requires ICMP traffic to be unblocked between the scanner and the host","Apply the relevant patches as they become available.","https://www.jsof-tech.com/ripple20/
http://www.nessus.org/u?431098c1
https://support.hp.com/emea_africa-en/document/c06640149
https://psirt.bosch.com/security-advisories/BOSCH-SA-662084.html","
  Detected Treck TCP\IP network stack.","","","","10.0","8.3","9.3","7.3","0.3963","Critical","","CISA-KNOWN-EXPLOITED:2022/03/17;CEA-ID:CEA-2020-0052","","2020/06/22","2023/10/04","","",""
"137702","CVE-2020-11906","10.0","Critical","10.50.5.19","tcp","0","Treck TCP/IP stack multiple vulnerabilities. (Ripple20)","The Treck network stack used by the remote host is affected by multiple vulnerabilities.","This plugin detects the usage of the Treck TCP/IP stack by the host thereby indicating that it could be potentially
vulnerable to the Ripple20 vulnerabilities. Patches are being slowly rolled out by vendors and we will release plugins
for patches as they are released by the vendors. In the interim, if you have applied the patches from the vendor for the
Ripple20 vulnerabilities on this host, please recast the severity of this plugin.

Note: This plugin requires ICMP traffic to be unblocked between the scanner and the host","Apply the relevant patches as they become available.","https://www.jsof-tech.com/ripple20/
http://www.nessus.org/u?431098c1
https://support.hp.com/emea_africa-en/document/c06640149
https://psirt.bosch.com/security-advisories/BOSCH-SA-662084.html","
  Detected Treck TCP\IP network stack.","","","","10.0","8.3","9.3","7.3","0.3963","Critical","","CISA-KNOWN-EXPLOITED:2022/03/17;CEA-ID:CEA-2020-0052","","2020/06/22","2023/10/04","","",""
"137702","CVE-2020-11907","10.0","Critical","10.50.5.19","tcp","0","Treck TCP/IP stack multiple vulnerabilities. (Ripple20)","The Treck network stack used by the remote host is affected by multiple vulnerabilities.","This plugin detects the usage of the Treck TCP/IP stack by the host thereby indicating that it could be potentially
vulnerable to the Ripple20 vulnerabilities. Patches are being slowly rolled out by vendors and we will release plugins
for patches as they are released by the vendors. In the interim, if you have applied the patches from the vendor for the
Ripple20 vulnerabilities on this host, please recast the severity of this plugin.

Note: This plugin requires ICMP traffic to be unblocked between the scanner and the host","Apply the relevant patches as they become available.","https://www.jsof-tech.com/ripple20/
http://www.nessus.org/u?431098c1
https://support.hp.com/emea_africa-en/document/c06640149
https://psirt.bosch.com/security-advisories/BOSCH-SA-662084.html","
  Detected Treck TCP\IP network stack.","","","","10.0","8.3","9.3","7.3","0.3963","Critical","","CISA-KNOWN-EXPLOITED:2022/03/17;CEA-ID:CEA-2020-0052","","2020/06/22","2023/10/04","","",""
"137702","CVE-2020-11908","10.0","Critical","10.50.5.19","tcp","0","Treck TCP/IP stack multiple vulnerabilities. (Ripple20)","The Treck network stack used by the remote host is affected by multiple vulnerabilities.","This plugin detects the usage of the Treck TCP/IP stack by the host thereby indicating that it could be potentially
vulnerable to the Ripple20 vulnerabilities. Patches are being slowly rolled out by vendors and we will release plugins
for patches as they are released by the vendors. In the interim, if you have applied the patches from the vendor for the
Ripple20 vulnerabilities on this host, please recast the severity of this plugin.

Note: This plugin requires ICMP traffic to be unblocked between the scanner and the host","Apply the relevant patches as they become available.","https://www.jsof-tech.com/ripple20/
http://www.nessus.org/u?431098c1
https://support.hp.com/emea_africa-en/document/c06640149
https://psirt.bosch.com/security-advisories/BOSCH-SA-662084.html","
  Detected Treck TCP\IP network stack.","","","","10.0","8.3","9.3","7.3","0.3963","Critical","","CISA-KNOWN-EXPLOITED:2022/03/17;CEA-ID:CEA-2020-0052","","2020/06/22","2023/10/04","","",""
"137702","CVE-2020-11909","10.0","Critical","10.50.5.19","tcp","0","Treck TCP/IP stack multiple vulnerabilities. (Ripple20)","The Treck network stack used by the remote host is affected by multiple vulnerabilities.","This plugin detects the usage of the Treck TCP/IP stack by the host thereby indicating that it could be potentially
vulnerable to the Ripple20 vulnerabilities. Patches are being slowly rolled out by vendors and we will release plugins
for patches as they are released by the vendors. In the interim, if you have applied the patches from the vendor for the
Ripple20 vulnerabilities on this host, please recast the severity of this plugin.

Note: This plugin requires ICMP traffic to be unblocked between the scanner and the host","Apply the relevant patches as they become available.","https://www.jsof-tech.com/ripple20/
http://www.nessus.org/u?431098c1
https://support.hp.com/emea_africa-en/document/c06640149
https://psirt.bosch.com/security-advisories/BOSCH-SA-662084.html","
  Detected Treck TCP\IP network stack.","","","","10.0","8.3","9.3","7.3","0.3963","Critical","","CISA-KNOWN-EXPLOITED:2022/03/17;CEA-ID:CEA-2020-0052","","2020/06/22","2023/10/04","","",""
"137702","CVE-2020-11910","10.0","Critical","10.50.5.19","tcp","0","Treck TCP/IP stack multiple vulnerabilities. (Ripple20)","The Treck network stack used by the remote host is affected by multiple vulnerabilities.","This plugin detects the usage of the Treck TCP/IP stack by the host thereby indicating that it could be potentially
vulnerable to the Ripple20 vulnerabilities. Patches are being slowly rolled out by vendors and we will release plugins
for patches as they are released by the vendors. In the interim, if you have applied the patches from the vendor for the
Ripple20 vulnerabilities on this host, please recast the severity of this plugin.

Note: This plugin requires ICMP traffic to be unblocked between the scanner and the host","Apply the relevant patches as they become available.","https://www.jsof-tech.com/ripple20/
http://www.nessus.org/u?431098c1
https://support.hp.com/emea_africa-en/document/c06640149
https://psirt.bosch.com/security-advisories/BOSCH-SA-662084.html","
  Detected Treck TCP\IP network stack.","","","","10.0","8.3","9.3","7.3","0.3963","Critical","","CISA-KNOWN-EXPLOITED:2022/03/17;CEA-ID:CEA-2020-0052","","2020/06/22","2023/10/04","","",""
"137702","CVE-2020-11911","10.0","Critical","10.50.5.19","tcp","0","Treck TCP/IP stack multiple vulnerabilities. (Ripple20)","The Treck network stack used by the remote host is affected by multiple vulnerabilities.","This plugin detects the usage of the Treck TCP/IP stack by the host thereby indicating that it could be potentially
vulnerable to the Ripple20 vulnerabilities. Patches are being slowly rolled out by vendors and we will release plugins
for patches as they are released by the vendors. In the interim, if you have applied the patches from the vendor for the
Ripple20 vulnerabilities on this host, please recast the severity of this plugin.

Note: This plugin requires ICMP traffic to be unblocked between the scanner and the host","Apply the relevant patches as they become available.","https://www.jsof-tech.com/ripple20/
http://www.nessus.org/u?431098c1
https://support.hp.com/emea_africa-en/document/c06640149
https://psirt.bosch.com/security-advisories/BOSCH-SA-662084.html","
  Detected Treck TCP\IP network stack.","","","","10.0","8.3","9.3","7.3","0.3963","Critical","","CISA-KNOWN-EXPLOITED:2022/03/17;CEA-ID:CEA-2020-0052","","2020/06/22","2023/10/04","","",""
"137702","CVE-2020-11912","10.0","Critical","10.50.5.19","tcp","0","Treck TCP/IP stack multiple vulnerabilities. (Ripple20)","The Treck network stack used by the remote host is affected by multiple vulnerabilities.","This plugin detects the usage of the Treck TCP/IP stack by the host thereby indicating that it could be potentially
vulnerable to the Ripple20 vulnerabilities. Patches are being slowly rolled out by vendors and we will release plugins
for patches as they are released by the vendors. In the interim, if you have applied the patches from the vendor for the
Ripple20 vulnerabilities on this host, please recast the severity of this plugin.

Note: This plugin requires ICMP traffic to be unblocked between the scanner and the host","Apply the relevant patches as they become available.","https://www.jsof-tech.com/ripple20/
http://www.nessus.org/u?431098c1
https://support.hp.com/emea_africa-en/document/c06640149
https://psirt.bosch.com/security-advisories/BOSCH-SA-662084.html","
  Detected Treck TCP\IP network stack.","","","","10.0","8.3","9.3","7.3","0.3963","Critical","","CISA-KNOWN-EXPLOITED:2022/03/17;CEA-ID:CEA-2020-0052","","2020/06/22","2023/10/04","","",""
"137702","CVE-2020-11913","10.0","Critical","10.50.5.19","tcp","0","Treck TCP/IP stack multiple vulnerabilities. (Ripple20)","The Treck network stack used by the remote host is affected by multiple vulnerabilities.","This plugin detects the usage of the Treck TCP/IP stack by the host thereby indicating that it could be potentially
vulnerable to the Ripple20 vulnerabilities. Patches are being slowly rolled out by vendors and we will release plugins
for patches as they are released by the vendors. In the interim, if you have applied the patches from the vendor for the
Ripple20 vulnerabilities on this host, please recast the severity of this plugin.

Note: This plugin requires ICMP traffic to be unblocked between the scanner and the host","Apply the relevant patches as they become available.","https://www.jsof-tech.com/ripple20/
http://www.nessus.org/u?431098c1
https://support.hp.com/emea_africa-en/document/c06640149
https://psirt.bosch.com/security-advisories/BOSCH-SA-662084.html","
  Detected Treck TCP\IP network stack.","","","","10.0","8.3","9.3","7.3","0.3963","Critical","","CISA-KNOWN-EXPLOITED:2022/03/17;CEA-ID:CEA-2020-0052","","2020/06/22","2023/10/04","","",""
"137702","CVE-2020-11914","10.0","Critical","10.50.5.19","tcp","0","Treck TCP/IP stack multiple vulnerabilities. (Ripple20)","The Treck network stack used by the remote host is affected by multiple vulnerabilities.","This plugin detects the usage of the Treck TCP/IP stack by the host thereby indicating that it could be potentially
vulnerable to the Ripple20 vulnerabilities. Patches are being slowly rolled out by vendors and we will release plugins
for patches as they are released by the vendors. In the interim, if you have applied the patches from the vendor for the
Ripple20 vulnerabilities on this host, please recast the severity of this plugin.

Note: This plugin requires ICMP traffic to be unblocked between the scanner and the host","Apply the relevant patches as they become available.","https://www.jsof-tech.com/ripple20/
http://www.nessus.org/u?431098c1
https://support.hp.com/emea_africa-en/document/c06640149
https://psirt.bosch.com/security-advisories/BOSCH-SA-662084.html","
  Detected Treck TCP\IP network stack.","","","","10.0","8.3","9.3","7.3","0.3963","Critical","","CISA-KNOWN-EXPLOITED:2022/03/17;CEA-ID:CEA-2020-0052","","2020/06/22","2023/10/04","","",""
"137703","","","None","10.50.5.19","tcp","0","Treck/Kasago Network Stack Detection","Attempts to detect the Treck network stack.","The Treck/Kasago network stack appears to be running on the remote
 host.

Note that this plugin is based on a detection method provided by JSOF 
(https://www.jsof-tech.com/).

The plugin sends a special packet to the host and looks for a
specific type of ICMP response packet. If the response is not
received (for example, the host does not respond to the special
packet or the response is blocked by a device between the scanner
and the host), the plugin cannot make a determination. Failure to
receive the specific type of ICMP packet in the response does not
necessarily indicate that the remote host does not use the
Treck/Kasago network stack.","n/a","https://www.treck.com/","The remote host appears to be running the Treck/Kasago network stack. Response to ICMP type 165 : 

0x00:  45 00 00 2C 3E B3 00 00 27 06 B3 3A 0A 63 69 48    E..,>...'..:.ciH
0x10:  0A 32 24 02 EB 3E 48 AC 4B 62 37 0F 00 00 00 00    .2$..>H.Kb7.....
0x20:  60 02 04 00 3B EB 00 00 02 04 05 B4                `...;.......    
","","","","","","","","","None","","","","2020/06/22","2025/01/13","","",""
"10287","","","None","10.50.17.1","udp","0","Traceroute Information","It was possible to obtain traceroute information.","Makes a traceroute to the remote host.","n/a","","For your information, here is the traceroute from 10.99.105.72 to 10.50.17.1 : 
10.99.105.72

ttl was greater than 50 - Completing Traceroute.

10.99.105.126
?

Hop Count: 2

An error was detected along the way.

","","","","","","","","","None","","","","1999/11/27","2023/12/04","","",""
"19506","","","None","10.50.17.1","tcp","0","Nessus Scan Information","This plugin displays information about the Nessus scan.","This plugin displays, for each tested host, information about the
scan itself :

  - The version of the plugin set.
  - The type of scanner (Nessus or Nessus Home).
  - The version of the Nessus Engine.
  - The port scanner(s) used.
  - The port range scanned.
  - The ping round trip time 
  - Whether credentialed or third-party patch management
    checks are possible.
  - Whether the display of superseded patches is enabled
  - The date of the scan.
  - The duration of the scan.
  - The number of hosts scanned in parallel.
  - The number of checks done in parallel.","n/a","","Information about this scan : 

Nessus version : 10.8.3
Nessus build : 20010
Plugin feed version : 202501200722
Scanner edition used : Nessus
Scanner OS : WINDOWS
Scanner distribution : win-x86-64
Scan type : Normal
Scan name : Scan 14
Scan policy used : ControlCase Policy
Scanner IP : 10.99.105.72

WARNING : No port scanner was enabled during the scan. This may
lead to incomplete results.

Port range : 1-65535
Ping RTT : Unavailable
Thorough tests : no
Experimental tests : no
Scan for Unpatched Vulnerabilities : no
Plugin debugging enabled : no
Paranoia level : 1
Report verbosity : 1
Safe checks : yes
Optimize the test : no
Credentialed checks : no
Patch management checks : None
Display superseded patches : yes (supersedence plugin did not launch)
CGI scanning : disabled
Web application tests : disabled
Max hosts : 3
Max checks : 3
Recv timeout : 3
Backports : None
Allow post-scan editing : Yes
Nessus Plugin Signature Checking : Enabled
Audit File Signature Checking : Disabled
Scan Start Date : 2025/1/21 14:20 W. Central Africa Standard Time (UTC +01:00)
Scan duration : 2198 sec
Scan for malware : no
","","","","","","","","","None","","","","2005/08/26","2024/12/31","","",""
"10287","","","None","10.50.17.2","udp","0","Traceroute Information","It was possible to obtain traceroute information.","Makes a traceroute to the remote host.","n/a","","For your information, here is the traceroute from 10.99.105.72 to 10.50.17.2 : 
10.99.105.72

ttl was greater than 50 - Completing Traceroute.

10.99.105.126
?

Hop Count: 2

An error was detected along the way.

","","","","","","","","","None","","","","1999/11/27","2023/12/04","","",""
"19506","","","None","10.50.17.2","tcp","0","Nessus Scan Information","This plugin displays information about the Nessus scan.","This plugin displays, for each tested host, information about the
scan itself :

  - The version of the plugin set.
  - The type of scanner (Nessus or Nessus Home).
  - The version of the Nessus Engine.
  - The port scanner(s) used.
  - The port range scanned.
  - The ping round trip time 
  - Whether credentialed or third-party patch management
    checks are possible.
  - Whether the display of superseded patches is enabled
  - The date of the scan.
  - The duration of the scan.
  - The number of hosts scanned in parallel.
  - The number of checks done in parallel.","n/a","","Information about this scan : 

Nessus version : 10.8.3
Nessus build : 20010
Plugin feed version : 202501200722
Scanner edition used : Nessus
Scanner OS : WINDOWS
Scanner distribution : win-x86-64
Scan type : Normal
Scan name : Scan 14
Scan policy used : ControlCase Policy
Scanner IP : 10.99.105.72

WARNING : No port scanner was enabled during the scan. This may
lead to incomplete results.

Port range : 1-65535
Ping RTT : Unavailable
Thorough tests : no
Experimental tests : no
Scan for Unpatched Vulnerabilities : no
Plugin debugging enabled : no
Paranoia level : 1
Report verbosity : 1
Safe checks : yes
Optimize the test : no
Credentialed checks : no
Patch management checks : None
Display superseded patches : yes (supersedence plugin did not launch)
CGI scanning : disabled
Web application tests : disabled
Max hosts : 3
Max checks : 3
Recv timeout : 3
Backports : None
Allow post-scan editing : Yes
Nessus Plugin Signature Checking : Enabled
Audit File Signature Checking : Disabled
Scan Start Date : 2025/1/21 13:44 W. Central Africa Standard Time (UTC +01:00)
Scan duration : 2120 sec
Scan for malware : no
","","","","","","","","","None","","","","2005/08/26","2024/12/31","","",""
"10287","","","None","10.50.17.3","udp","0","Traceroute Information","It was possible to obtain traceroute information.","Makes a traceroute to the remote host.","n/a","","For your information, here is the traceroute from 10.99.105.72 to 10.50.17.3 : 
10.99.105.72

ttl was greater than 50 - Completing Traceroute.

10.99.105.126
10.99.105.72
?

Hop Count: 3

An error was detected along the way.

","","","","","","","","","None","","","","1999/11/27","2023/12/04","","",""
"19506","","","None","10.50.17.3","tcp","0","Nessus Scan Information","This plugin displays information about the Nessus scan.","This plugin displays, for each tested host, information about the
scan itself :

  - The version of the plugin set.
  - The type of scanner (Nessus or Nessus Home).
  - The version of the Nessus Engine.
  - The port scanner(s) used.
  - The port range scanned.
  - The ping round trip time 
  - Whether credentialed or third-party patch management
    checks are possible.
  - Whether the display of superseded patches is enabled
  - The date of the scan.
  - The duration of the scan.
  - The number of hosts scanned in parallel.
  - The number of checks done in parallel.","n/a","","Information about this scan : 

Nessus version : 10.8.3
Nessus build : 20010
Plugin feed version : 202501200722
Scanner edition used : Nessus
Scanner OS : WINDOWS
Scanner distribution : win-x86-64
Scan type : Normal
Scan name : Scan 14
Scan policy used : ControlCase Policy
Scanner IP : 10.99.105.72

WARNING : No port scanner was enabled during the scan. This may
lead to incomplete results.

Port range : 1-65535
Ping RTT : Unavailable
Thorough tests : no
Experimental tests : no
Scan for Unpatched Vulnerabilities : no
Plugin debugging enabled : no
Paranoia level : 1
Report verbosity : 1
Safe checks : yes
Optimize the test : no
Credentialed checks : no
Patch management checks : None
Display superseded patches : yes (supersedence plugin did not launch)
CGI scanning : disabled
Web application tests : disabled
Max hosts : 3
Max checks : 3
Recv timeout : 3
Backports : None
Allow post-scan editing : Yes
Nessus Plugin Signature Checking : Enabled
Audit File Signature Checking : Disabled
Scan Start Date : 2025/1/21 14:20 W. Central Africa Standard Time (UTC +01:00)
Scan duration : 2139 sec
Scan for malware : no
","","","","","","","","","None","","","","2005/08/26","2024/12/31","","",""
"10287","","","None","10.50.28.1","udp","0","Traceroute Information","It was possible to obtain traceroute information.","Makes a traceroute to the remote host.","n/a","","For your information, here is the traceroute from 10.99.105.72 to 10.50.28.1 : 
10.99.105.72

ttl was greater than 50 - Completing Traceroute.

10.99.105.126
?

Hop Count: 2

An error was detected along the way.

","","","","","","","","","None","","","","1999/11/27","2023/12/04","","",""
"19506","","","None","10.50.28.1","tcp","0","Nessus Scan Information","This plugin displays information about the Nessus scan.","This plugin displays, for each tested host, information about the
scan itself :

  - The version of the plugin set.
  - The type of scanner (Nessus or Nessus Home).
  - The version of the Nessus Engine.
  - The port scanner(s) used.
  - The port range scanned.
  - The ping round trip time 
  - Whether credentialed or third-party patch management
    checks are possible.
  - Whether the display of superseded patches is enabled
  - The date of the scan.
  - The duration of the scan.
  - The number of hosts scanned in parallel.
  - The number of checks done in parallel.","n/a","","Information about this scan : 

Nessus version : 10.8.3
Nessus build : 20010
Plugin feed version : 202501200722
Scanner edition used : Nessus
Scanner OS : WINDOWS
Scanner distribution : win-x86-64
Scan type : Normal
Scan name : Scan 14
Scan policy used : ControlCase Policy
Scanner IP : 10.99.105.72

WARNING : No port scanner was enabled during the scan. This may
lead to incomplete results.

Port range : 1-65535
Ping RTT : Unavailable
Thorough tests : no
Experimental tests : no
Scan for Unpatched Vulnerabilities : no
Plugin debugging enabled : no
Paranoia level : 1
Report verbosity : 1
Safe checks : yes
Optimize the test : no
Credentialed checks : no
Patch management checks : None
Display superseded patches : yes (supersedence plugin did not launch)
CGI scanning : disabled
Web application tests : disabled
Max hosts : 3
Max checks : 3
Recv timeout : 3
Backports : None
Allow post-scan editing : Yes
Nessus Plugin Signature Checking : Enabled
Audit File Signature Checking : Disabled
Scan Start Date : 2025/1/21 17:25 W. Central Africa Standard Time (UTC +01:00)
Scan duration : 2129 sec
Scan for malware : no
","","","","","","","","","None","","","","2005/08/26","2024/12/31","","",""
"10287","","","None","10.50.28.2","udp","0","Traceroute Information","It was possible to obtain traceroute information.","Makes a traceroute to the remote host.","n/a","","For your information, here is the traceroute from 10.99.105.72 to 10.50.28.2 : 
10.99.105.72

ttl was greater than 50 - Completing Traceroute.

10.99.105.126
?

Hop Count: 2

An error was detected along the way.

","","","","","","","","","None","","","","1999/11/27","2023/12/04","","",""
"19506","","","None","10.50.28.2","tcp","0","Nessus Scan Information","This plugin displays information about the Nessus scan.","This plugin displays, for each tested host, information about the
scan itself :

  - The version of the plugin set.
  - The type of scanner (Nessus or Nessus Home).
  - The version of the Nessus Engine.
  - The port scanner(s) used.
  - The port range scanned.
  - The ping round trip time 
  - Whether credentialed or third-party patch management
    checks are possible.
  - Whether the display of superseded patches is enabled
  - The date of the scan.
  - The duration of the scan.
  - The number of hosts scanned in parallel.
  - The number of checks done in parallel.","n/a","","Information about this scan : 

Nessus version : 10.8.3
Nessus build : 20010
Plugin feed version : 202501200722
Scanner edition used : Nessus
Scanner OS : WINDOWS
Scanner distribution : win-x86-64
Scan type : Normal
Scan name : Scan 14
Scan policy used : ControlCase Policy
Scanner IP : 10.99.105.72

WARNING : No port scanner was enabled during the scan. This may
lead to incomplete results.

Port range : 1-65535
Ping RTT : Unavailable
Thorough tests : no
Experimental tests : no
Scan for Unpatched Vulnerabilities : no
Plugin debugging enabled : no
Paranoia level : 1
Report verbosity : 1
Safe checks : yes
Optimize the test : no
Credentialed checks : no
Patch management checks : None
Display superseded patches : yes (supersedence plugin did not launch)
CGI scanning : disabled
Web application tests : disabled
Max hosts : 3
Max checks : 3
Recv timeout : 3
Backports : None
Allow post-scan editing : Yes
Nessus Plugin Signature Checking : Enabled
Audit File Signature Checking : Disabled
Scan Start Date : 2025/1/21 17:22 W. Central Africa Standard Time (UTC +01:00)
Scan duration : 2184 sec
Scan for malware : no
","","","","","","","","","None","","","","2005/08/26","2024/12/31","","",""
"10114","CVE-1999-0524","2.1","Low","10.50.35.1","icmp","0","ICMP Timestamp Request Remote Date Disclosure","It is possible to determine the exact time set on the remote host.","The remote host answers to an ICMP timestamp request.  This allows an
attacker to know the date that is set on the targeted machine, which
may assist an unauthenticated, remote attacker in defeating time-based
authentication protocols.

Timestamps returned from machines running Windows Vista / 7 / 2008 /
2008 R2 are deliberately incorrect, but usually within 1000 seconds of
the actual system time.","Filter out the ICMP timestamp requests (13), and the outgoing ICMP
timestamp replies (14).","","","","","","","","","2.2","0.8939","Low","","CWE:200","","1999/08/01","2024/10/07","","",""
"10287","","","None","10.50.35.1","udp","0","Traceroute Information","It was possible to obtain traceroute information.","Makes a traceroute to the remote host.","n/a","","For your information, here is the traceroute from 10.99.105.72 to 10.50.35.1 : 
10.99.105.72

ttl was greater than 50 - Completing Traceroute.

10.99.105.126
?

Hop Count: 2

An error was detected along the way.

","","","","","","","","","None","","","","1999/11/27","2023/12/04","","",""
"19506","","","None","10.50.35.1","tcp","0","Nessus Scan Information","This plugin displays information about the Nessus scan.","This plugin displays, for each tested host, information about the
scan itself :

  - The version of the plugin set.
  - The type of scanner (Nessus or Nessus Home).
  - The version of the Nessus Engine.
  - The port scanner(s) used.
  - The port range scanned.
  - The ping round trip time 
  - Whether credentialed or third-party patch management
    checks are possible.
  - Whether the display of superseded patches is enabled
  - The date of the scan.
  - The duration of the scan.
  - The number of hosts scanned in parallel.
  - The number of checks done in parallel.","n/a","","Information about this scan : 

Nessus version : 10.8.3
Nessus build : 20010
Plugin feed version : 202501200722
Scanner edition used : Nessus
Scanner OS : WINDOWS
Scanner distribution : win-x86-64
Scan type : Normal
Scan name : Scan 14
Scan policy used : ControlCase Policy
Scanner IP : 10.99.105.72

WARNING : No port scanner was enabled during the scan. This may
lead to incomplete results.

Port range : 1-65535
Ping RTT : Unavailable
Thorough tests : no
Experimental tests : no
Scan for Unpatched Vulnerabilities : no
Plugin debugging enabled : no
Paranoia level : 1
Report verbosity : 1
Safe checks : yes
Optimize the test : no
Credentialed checks : no
Patch management checks : None
Display superseded patches : yes (supersedence plugin did not launch)
CGI scanning : disabled
Web application tests : disabled
Max hosts : 3
Max checks : 3
Recv timeout : 3
Backports : None
Allow post-scan editing : Yes
Nessus Plugin Signature Checking : Enabled
Audit File Signature Checking : Disabled
Scan Start Date : 2025/1/21 15:37 W. Central Africa Standard Time (UTC +01:00)
Scan duration : 2034 sec
Scan for malware : no
","","","","","","","","","None","","","","2005/08/26","2024/12/31","","",""
"10287","","","None","10.50.49.1","udp","0","Traceroute Information","It was possible to obtain traceroute information.","Makes a traceroute to the remote host.","n/a","","For your information, here is the traceroute from 10.99.105.72 to 10.50.49.1 : 
10.99.105.72

ttl was greater than 50 - Completing Traceroute.

10.99.105.126
?

Hop Count: 2

An error was detected along the way.

","","","","","","","","","None","","","","1999/11/27","2023/12/04","","",""
"19506","","","None","10.50.49.1","tcp","0","Nessus Scan Information","This plugin displays information about the Nessus scan.","This plugin displays, for each tested host, information about the
scan itself :

  - The version of the plugin set.
  - The type of scanner (Nessus or Nessus Home).
  - The version of the Nessus Engine.
  - The port scanner(s) used.
  - The port range scanned.
  - The ping round trip time 
  - Whether credentialed or third-party patch management
    checks are possible.
  - Whether the display of superseded patches is enabled
  - The date of the scan.
  - The duration of the scan.
  - The number of hosts scanned in parallel.
  - The number of checks done in parallel.","n/a","","Information about this scan : 

Nessus version : 10.8.3
Nessus build : 20010
Plugin feed version : 202501200722
Scanner edition used : Nessus
Scanner OS : WINDOWS
Scanner distribution : win-x86-64
Scan type : Normal
Scan name : Scan 14
Scan policy used : ControlCase Policy
Scanner IP : 10.99.105.72

WARNING : No port scanner was enabled during the scan. This may
lead to incomplete results.

Port range : 1-65535
Ping RTT : Unavailable
Thorough tests : no
Experimental tests : no
Scan for Unpatched Vulnerabilities : no
Plugin debugging enabled : no
Paranoia level : 1
Report verbosity : 1
Safe checks : yes
Optimize the test : no
Credentialed checks : no
Patch management checks : None
Display superseded patches : yes (supersedence plugin did not launch)
CGI scanning : disabled
Web application tests : disabled
Max hosts : 3
Max checks : 3
Recv timeout : 3
Backports : None
Allow post-scan editing : Yes
Nessus Plugin Signature Checking : Enabled
Audit File Signature Checking : Disabled
Scan Start Date : 2025/1/21 15:01 W. Central Africa Standard Time (UTC +01:00)
Scan duration : 2134 sec
Scan for malware : no
","","","","","","","","","None","","","","2005/08/26","2024/12/31","","",""
"10114","CVE-1999-0524","2.1","Low","10.50.49.2","icmp","0","ICMP Timestamp Request Remote Date Disclosure","It is possible to determine the exact time set on the remote host.","The remote host answers to an ICMP timestamp request.  This allows an
attacker to know the date that is set on the targeted machine, which
may assist an unauthenticated, remote attacker in defeating time-based
authentication protocols.

Timestamps returned from machines running Windows Vista / 7 / 2008 /
2008 R2 are deliberately incorrect, but usually within 1000 seconds of
the actual system time.","Filter out the ICMP timestamp requests (13), and the outgoing ICMP
timestamp replies (14).","","","","","","","","","2.2","0.8939","Low","","CWE:200","","1999/08/01","2024/10/07","","",""
"10287","","","None","10.50.49.2","udp","0","Traceroute Information","It was possible to obtain traceroute information.","Makes a traceroute to the remote host.","n/a","","For your information, here is the traceroute from 10.99.105.72 to 10.50.49.2 : 
10.99.105.72

ttl was greater than 50 - Completing Traceroute.

10.99.105.126
?

Hop Count: 2

An error was detected along the way.

","","","","","","","","","None","","","","1999/11/27","2023/12/04","","",""
"19506","","","None","10.50.49.2","tcp","0","Nessus Scan Information","This plugin displays information about the Nessus scan.","This plugin displays, for each tested host, information about the
scan itself :

  - The version of the plugin set.
  - The type of scanner (Nessus or Nessus Home).
  - The version of the Nessus Engine.
  - The port scanner(s) used.
  - The port range scanned.
  - The ping round trip time 
  - Whether credentialed or third-party patch management
    checks are possible.
  - Whether the display of superseded patches is enabled
  - The date of the scan.
  - The duration of the scan.
  - The number of hosts scanned in parallel.
  - The number of checks done in parallel.","n/a","","Information about this scan : 

Nessus version : 10.8.3
Nessus build : 20010
Plugin feed version : 202501200722
Scanner edition used : Nessus
Scanner OS : WINDOWS
Scanner distribution : win-x86-64
Scan type : Normal
Scan name : Scan 14
Scan policy used : ControlCase Policy
Scanner IP : 10.99.105.72

WARNING : No port scanner was enabled during the scan. This may
lead to incomplete results.

Port range : 1-65535
Ping RTT : Unavailable
Thorough tests : no
Experimental tests : no
Scan for Unpatched Vulnerabilities : no
Plugin debugging enabled : no
Paranoia level : 1
Report verbosity : 1
Safe checks : yes
Optimize the test : no
Credentialed checks : no
Patch management checks : None
Display superseded patches : yes (supersedence plugin did not launch)
CGI scanning : disabled
Web application tests : disabled
Max hosts : 3
Max checks : 3
Recv timeout : 3
Backports : None
Allow post-scan editing : Yes
Nessus Plugin Signature Checking : Enabled
Audit File Signature Checking : Disabled
Scan Start Date : 2025/1/21 14:57 W. Central Africa Standard Time (UTC +01:00)
Scan duration : 2212 sec
Scan for malware : no
","","","","","","","","","None","","","","2005/08/26","2024/12/31","","",""
"10287","","","None","10.50.51.2","udp","0","Traceroute Information","It was possible to obtain traceroute information.","Makes a traceroute to the remote host.","n/a","","For your information, here is the traceroute from 10.99.105.72 to 10.50.51.2 : 
10.99.105.72

ttl was greater than 50 - Completing Traceroute.

10.99.105.126
?

Hop Count: 2

An error was detected along the way.

","","","","","","","","","None","","","","1999/11/27","2023/12/04","","",""
"19506","","","None","10.50.51.2","tcp","0","Nessus Scan Information","This plugin displays information about the Nessus scan.","This plugin displays, for each tested host, information about the
scan itself :

  - The version of the plugin set.
  - The type of scanner (Nessus or Nessus Home).
  - The version of the Nessus Engine.
  - The port scanner(s) used.
  - The port range scanned.
  - The ping round trip time 
  - Whether credentialed or third-party patch management
    checks are possible.
  - Whether the display of superseded patches is enabled
  - The date of the scan.
  - The duration of the scan.
  - The number of hosts scanned in parallel.
  - The number of checks done in parallel.","n/a","","Information about this scan : 

Nessus version : 10.8.3
Nessus build : 20010
Plugin feed version : 202501200722
Scanner edition used : Nessus
Scanner OS : WINDOWS
Scanner distribution : win-x86-64
Scan type : Normal
Scan name : Scan 14
Scan policy used : ControlCase Policy
Scanner IP : 10.99.105.72

WARNING : No port scanner was enabled during the scan. This may
lead to incomplete results.

Port range : 1-65535
Ping RTT : Unavailable
Thorough tests : no
Experimental tests : no
Scan for Unpatched Vulnerabilities : no
Plugin debugging enabled : no
Paranoia level : 1
Report verbosity : 1
Safe checks : yes
Optimize the test : no
Credentialed checks : no
Patch management checks : None
Display superseded patches : yes (supersedence plugin did not launch)
CGI scanning : disabled
Web application tests : disabled
Max hosts : 3
Max checks : 3
Recv timeout : 3
Backports : None
Allow post-scan editing : Yes
Nessus Plugin Signature Checking : Enabled
Audit File Signature Checking : Disabled
Scan Start Date : 2025/1/21 14:22 W. Central Africa Standard Time (UTC +01:00)
Scan duration : 2270 sec
Scan for malware : no
","","","","","","","","","None","","","","2005/08/26","2024/12/31","","",""
