Plugin ID,CVE,CVSS v2.0 Base Score,Risk,Host,Protocol,Port,Name,Synopsis,Description,Solution,See Also,Plugin Output,STIG Severity,CVSS v4.0 Base Score,CVSS v4.0 Base+Threat Score,CVSS v3.0 Base Score,CVSS v2.0 Temporal Score,CVSS v3.0 Temporal Score,VPR Score,EPSS Score,Risk Factor,BID,XREF,MSKB,Plugin Publication Date,Plugin Modification Date,Metasploit,Core Impact,CANVAS
"10114","CVE-1999-0524","2.1","Low","10.1.5.6","icmp","0","ICMP Timestamp Request Remote Date Disclosure","It is possible to determine the exact time set on the remote host.","The remote host answers to an ICMP timestamp request.  This allows an
attacker to know the date that is set on the targeted machine, which
may assist an unauthenticated, remote attacker in defeating time-based
authentication protocols.

Timestamps returned from machines running Windows Vista / 7 / 2008 /
2008 R2 are deliberately incorrect, but usually within 1000 seconds of
the actual system time.","Filter out the ICMP timestamp requests (13), and the outgoing ICMP
timestamp replies (14).","","The difference between the local and remote clocks is 308 seconds.
","","","","","","","2.2","0.8939","Low","","CWE:200","","1999/08/01","2024/10/07","","",""
"10267","","","None","10.1.5.6","tcp","22","SSH Server Type and Version Information","An SSH server is listening on this port.","It is possible to obtain information about the remote SSH server by
sending an empty authentication request.","n/a","","
SSH version : SSH-2.0-AzNV6zrP-ww6E
SSH supported authentication : publickey,password
SSH banner : 
PRE WARNING:
This is a private computer system. Unauthorized access or use 
is prohibited and subject to prosecution and/or disciplinary 
action. All use of this system constitutes consent to 
monitoring at all times and users are not entitled to any 
expectation of privacy. If monitoring reveals possible evidence
of violation of criminal statutes, this evidence and any other 
related information, including identification information about 
the user, may be provided to law enforcement officials.
If monitoring reveals violations of security regulations or
unauthorized use, employees who violate security regulations or
make unauthorized use of this system are subject to appropriate 
disciplinary action.

","","","","","","","","","None","","IAVT:0001-T-0933","","1999/10/12","2024/07/24","","",""
"10287","","","None","10.1.5.6","udp","0","Traceroute Information","It was possible to obtain traceroute information.","Makes a traceroute to the remote host.","n/a","","For your information, here is the traceroute from 10.99.105.72 to 10.1.5.6 : 
10.99.105.72

ttl was greater than 50 - Completing Traceroute.

10.99.105.126
?

Hop Count: 2

An error was detected along the way.

","","","","","","","","","None","","","","1999/11/27","2023/12/04","","",""
"19506","","","None","10.1.5.6","tcp","0","Nessus Scan Information","This plugin displays information about the Nessus scan.","This plugin displays, for each tested host, information about the
scan itself :

  - The version of the plugin set.
  - The type of scanner (Nessus or Nessus Home).
  - The version of the Nessus Engine.
  - The port scanner(s) used.
  - The port range scanned.
  - The ping round trip time 
  - Whether credentialed or third-party patch management
    checks are possible.
  - Whether the display of superseded patches is enabled
  - The date of the scan.
  - The duration of the scan.
  - The number of hosts scanned in parallel.
  - The number of checks done in parallel.","n/a","","Information about this scan : 

Nessus version : 10.8.3
Nessus build : 20010
Plugin feed version : 202501200722
Scanner edition used : Nessus
Scanner OS : WINDOWS
Scanner distribution : win-x86-64
Scan type : Normal
Scan name : Scan 1
Scan policy used : ControlCase Policy
Scanner IP : 10.99.105.72

WARNING : No port scanner was enabled during the scan. This may
lead to incomplete results.

Port range : 1-65535
Ping RTT : Unavailable
Thorough tests : no
Experimental tests : no
Scan for Unpatched Vulnerabilities : no
Plugin debugging enabled : no
Paranoia level : 1
Report verbosity : 1
Safe checks : yes
Optimize the test : no
Credentialed checks : no
Patch management checks : None
Display superseded patches : yes (supersedence plugin did not launch)
CGI scanning : disabled
Web application tests : disabled
Max hosts : 3
Max checks : 3
Recv timeout : 3
Backports : None
Allow post-scan editing : Yes
Nessus Plugin Signature Checking : Enabled
Audit File Signature Checking : Disabled
Scan Start Date : 2025/1/21 14:30 W. Central Africa Standard Time (UTC +01:00)
Scan duration : 2231 sec
Scan for malware : no
","","","","","","","","","None","","","","2005/08/26","2024/12/31","","",""
"149334","","","None","10.1.5.6","tcp","22","SSH Password Authentication Accepted","The SSH server on the remote host accepts password authentication.","The SSH server on the remote host accepts password authentication.","n/a","https://tools.ietf.org/html/rfc4252#section-8","","","","","","","","","","None","","","","2021/05/07","2021/05/07","","",""
"10287","","","None","10.10.10.100","udp","0","Traceroute Information","It was possible to obtain traceroute information.","Makes a traceroute to the remote host.","n/a","","For your information, here is the traceroute from 10.99.105.72 to 10.10.10.100 : 
10.99.105.72

ttl was greater than 50 - Completing Traceroute.

10.99.105.126
?

Hop Count: 2

An error was detected along the way.

","","","","","","","","","None","","","","1999/11/27","2023/12/04","","",""
"19506","","","None","10.10.10.100","tcp","0","Nessus Scan Information","This plugin displays information about the Nessus scan.","This plugin displays, for each tested host, information about the
scan itself :

  - The version of the plugin set.
  - The type of scanner (Nessus or Nessus Home).
  - The version of the Nessus Engine.
  - The port scanner(s) used.
  - The port range scanned.
  - The ping round trip time 
  - Whether credentialed or third-party patch management
    checks are possible.
  - Whether the display of superseded patches is enabled
  - The date of the scan.
  - The duration of the scan.
  - The number of hosts scanned in parallel.
  - The number of checks done in parallel.","n/a","","Information about this scan : 

Nessus version : 10.8.3
Nessus build : 20010
Plugin feed version : 202501200722
Scanner edition used : Nessus
Scanner OS : WINDOWS
Scanner distribution : win-x86-64
Scan type : Normal
Scan name : Scan 1
Scan policy used : ControlCase Policy
Scanner IP : 10.99.105.72

WARNING : No port scanner was enabled during the scan. This may
lead to incomplete results.

Port range : 1-65535
Ping RTT : Unavailable
Thorough tests : no
Experimental tests : no
Scan for Unpatched Vulnerabilities : no
Plugin debugging enabled : no
Paranoia level : 1
Report verbosity : 1
Safe checks : yes
Optimize the test : no
Credentialed checks : no
Patch management checks : None
Display superseded patches : yes (supersedence plugin did not launch)
CGI scanning : disabled
Web application tests : disabled
Max hosts : 3
Max checks : 3
Recv timeout : 3
Backports : None
Allow post-scan editing : Yes
Nessus Plugin Signature Checking : Enabled
Audit File Signature Checking : Disabled
Scan Start Date : 2025/1/21 16:23 W. Central Africa Standard Time (UTC +01:00)
Scan duration : 2142 sec
Scan for malware : no
","","","","","","","","","None","","","","2005/08/26","2024/12/31","","",""
"10114","CVE-1999-0524","2.1","Low","10.10.123.2","icmp","0","ICMP Timestamp Request Remote Date Disclosure","It is possible to determine the exact time set on the remote host.","The remote host answers to an ICMP timestamp request.  This allows an
attacker to know the date that is set on the targeted machine, which
may assist an unauthenticated, remote attacker in defeating time-based
authentication protocols.

Timestamps returned from machines running Windows Vista / 7 / 2008 /
2008 R2 are deliberately incorrect, but usually within 1000 seconds of
the actual system time.","Filter out the ICMP timestamp requests (13), and the outgoing ICMP
timestamp replies (14).","","","","","","","","","2.2","0.8939","Low","","CWE:200","","1999/08/01","2024/10/07","","",""
"10287","","","None","10.10.123.2","udp","0","Traceroute Information","It was possible to obtain traceroute information.","Makes a traceroute to the remote host.","n/a","","For your information, here is the traceroute from 10.99.105.72 to 10.10.123.2 : 
10.99.105.72

ttl was greater than 50 - Completing Traceroute.

10.99.105.72
10.99.105.126
10.99.105.72
?

Hop Count: 4

An error was detected along the way.

","","","","","","","","","None","","","","1999/11/27","2023/12/04","","",""
"19506","","","None","10.10.123.2","tcp","0","Nessus Scan Information","This plugin displays information about the Nessus scan.","This plugin displays, for each tested host, information about the
scan itself :

  - The version of the plugin set.
  - The type of scanner (Nessus or Nessus Home).
  - The version of the Nessus Engine.
  - The port scanner(s) used.
  - The port range scanned.
  - The ping round trip time 
  - Whether credentialed or third-party patch management
    checks are possible.
  - Whether the display of superseded patches is enabled
  - The date of the scan.
  - The duration of the scan.
  - The number of hosts scanned in parallel.
  - The number of checks done in parallel.","n/a","","Information about this scan : 

Nessus version : 10.8.3
Nessus build : 20010
Plugin feed version : 202501200722
Scanner edition used : Nessus
Scanner OS : WINDOWS
Scanner distribution : win-x86-64
Scan type : Normal
Scan name : Scan 1
Scan policy used : ControlCase Policy
Scanner IP : 10.99.105.72

WARNING : No port scanner was enabled during the scan. This may
lead to incomplete results.

Port range : 1-65535
Ping RTT : Unavailable
Thorough tests : no
Experimental tests : no
Scan for Unpatched Vulnerabilities : no
Plugin debugging enabled : no
Paranoia level : 1
Report verbosity : 1
Safe checks : yes
Optimize the test : no
Credentialed checks : no
Patch management checks : None
Display superseded patches : yes (supersedence plugin did not launch)
CGI scanning : disabled
Web application tests : disabled
Max hosts : 3
Max checks : 3
Recv timeout : 3
Backports : None
Allow post-scan editing : Yes
Nessus Plugin Signature Checking : Enabled
Audit File Signature Checking : Disabled
Scan Start Date : 2025/1/21 14:30 W. Central Africa Standard Time (UTC +01:00)
Scan duration : 2218 sec
Scan for malware : no
","","","","","","","","","None","","","","2005/08/26","2024/12/31","","",""
"10287","","","None","10.11.123.2","udp","0","Traceroute Information","It was possible to obtain traceroute information.","Makes a traceroute to the remote host.","n/a","","For your information, here is the traceroute from 10.99.105.72 to 10.11.123.2 : 
10.99.105.72

ttl was greater than 50 - Completing Traceroute.

10.99.105.126
?

Hop Count: 2

An error was detected along the way.

","","","","","","","","","None","","","","1999/11/27","2023/12/04","","",""
"19506","","","None","10.11.123.2","tcp","0","Nessus Scan Information","This plugin displays information about the Nessus scan.","This plugin displays, for each tested host, information about the
scan itself :

  - The version of the plugin set.
  - The type of scanner (Nessus or Nessus Home).
  - The version of the Nessus Engine.
  - The port scanner(s) used.
  - The port range scanned.
  - The ping round trip time 
  - Whether credentialed or third-party patch management
    checks are possible.
  - Whether the display of superseded patches is enabled
  - The date of the scan.
  - The duration of the scan.
  - The number of hosts scanned in parallel.
  - The number of checks done in parallel.","n/a","","Information about this scan : 

Nessus version : 10.8.3
Nessus build : 20010
Plugin feed version : 202501200722
Scanner edition used : Nessus
Scanner OS : WINDOWS
Scanner distribution : win-x86-64
Scan type : Normal
Scan name : Scan 1
Scan policy used : ControlCase Policy
Scanner IP : 10.99.105.72

WARNING : No port scanner was enabled during the scan. This may
lead to incomplete results.

Port range : 1-65535
Ping RTT : Unavailable
Thorough tests : no
Experimental tests : no
Scan for Unpatched Vulnerabilities : no
Plugin debugging enabled : no
Paranoia level : 1
Report verbosity : 1
Safe checks : yes
Optimize the test : no
Credentialed checks : no
Patch management checks : None
Display superseded patches : yes (supersedence plugin did not launch)
CGI scanning : disabled
Web application tests : disabled
Max hosts : 3
Max checks : 3
Recv timeout : 3
Backports : None
Allow post-scan editing : Yes
Nessus Plugin Signature Checking : Enabled
Audit File Signature Checking : Disabled
Scan Start Date : 2025/1/21 16:59 W. Central Africa Standard Time (UTC +01:00)
Scan duration : 2120 sec
Scan for malware : no
","","","","","","","","","None","","","","2005/08/26","2024/12/31","","",""
"10287","","","None","10.12.123.2","udp","0","Traceroute Information","It was possible to obtain traceroute information.","Makes a traceroute to the remote host.","n/a","","For your information, here is the traceroute from 10.99.105.72 to 10.12.123.2 : 
10.99.105.72

ttl was greater than 50 - Completing Traceroute.

10.99.105.126
?

Hop Count: 2

An error was detected along the way.

","","","","","","","","","None","","","","1999/11/27","2023/12/04","","",""
"19506","","","None","10.12.123.2","tcp","0","Nessus Scan Information","This plugin displays information about the Nessus scan.","This plugin displays, for each tested host, information about the
scan itself :

  - The version of the plugin set.
  - The type of scanner (Nessus or Nessus Home).
  - The version of the Nessus Engine.
  - The port scanner(s) used.
  - The port range scanned.
  - The ping round trip time 
  - Whether credentialed or third-party patch management
    checks are possible.
  - Whether the display of superseded patches is enabled
  - The date of the scan.
  - The duration of the scan.
  - The number of hosts scanned in parallel.
  - The number of checks done in parallel.","n/a","","Information about this scan : 

Nessus version : 10.8.3
Nessus build : 20010
Plugin feed version : 202501200722
Scanner edition used : Nessus
Scanner OS : WINDOWS
Scanner distribution : win-x86-64
Scan type : Normal
Scan name : Scan 1
Scan policy used : ControlCase Policy
Scanner IP : 10.99.105.72

WARNING : No port scanner was enabled during the scan. This may
lead to incomplete results.

Port range : 1-65535
Ping RTT : Unavailable
Thorough tests : no
Experimental tests : no
Scan for Unpatched Vulnerabilities : no
Plugin debugging enabled : no
Paranoia level : 1
Report verbosity : 1
Safe checks : yes
Optimize the test : no
Credentialed checks : no
Patch management checks : None
Display superseded patches : yes (supersedence plugin did not launch)
CGI scanning : disabled
Web application tests : disabled
Max hosts : 3
Max checks : 3
Recv timeout : 3
Backports : None
Allow post-scan editing : Yes
Nessus Plugin Signature Checking : Enabled
Audit File Signature Checking : Disabled
Scan Start Date : 2025/1/21 15:08 W. Central Africa Standard Time (UTC +01:00)
Scan duration : 2195 sec
Scan for malware : no
","","","","","","","","","None","","","","2005/08/26","2024/12/31","","",""
"10287","","","None","10.13.123.2","udp","0","Traceroute Information","It was possible to obtain traceroute information.","Makes a traceroute to the remote host.","n/a","","For your information, here is the traceroute from 10.99.105.72 to 10.13.123.2 : 
10.99.105.72

ttl was greater than 50 - Completing Traceroute.

10.99.105.126
?

Hop Count: 2

An error was detected along the way.

","","","","","","","","","None","","","","1999/11/27","2023/12/04","","",""
"19506","","","None","10.13.123.2","tcp","0","Nessus Scan Information","This plugin displays information about the Nessus scan.","This plugin displays, for each tested host, information about the
scan itself :

  - The version of the plugin set.
  - The type of scanner (Nessus or Nessus Home).
  - The version of the Nessus Engine.
  - The port scanner(s) used.
  - The port range scanned.
  - The ping round trip time 
  - Whether credentialed or third-party patch management
    checks are possible.
  - Whether the display of superseded patches is enabled
  - The date of the scan.
  - The duration of the scan.
  - The number of hosts scanned in parallel.
  - The number of checks done in parallel.","n/a","","Information about this scan : 

Nessus version : 10.8.3
Nessus build : 20010
Plugin feed version : 202501200722
Scanner edition used : Nessus
Scanner OS : WINDOWS
Scanner distribution : win-x86-64
Scan type : Normal
Scan name : Scan 1
Scan policy used : ControlCase Policy
Scanner IP : 10.99.105.72

WARNING : No port scanner was enabled during the scan. This may
lead to incomplete results.

Port range : 1-65535
Ping RTT : Unavailable
Thorough tests : no
Experimental tests : no
Scan for Unpatched Vulnerabilities : no
Plugin debugging enabled : no
Paranoia level : 1
Report verbosity : 1
Safe checks : yes
Optimize the test : no
Credentialed checks : no
Patch management checks : None
Display superseded patches : yes (supersedence plugin did not launch)
CGI scanning : disabled
Web application tests : disabled
Max hosts : 3
Max checks : 3
Recv timeout : 3
Backports : None
Allow post-scan editing : Yes
Nessus Plugin Signature Checking : Enabled
Audit File Signature Checking : Disabled
Scan Start Date : 2025/1/21 17:34 W. Central Africa Standard Time (UTC +01:00)
Scan duration : 2108 sec
Scan for malware : no
","","","","","","","","","None","","","","2005/08/26","2024/12/31","","",""
"10287","","","None","10.14.123.2","udp","0","Traceroute Information","It was possible to obtain traceroute information.","Makes a traceroute to the remote host.","n/a","","For your information, here is the traceroute from 10.99.105.72 to 10.14.123.2 : 
10.99.105.72

ttl was greater than 50 - Completing Traceroute.

10.99.105.126
?

Hop Count: 2

An error was detected along the way.

","","","","","","","","","None","","","","1999/11/27","2023/12/04","","",""
"19506","","","None","10.14.123.2","tcp","0","Nessus Scan Information","This plugin displays information about the Nessus scan.","This plugin displays, for each tested host, information about the
scan itself :

  - The version of the plugin set.
  - The type of scanner (Nessus or Nessus Home).
  - The version of the Nessus Engine.
  - The port scanner(s) used.
  - The port range scanned.
  - The ping round trip time 
  - Whether credentialed or third-party patch management
    checks are possible.
  - Whether the display of superseded patches is enabled
  - The date of the scan.
  - The duration of the scan.
  - The number of hosts scanned in parallel.
  - The number of checks done in parallel.","n/a","","Information about this scan : 

Nessus version : 10.8.3
Nessus build : 20010
Plugin feed version : 202501200722
Scanner edition used : Nessus
Scanner OS : WINDOWS
Scanner distribution : win-x86-64
Scan type : Normal
Scan name : Scan 1
Scan policy used : ControlCase Policy
Scanner IP : 10.99.105.72

WARNING : No port scanner was enabled during the scan. This may
lead to incomplete results.

Port range : 1-65535
Ping RTT : Unavailable
Thorough tests : no
Experimental tests : no
Scan for Unpatched Vulnerabilities : no
Plugin debugging enabled : no
Paranoia level : 1
Report verbosity : 1
Safe checks : yes
Optimize the test : no
Credentialed checks : no
Patch management checks : None
Display superseded patches : yes (supersedence plugin did not launch)
CGI scanning : disabled
Web application tests : disabled
Max hosts : 3
Max checks : 3
Recv timeout : 3
Backports : None
Allow post-scan editing : Yes
Nessus Plugin Signature Checking : Enabled
Audit File Signature Checking : Disabled
Scan Start Date : 2025/1/21 15:44 W. Central Africa Standard Time (UTC +01:00)
Scan duration : 2211 sec
Scan for malware : no
","","","","","","","","","None","","","","2005/08/26","2024/12/31","","",""
"10287","","","None","10.15.123.2","udp","0","Traceroute Information","It was possible to obtain traceroute information.","Makes a traceroute to the remote host.","n/a","","For your information, here is the traceroute from 10.99.105.72 to 10.15.123.2 : 
10.99.105.72

ttl was greater than 50 - Completing Traceroute.

10.99.105.126
?

Hop Count: 2

An error was detected along the way.

","","","","","","","","","None","","","","1999/11/27","2023/12/04","","",""
"19506","","","None","10.15.123.2","tcp","0","Nessus Scan Information","This plugin displays information about the Nessus scan.","This plugin displays, for each tested host, information about the
scan itself :

  - The version of the plugin set.
  - The type of scanner (Nessus or Nessus Home).
  - The version of the Nessus Engine.
  - The port scanner(s) used.
  - The port range scanned.
  - The ping round trip time 
  - Whether credentialed or third-party patch management
    checks are possible.
  - Whether the display of superseded patches is enabled
  - The date of the scan.
  - The duration of the scan.
  - The number of hosts scanned in parallel.
  - The number of checks done in parallel.","n/a","","Information about this scan : 

Nessus version : 10.8.3
Nessus build : 20010
Plugin feed version : 202501200722
Scanner edition used : Nessus
Scanner OS : WINDOWS
Scanner distribution : win-x86-64
Scan type : Normal
Scan name : Scan 1
Scan policy used : ControlCase Policy
Scanner IP : 10.99.105.72

WARNING : No port scanner was enabled during the scan. This may
lead to incomplete results.

Port range : 1-65535
Ping RTT : Unavailable
Thorough tests : no
Experimental tests : no
Scan for Unpatched Vulnerabilities : no
Plugin debugging enabled : no
Paranoia level : 1
Report verbosity : 1
Safe checks : yes
Optimize the test : no
Credentialed checks : no
Patch management checks : None
Display superseded patches : yes (supersedence plugin did not launch)
CGI scanning : disabled
Web application tests : disabled
Max hosts : 3
Max checks : 3
Recv timeout : 3
Backports : None
Allow post-scan editing : Yes
Nessus Plugin Signature Checking : Enabled
Audit File Signature Checking : Disabled
Scan Start Date : 2025/1/21 17:56 W. Central Africa Standard Time (UTC +01:00)
Scan duration : 2128 sec
Scan for malware : no
","","","","","","","","","None","","","","2005/08/26","2024/12/31","","",""
"10287","","","None","10.16.123.2","udp","0","Traceroute Information","It was possible to obtain traceroute information.","Makes a traceroute to the remote host.","n/a","","For your information, here is the traceroute from 10.99.105.72 to 10.16.123.2 : 
10.99.105.72

ttl was greater than 50 - Completing Traceroute.

10.99.105.126
?

Hop Count: 2

An error was detected along the way.

","","","","","","","","","None","","","","1999/11/27","2023/12/04","","",""
"19506","","","None","10.16.123.2","tcp","0","Nessus Scan Information","This plugin displays information about the Nessus scan.","This plugin displays, for each tested host, information about the
scan itself :

  - The version of the plugin set.
  - The type of scanner (Nessus or Nessus Home).
  - The version of the Nessus Engine.
  - The port scanner(s) used.
  - The port range scanned.
  - The ping round trip time 
  - Whether credentialed or third-party patch management
    checks are possible.
  - Whether the display of superseded patches is enabled
  - The date of the scan.
  - The duration of the scan.
  - The number of hosts scanned in parallel.
  - The number of checks done in parallel.","n/a","","Information about this scan : 

Nessus version : 10.8.3
Nessus build : 20010
Plugin feed version : 202501200722
Scanner edition used : Nessus
Scanner OS : WINDOWS
Scanner distribution : win-x86-64
Scan type : Normal
Scan name : Scan 1
Scan policy used : ControlCase Policy
Scanner IP : 10.99.105.72

WARNING : No port scanner was enabled during the scan. This may
lead to incomplete results.

Port range : 1-65535
Ping RTT : Unavailable
Thorough tests : no
Experimental tests : no
Scan for Unpatched Vulnerabilities : no
Plugin debugging enabled : no
Paranoia level : 1
Report verbosity : 1
Safe checks : yes
Optimize the test : no
Credentialed checks : no
Patch management checks : None
Display superseded patches : yes (supersedence plugin did not launch)
CGI scanning : disabled
Web application tests : disabled
Max hosts : 3
Max checks : 3
Recv timeout : 3
Backports : None
Allow post-scan editing : Yes
Nessus Plugin Signature Checking : Enabled
Audit File Signature Checking : Disabled
Scan Start Date : 2025/1/21 15:45 W. Central Africa Standard Time (UTC +01:00)
Scan duration : 2193 sec
Scan for malware : no
","","","","","","","","","None","","","","2005/08/26","2024/12/31","","",""
"135860","","","None","10.16.123.2","tcp","445","WMI Not Available","WMI queries could not be made against the remote host.","WMI (Windows Management Instrumentation) is not available on the
remote host over DCOM. WMI queries are used to gather information
about the remote host, such as its current state, network interface
configuration, etc.

Without this information Nessus may not be able to identify installed
software or security vunerabilities that exist on the remote host.","n/a","https://docs.microsoft.com/en-us/windows/win32/wmisdk/wmi-start-page","Can't connect to the 'root\CIMV2' WMI namespace.","","","","","","","","","None","","","","2020/04/21","2025/01/15","","",""
"10287","","","None","10.17.123.2","udp","0","Traceroute Information","It was possible to obtain traceroute information.","Makes a traceroute to the remote host.","n/a","","For your information, here is the traceroute from 10.99.105.72 to 10.17.123.2 : 
10.99.105.72

ttl was greater than 50 - Completing Traceroute.

10.99.105.126
?

Hop Count: 2

An error was detected along the way.

","","","","","","","","","None","","","","1999/11/27","2023/12/04","","",""
"19506","","","None","10.17.123.2","tcp","0","Nessus Scan Information","This plugin displays information about the Nessus scan.","This plugin displays, for each tested host, information about the
scan itself :

  - The version of the plugin set.
  - The type of scanner (Nessus or Nessus Home).
  - The version of the Nessus Engine.
  - The port scanner(s) used.
  - The port range scanned.
  - The ping round trip time 
  - Whether credentialed or third-party patch management
    checks are possible.
  - Whether the display of superseded patches is enabled
  - The date of the scan.
  - The duration of the scan.
  - The number of hosts scanned in parallel.
  - The number of checks done in parallel.","n/a","","Information about this scan : 

Nessus version : 10.8.3
Nessus build : 20010
Plugin feed version : 202501200722
Scanner edition used : Nessus
Scanner OS : WINDOWS
Scanner distribution : win-x86-64
Scan type : Normal
Scan name : Scan 1
Scan policy used : ControlCase Policy
Scanner IP : 10.99.105.72

WARNING : No port scanner was enabled during the scan. This may
lead to incomplete results.

Port range : 1-65535
Ping RTT : Unavailable
Thorough tests : no
Experimental tests : no
Scan for Unpatched Vulnerabilities : no
Plugin debugging enabled : no
Paranoia level : 1
Report verbosity : 1
Safe checks : yes
Optimize the test : no
Credentialed checks : no
Patch management checks : None
Display superseded patches : yes (supersedence plugin did not launch)
CGI scanning : disabled
Web application tests : disabled
Max hosts : 3
Max checks : 3
Recv timeout : 3
Backports : None
Allow post-scan editing : Yes
Nessus Plugin Signature Checking : Enabled
Audit File Signature Checking : Disabled
Scan Start Date : 2025/1/21 18:11 W. Central Africa Standard Time (UTC +01:00)
Scan duration : 2485 sec
Scan for malware : no
","","","","","","","","","None","","","","2005/08/26","2024/12/31","","",""
"24260","","","None","10.17.123.2","tcp","80","HyperText Transfer Protocol (HTTP) Information","Some information about the remote HTTP configuration can be extracted.","This test gives some information about the remote HTTP protocol - the
version used, whether HTTP Keep-Alive is enabled, etc... 

This test is informational only and does not denote any security
problem.","n/a","","
Response Code : HTTP/1.1 301 Moved Permanently

Protocol version : HTTP/1.1
HTTP/2 TLS Support: No
HTTP/2 Cleartext Support: No
SSL : no
Keep-Alive : yes
Options allowed : (Not implemented)
Headers :

  X-Frame-Options: SAMEORIGIN
  Content-Security-Policy: frame-ancestors 'self'
  X-XSS-Protection: 1; mode=block
  Strict-Transport-Security: max-age=0
  location: https://10.17.123.2:443/
  Date: Tue, 21 Jan 2025 17:12:27 GMT
  Connection: keep-alive
  Keep-Alive: timeout=5
  Transfer-Encoding: chunked
  
Response Body :

","","","","","","","","","None","","","","2007/01/30","2024/02/26","","",""
"10287","","","None","10.100.123.2","udp","0","Traceroute Information","It was possible to obtain traceroute information.","Makes a traceroute to the remote host.","n/a","","For your information, here is the traceroute from 10.99.105.72 to 10.100.123.2 : 
10.99.105.72

ttl was greater than 50 - Completing Traceroute.

10.99.105.126
?

Hop Count: 2

An error was detected along the way.

","","","","","","","","","None","","","","1999/11/27","2023/12/04","","",""
"19506","","","None","10.100.123.2","tcp","0","Nessus Scan Information","This plugin displays information about the Nessus scan.","This plugin displays, for each tested host, information about the
scan itself :

  - The version of the plugin set.
  - The type of scanner (Nessus or Nessus Home).
  - The version of the Nessus Engine.
  - The port scanner(s) used.
  - The port range scanned.
  - The ping round trip time 
  - Whether credentialed or third-party patch management
    checks are possible.
  - Whether the display of superseded patches is enabled
  - The date of the scan.
  - The duration of the scan.
  - The number of hosts scanned in parallel.
  - The number of checks done in parallel.","n/a","","Information about this scan : 

Nessus version : 10.8.3
Nessus build : 20010
Plugin feed version : 202501200722
Scanner edition used : Nessus
Scanner OS : WINDOWS
Scanner distribution : win-x86-64
Scan type : Normal
Scan name : Scan 1
Scan policy used : ControlCase Policy
Scanner IP : 10.99.105.72

WARNING : No port scanner was enabled during the scan. This may
lead to incomplete results.

Port range : 1-65535
Ping RTT : Unavailable
Thorough tests : no
Experimental tests : no
Scan for Unpatched Vulnerabilities : no
Plugin debugging enabled : no
Paranoia level : 1
Report verbosity : 1
Safe checks : yes
Optimize the test : no
Credentialed checks : no
Patch management checks : None
Display superseded patches : yes (supersedence plugin did not launch)
CGI scanning : disabled
Web application tests : disabled
Max hosts : 3
Max checks : 3
Recv timeout : 3
Backports : None
Allow post-scan editing : Yes
Nessus Plugin Signature Checking : Enabled
Audit File Signature Checking : Disabled
Scan Start Date : 2025/1/21 16:23 W. Central Africa Standard Time (UTC +01:00)
Scan duration : 3375 sec
Scan for malware : no
","","","","","","","","","None","","","","2005/08/26","2024/12/31","","",""
"24260","","","None","10.100.123.2","tcp","80","HyperText Transfer Protocol (HTTP) Information","Some information about the remote HTTP configuration can be extracted.","This test gives some information about the remote HTTP protocol - the
version used, whether HTTP Keep-Alive is enabled, etc... 

This test is informational only and does not denote any security
problem.","n/a","","
Response Code : HTTP/1.1 302 Found

Protocol version : HTTP/1.1
HTTP/2 TLS Support: No
HTTP/2 Cleartext Support: No
SSL : no
Keep-Alive : yes
Options allowed : (Not implemented)
Headers :

  Date: Tue, 21 Jan 2025 15:00:01 GMT
  X-Frame-Options: SAMEORIGIN
  Content-Security-Policy: frame-ancestors 'self'
  X-XSS-Protection: 1; mode=block
  Location: https://10.100.123.2:443/
  Content-Length: 209
  Keep-Alive: timeout=5, max=100
  Connection: Keep-Alive
  Content-Type: text/html; charset=iso-8859-1
  
Response Body :

<!DOCTYPE HTML PUBLIC ""-//IETF//DTD HTML 2.0//EN"">
<html><head>
<title>302 Found</title>
</head><body>
<h1>Found</h1>
<p>The document has moved <a href=""https://10.100.123.2:443/"">here</a>.</p>
</body></html>
","","","","","","","","","None","","","","2007/01/30","2024/02/26","","",""
"10114","CVE-1999-0524","2.1","Low","10.101.123.2","icmp","0","ICMP Timestamp Request Remote Date Disclosure","It is possible to determine the exact time set on the remote host.","The remote host answers to an ICMP timestamp request.  This allows an
attacker to know the date that is set on the targeted machine, which
may assist an unauthenticated, remote attacker in defeating time-based
authentication protocols.

Timestamps returned from machines running Windows Vista / 7 / 2008 /
2008 R2 are deliberately incorrect, but usually within 1000 seconds of
the actual system time.","Filter out the ICMP timestamp requests (13), and the outgoing ICMP
timestamp replies (14).","","","","","","","","","2.2","0.8939","Low","","CWE:200","","1999/08/01","2024/10/07","","",""
"10287","","","None","10.101.123.2","udp","0","Traceroute Information","It was possible to obtain traceroute information.","Makes a traceroute to the remote host.","n/a","","For your information, here is the traceroute from 10.99.105.72 to 10.101.123.2 : 
10.99.105.72

ttl was greater than 50 - Completing Traceroute.

10.99.105.126
?

Hop Count: 2

An error was detected along the way.

","","","","","","","","","None","","","","1999/11/27","2023/12/04","","",""
"19506","","","None","10.101.123.2","tcp","0","Nessus Scan Information","This plugin displays information about the Nessus scan.","This plugin displays, for each tested host, information about the
scan itself :

  - The version of the plugin set.
  - The type of scanner (Nessus or Nessus Home).
  - The version of the Nessus Engine.
  - The port scanner(s) used.
  - The port range scanned.
  - The ping round trip time 
  - Whether credentialed or third-party patch management
    checks are possible.
  - Whether the display of superseded patches is enabled
  - The date of the scan.
  - The duration of the scan.
  - The number of hosts scanned in parallel.
  - The number of checks done in parallel.","n/a","","Information about this scan : 

Nessus version : 10.8.3
Nessus build : 20010
Plugin feed version : 202501200722
Scanner edition used : Nessus
Scanner OS : WINDOWS
Scanner distribution : win-x86-64
Scan type : Normal
Scan name : Scan 1
Scan policy used : ControlCase Policy
Scanner IP : 10.99.105.72

WARNING : No port scanner was enabled during the scan. This may
lead to incomplete results.

Port range : 1-65535
Ping RTT : Unavailable
Thorough tests : no
Experimental tests : no
Scan for Unpatched Vulnerabilities : no
Plugin debugging enabled : no
Paranoia level : 1
Report verbosity : 1
Safe checks : yes
Optimize the test : no
Credentialed checks : no
Patch management checks : None
Display superseded patches : yes (supersedence plugin did not launch)
CGI scanning : disabled
Web application tests : disabled
Max hosts : 3
Max checks : 3
Recv timeout : 3
Backports : None
Allow post-scan editing : Yes
Nessus Plugin Signature Checking : Enabled
Audit File Signature Checking : Disabled
Scan Start Date : 2025/1/21 14:30 W. Central Africa Standard Time (UTC +01:00)
Scan duration : 2171 sec
Scan for malware : no
","","","","","","","","","None","","","","2005/08/26","2024/12/31","","",""
"10287","","","None","10.104.123.2","udp","0","Traceroute Information","It was possible to obtain traceroute information.","Makes a traceroute to the remote host.","n/a","","For your information, here is the traceroute from 10.99.105.72 to 10.104.123.2 : 
10.99.105.72

ttl was greater than 50 - Completing Traceroute.

10.99.105.126
?

Hop Count: 2

An error was detected along the way.

","","","","","","","","","None","","","","1999/11/27","2023/12/04","","",""
"19506","","","None","10.104.123.2","tcp","0","Nessus Scan Information","This plugin displays information about the Nessus scan.","This plugin displays, for each tested host, information about the
scan itself :

  - The version of the plugin set.
  - The type of scanner (Nessus or Nessus Home).
  - The version of the Nessus Engine.
  - The port scanner(s) used.
  - The port range scanned.
  - The ping round trip time 
  - Whether credentialed or third-party patch management
    checks are possible.
  - Whether the display of superseded patches is enabled
  - The date of the scan.
  - The duration of the scan.
  - The number of hosts scanned in parallel.
  - The number of checks done in parallel.","n/a","","Information about this scan : 

Nessus version : 10.8.3
Nessus build : 20010
Plugin feed version : 202501200722
Scanner edition used : Nessus
Scanner OS : WINDOWS
Scanner distribution : win-x86-64
Scan type : Normal
Scan name : Scan 1
Scan policy used : ControlCase Policy
Scanner IP : 10.99.105.72

WARNING : No port scanner was enabled during the scan. This may
lead to incomplete results.

Port range : 1-65535
Ping RTT : Unavailable
Thorough tests : no
Experimental tests : no
Scan for Unpatched Vulnerabilities : no
Plugin debugging enabled : no
Paranoia level : 1
Report verbosity : 1
Safe checks : yes
Optimize the test : no
Credentialed checks : no
Patch management checks : None
Display superseded patches : yes (supersedence plugin did not launch)
CGI scanning : disabled
Web application tests : disabled
Max hosts : 3
Max checks : 3
Recv timeout : 3
Backports : None
Allow post-scan editing : Yes
Nessus Plugin Signature Checking : Enabled
Audit File Signature Checking : Disabled
Scan Start Date : 2025/1/21 16:57 W. Central Africa Standard Time (UTC +01:00)
Scan duration : 2176 sec
Scan for malware : no
","","","","","","","","","None","","","","2005/08/26","2024/12/31","","",""
"10114","CVE-1999-0524","2.1","Low","10.111.120.2","icmp","0","ICMP Timestamp Request Remote Date Disclosure","It is possible to determine the exact time set on the remote host.","The remote host answers to an ICMP timestamp request.  This allows an
attacker to know the date that is set on the targeted machine, which
may assist an unauthenticated, remote attacker in defeating time-based
authentication protocols.

Timestamps returned from machines running Windows Vista / 7 / 2008 /
2008 R2 are deliberately incorrect, but usually within 1000 seconds of
the actual system time.","Filter out the ICMP timestamp requests (13), and the outgoing ICMP
timestamp replies (14).","","The difference between the local and remote clocks is 761 seconds.
","","","","","","","2.2","0.8939","Low","","CWE:200","","1999/08/01","2024/10/07","","",""
"10287","","","None","10.111.120.2","udp","0","Traceroute Information","It was possible to obtain traceroute information.","Makes a traceroute to the remote host.","n/a","","For your information, here is the traceroute from 10.99.105.72 to 10.111.120.2 : 
10.99.105.72

ttl was greater than 50 - Completing Traceroute.

10.99.105.126
?

Hop Count: 2

An error was detected along the way.

","","","","","","","","","None","","","","1999/11/27","2023/12/04","","",""
"19506","","","None","10.111.120.2","tcp","0","Nessus Scan Information","This plugin displays information about the Nessus scan.","This plugin displays, for each tested host, information about the
scan itself :

  - The version of the plugin set.
  - The type of scanner (Nessus or Nessus Home).
  - The version of the Nessus Engine.
  - The port scanner(s) used.
  - The port range scanned.
  - The ping round trip time 
  - Whether credentialed or third-party patch management
    checks are possible.
  - Whether the display of superseded patches is enabled
  - The date of the scan.
  - The duration of the scan.
  - The number of hosts scanned in parallel.
  - The number of checks done in parallel.","n/a","","Information about this scan : 

Nessus version : 10.8.3
Nessus build : 20010
Plugin feed version : 202501200722
Scanner edition used : Nessus
Scanner OS : WINDOWS
Scanner distribution : win-x86-64
Scan type : Normal
Scan name : Scan 1
Scan policy used : ControlCase Policy
Scanner IP : 10.99.105.72

WARNING : No port scanner was enabled during the scan. This may
lead to incomplete results.

Port range : 1-65535
Ping RTT : Unavailable
Thorough tests : no
Experimental tests : no
Scan for Unpatched Vulnerabilities : no
Plugin debugging enabled : no
Paranoia level : 1
Report verbosity : 1
Safe checks : yes
Optimize the test : no
Credentialed checks : no
Patch management checks : None
Display superseded patches : yes (supersedence plugin did not launch)
CGI scanning : disabled
Web application tests : disabled
Max hosts : 3
Max checks : 3
Recv timeout : 3
Backports : None
Allow post-scan editing : Yes
Nessus Plugin Signature Checking : Enabled
Audit File Signature Checking : Disabled
Scan Start Date : 2025/1/21 15:07 W. Central Africa Standard Time (UTC +01:00)
Scan duration : 2244 sec
Scan for malware : no
","","","","","","","","","None","","","","2005/08/26","2024/12/31","","",""
"10287","","","None","10.139.123.2","udp","0","Traceroute Information","It was possible to obtain traceroute information.","Makes a traceroute to the remote host.","n/a","","For your information, here is the traceroute from 10.99.105.72 to 10.139.123.2 : 
10.99.105.72

ttl was greater than 50 - Completing Traceroute.

10.99.105.126
?

Hop Count: 2

An error was detected along the way.

","","","","","","","","","None","","","","1999/11/27","2023/12/04","","",""
"19506","","","None","10.139.123.2","tcp","0","Nessus Scan Information","This plugin displays information about the Nessus scan.","This plugin displays, for each tested host, information about the
scan itself :

  - The version of the plugin set.
  - The type of scanner (Nessus or Nessus Home).
  - The version of the Nessus Engine.
  - The port scanner(s) used.
  - The port range scanned.
  - The ping round trip time 
  - Whether credentialed or third-party patch management
    checks are possible.
  - Whether the display of superseded patches is enabled
  - The date of the scan.
  - The duration of the scan.
  - The number of hosts scanned in parallel.
  - The number of checks done in parallel.","n/a","","Information about this scan : 

Nessus version : 10.8.3
Nessus build : 20010
Plugin feed version : 202501200722
Scanner edition used : Nessus
Scanner OS : WINDOWS
Scanner distribution : win-x86-64
Scan type : Normal
Scan name : Scan 1
Scan policy used : ControlCase Policy
Scanner IP : 10.99.105.72

WARNING : No port scanner was enabled during the scan. This may
lead to incomplete results.

Port range : 1-65535
Ping RTT : Unavailable
Thorough tests : no
Experimental tests : no
Scan for Unpatched Vulnerabilities : no
Plugin debugging enabled : no
Paranoia level : 1
Report verbosity : 1
Safe checks : yes
Optimize the test : no
Credentialed checks : no
Patch management checks : None
Display superseded patches : yes (supersedence plugin did not launch)
CGI scanning : disabled
Web application tests : disabled
Max hosts : 3
Max checks : 3
Recv timeout : 3
Backports : None
Allow post-scan editing : Yes
Nessus Plugin Signature Checking : Enabled
Audit File Signature Checking : Disabled
Scan Start Date : 2025/1/21 17:19 W. Central Africa Standard Time (UTC +01:00)
Scan duration : 2168 sec
Scan for malware : no
","","","","","","","","","None","","","","2005/08/26","2024/12/31","","",""
"10114","CVE-1999-0524","2.1","Low","10.141.123.2","icmp","0","ICMP Timestamp Request Remote Date Disclosure","It is possible to determine the exact time set on the remote host.","The remote host answers to an ICMP timestamp request.  This allows an
attacker to know the date that is set on the targeted machine, which
may assist an unauthenticated, remote attacker in defeating time-based
authentication protocols.

Timestamps returned from machines running Windows Vista / 7 / 2008 /
2008 R2 are deliberately incorrect, but usually within 1000 seconds of
the actual system time.","Filter out the ICMP timestamp requests (13), and the outgoing ICMP
timestamp replies (14).","","","","","","","","","2.2","0.8939","Low","","CWE:200","","1999/08/01","2024/10/07","","",""
"10287","","","None","10.141.123.2","udp","0","Traceroute Information","It was possible to obtain traceroute information.","Makes a traceroute to the remote host.","n/a","","For your information, here is the traceroute from 10.99.105.72 to 10.141.123.2 : 
10.99.105.72

ttl was greater than 50 - Completing Traceroute.

10.99.105.126
?

Hop Count: 2

An error was detected along the way.

","","","","","","","","","None","","","","1999/11/27","2023/12/04","","",""
"19506","","","None","10.141.123.2","tcp","0","Nessus Scan Information","This plugin displays information about the Nessus scan.","This plugin displays, for each tested host, information about the
scan itself :

  - The version of the plugin set.
  - The type of scanner (Nessus or Nessus Home).
  - The version of the Nessus Engine.
  - The port scanner(s) used.
  - The port range scanned.
  - The ping round trip time 
  - Whether credentialed or third-party patch management
    checks are possible.
  - Whether the display of superseded patches is enabled
  - The date of the scan.
  - The duration of the scan.
  - The number of hosts scanned in parallel.
  - The number of checks done in parallel.","n/a","","Information about this scan : 

Nessus version : 10.8.3
Nessus build : 20010
Plugin feed version : 202501200722
Scanner edition used : Nessus
Scanner OS : WINDOWS
Scanner distribution : win-x86-64
Scan type : Normal
Scan name : Scan 1
Scan policy used : ControlCase Policy
Scanner IP : 10.99.105.72

WARNING : No port scanner was enabled during the scan. This may
lead to incomplete results.

Port range : 1-65535
Ping RTT : Unavailable
Thorough tests : no
Experimental tests : no
Scan for Unpatched Vulnerabilities : no
Plugin debugging enabled : no
Paranoia level : 1
Report verbosity : 1
Safe checks : yes
Optimize the test : no
Credentialed checks : no
Patch management checks : None
Display superseded patches : yes (supersedence plugin did not launch)
CGI scanning : disabled
Web application tests : disabled
Max hosts : 3
Max checks : 3
Recv timeout : 3
Backports : None
Allow post-scan editing : Yes
Nessus Plugin Signature Checking : Enabled
Audit File Signature Checking : Disabled
Scan Start Date : 2025/1/21 15:08 W. Central Africa Standard Time (UTC +01:00)
Scan duration : 2126 sec
Scan for malware : no
","","","","","","","","","None","","","","2005/08/26","2024/12/31","","",""
"10287","","","None","10.142.123.2","udp","0","Traceroute Information","It was possible to obtain traceroute information.","Makes a traceroute to the remote host.","n/a","","For your information, here is the traceroute from 10.99.105.72 to 10.142.123.2 : 
10.99.105.72

ttl was greater than 50 - Completing Traceroute.

10.99.105.126
?

Hop Count: 2

An error was detected along the way.

","","","","","","","","","None","","","","1999/11/27","2023/12/04","","",""
"19506","","","None","10.142.123.2","tcp","0","Nessus Scan Information","This plugin displays information about the Nessus scan.","This plugin displays, for each tested host, information about the
scan itself :

  - The version of the plugin set.
  - The type of scanner (Nessus or Nessus Home).
  - The version of the Nessus Engine.
  - The port scanner(s) used.
  - The port range scanned.
  - The ping round trip time 
  - Whether credentialed or third-party patch management
    checks are possible.
  - Whether the display of superseded patches is enabled
  - The date of the scan.
  - The duration of the scan.
  - The number of hosts scanned in parallel.
  - The number of checks done in parallel.","n/a","","Information about this scan : 

Nessus version : 10.8.3
Nessus build : 20010
Plugin feed version : 202501200722
Scanner edition used : Nessus
Scanner OS : WINDOWS
Scanner distribution : win-x86-64
Scan type : Normal
Scan name : Scan 1
Scan policy used : ControlCase Policy
Scanner IP : 10.99.105.72

WARNING : No port scanner was enabled during the scan. This may
lead to incomplete results.

Port range : 1-65535
Ping RTT : Unavailable
Thorough tests : no
Experimental tests : no
Scan for Unpatched Vulnerabilities : no
Plugin debugging enabled : no
Paranoia level : 1
Report verbosity : 1
Safe checks : yes
Optimize the test : no
Credentialed checks : no
Patch management checks : None
Display superseded patches : yes (supersedence plugin did not launch)
CGI scanning : disabled
Web application tests : disabled
Max hosts : 3
Max checks : 3
Recv timeout : 3
Backports : None
Allow post-scan editing : Yes
Nessus Plugin Signature Checking : Enabled
Audit File Signature Checking : Disabled
Scan Start Date : 2025/1/21 17:35 W. Central Africa Standard Time (UTC +01:00)
Scan duration : 2110 sec
Scan for malware : no
","","","","","","","","","None","","","","2005/08/26","2024/12/31","","",""
"10114","CVE-1999-0524","2.1","Low","10.155.123.2","icmp","0","ICMP Timestamp Request Remote Date Disclosure","It is possible to determine the exact time set on the remote host.","The remote host answers to an ICMP timestamp request.  This allows an
attacker to know the date that is set on the targeted machine, which
may assist an unauthenticated, remote attacker in defeating time-based
authentication protocols.

Timestamps returned from machines running Windows Vista / 7 / 2008 /
2008 R2 are deliberately incorrect, but usually within 1000 seconds of
the actual system time.","Filter out the ICMP timestamp requests (13), and the outgoing ICMP
timestamp replies (14).","","","","","","","","","2.2","0.8939","Low","","CWE:200","","1999/08/01","2024/10/07","","",""
"10287","","","None","10.155.123.2","udp","0","Traceroute Information","It was possible to obtain traceroute information.","Makes a traceroute to the remote host.","n/a","","For your information, here is the traceroute from 10.99.105.72 to 10.155.123.2 : 
10.99.105.72

ttl was greater than 50 - Completing Traceroute.

10.99.105.126
?

Hop Count: 2

An error was detected along the way.

","","","","","","","","","None","","","","1999/11/27","2023/12/04","","",""
"19506","","","None","10.155.123.2","tcp","0","Nessus Scan Information","This plugin displays information about the Nessus scan.","This plugin displays, for each tested host, information about the
scan itself :

  - The version of the plugin set.
  - The type of scanner (Nessus or Nessus Home).
  - The version of the Nessus Engine.
  - The port scanner(s) used.
  - The port range scanned.
  - The ping round trip time 
  - Whether credentialed or third-party patch management
    checks are possible.
  - Whether the display of superseded patches is enabled
  - The date of the scan.
  - The duration of the scan.
  - The number of hosts scanned in parallel.
  - The number of checks done in parallel.","n/a","","Information about this scan : 

Nessus version : 10.8.3
Nessus build : 20010
Plugin feed version : 202501200722
Scanner edition used : Nessus
Scanner OS : WINDOWS
Scanner distribution : win-x86-64
Scan type : Normal
Scan name : Scan 1
Scan policy used : ControlCase Policy
Scanner IP : 10.99.105.72

WARNING : No port scanner was enabled during the scan. This may
lead to incomplete results.

Port range : 1-65535
Ping RTT : Unavailable
Thorough tests : no
Experimental tests : no
Scan for Unpatched Vulnerabilities : no
Plugin debugging enabled : no
Paranoia level : 1
Report verbosity : 1
Safe checks : yes
Optimize the test : no
Credentialed checks : no
Patch management checks : None
Display superseded patches : yes (supersedence plugin did not launch)
CGI scanning : disabled
Web application tests : disabled
Max hosts : 3
Max checks : 3
Recv timeout : 3
Backports : None
Allow post-scan editing : Yes
Nessus Plugin Signature Checking : Enabled
Audit File Signature Checking : Disabled
Scan Start Date : 2025/1/21 15:45 W. Central Africa Standard Time (UTC +01:00)
Scan duration : 2220 sec
Scan for malware : no
","","","","","","","","","None","","","","2005/08/26","2024/12/31","","",""
"10287","","","None","10.163.123.2","udp","0","Traceroute Information","It was possible to obtain traceroute information.","Makes a traceroute to the remote host.","n/a","","For your information, here is the traceroute from 10.99.105.72 to 10.163.123.2 : 
10.99.105.72

ttl was greater than 50 - Completing Traceroute.

10.99.105.126
?

Hop Count: 2

An error was detected along the way.

","","","","","","","","","None","","","","1999/11/27","2023/12/04","","",""
"19506","","","None","10.163.123.2","tcp","0","Nessus Scan Information","This plugin displays information about the Nessus scan.","This plugin displays, for each tested host, information about the
scan itself :

  - The version of the plugin set.
  - The type of scanner (Nessus or Nessus Home).
  - The version of the Nessus Engine.
  - The port scanner(s) used.
  - The port range scanned.
  - The ping round trip time 
  - Whether credentialed or third-party patch management
    checks are possible.
  - Whether the display of superseded patches is enabled
  - The date of the scan.
  - The duration of the scan.
  - The number of hosts scanned in parallel.
  - The number of checks done in parallel.","n/a","","Information about this scan : 

Nessus version : 10.8.3
Nessus build : 20010
Plugin feed version : 202501200722
Scanner edition used : Nessus
Scanner OS : WINDOWS
Scanner distribution : win-x86-64
Scan type : Normal
Scan name : Scan 1
Scan policy used : ControlCase Policy
Scanner IP : 10.99.105.72

WARNING : No port scanner was enabled during the scan. This may
lead to incomplete results.

Port range : 1-65535
Ping RTT : Unavailable
Thorough tests : no
Experimental tests : no
Scan for Unpatched Vulnerabilities : no
Plugin debugging enabled : no
Paranoia level : 1
Report verbosity : 1
Safe checks : yes
Optimize the test : no
Credentialed checks : no
Patch management checks : None
Display superseded patches : yes (supersedence plugin did not launch)
CGI scanning : disabled
Web application tests : disabled
Max hosts : 3
Max checks : 3
Recv timeout : 3
Backports : None
Allow post-scan editing : Yes
Nessus Plugin Signature Checking : Enabled
Audit File Signature Checking : Disabled
Scan Start Date : 2025/1/21 18:10 W. Central Africa Standard Time (UTC +01:00)
Scan duration : 2097 sec
Scan for malware : no
","","","","","","","","","None","","","","2005/08/26","2024/12/31","","",""
"10287","","","None","10.171.123.2","udp","0","Traceroute Information","It was possible to obtain traceroute information.","Makes a traceroute to the remote host.","n/a","","For your information, here is the traceroute from 10.99.105.72 to 10.171.123.2 : 
10.99.105.72

ttl was greater than 50 - Completing Traceroute.

10.99.105.126
?

Hop Count: 2

An error was detected along the way.

","","","","","","","","","None","","","","1999/11/27","2023/12/04","","",""
"19506","","","None","10.171.123.2","tcp","0","Nessus Scan Information","This plugin displays information about the Nessus scan.","This plugin displays, for each tested host, information about the
scan itself :

  - The version of the plugin set.
  - The type of scanner (Nessus or Nessus Home).
  - The version of the Nessus Engine.
  - The port scanner(s) used.
  - The port range scanned.
  - The ping round trip time 
  - Whether credentialed or third-party patch management
    checks are possible.
  - Whether the display of superseded patches is enabled
  - The date of the scan.
  - The duration of the scan.
  - The number of hosts scanned in parallel.
  - The number of checks done in parallel.","n/a","","Information about this scan : 

Nessus version : 10.8.3
Nessus build : 20010
Plugin feed version : 202501200722
Scanner edition used : Nessus
Scanner OS : WINDOWS
Scanner distribution : win-x86-64
Scan type : Normal
Scan name : Scan 1
Scan policy used : ControlCase Policy
Scanner IP : 10.99.105.72

WARNING : No port scanner was enabled during the scan. This may
lead to incomplete results.

Port range : 1-65535
Ping RTT : Unavailable
Thorough tests : no
Experimental tests : no
Scan for Unpatched Vulnerabilities : no
Plugin debugging enabled : no
Paranoia level : 1
Report verbosity : 1
Safe checks : yes
Optimize the test : no
Credentialed checks : no
Patch management checks : None
Display superseded patches : yes (supersedence plugin did not launch)
CGI scanning : disabled
Web application tests : disabled
Max hosts : 3
Max checks : 3
Recv timeout : 3
Backports : None
Allow post-scan editing : Yes
Nessus Plugin Signature Checking : Enabled
Audit File Signature Checking : Disabled
Scan Start Date : 2025/1/21 16:21 W. Central Africa Standard Time (UTC +01:00)
Scan duration : 2115 sec
Scan for malware : no
","","","","","","","","","None","","","","2005/08/26","2024/12/31","","",""
