Plugin ID,CVE,CVSS v2.0 Base Score,Risk,Host,Protocol,Port,Name,Synopsis,Description,Solution,See Also,Plugin Output,STIG Severity,CVSS v4.0 Base Score,CVSS v4.0 Base+Threat Score,CVSS v3.0 Base Score,CVSS v2.0 Temporal Score,CVSS v3.0 Temporal Score,VPR Score,EPSS Score,Risk Factor,BID,XREF,MSKB,Plugin Publication Date,Plugin Modification Date,Metasploit,Core Impact,CANVAS
"10287","","","None","10.7.250.2","udp","0","Traceroute Information","It was possible to obtain traceroute information.","Makes a traceroute to the remote host.","n/a","","For your information, here is the traceroute from 10.99.105.72 to 10.7.250.2 : 
10.99.105.72

ttl was greater than 50 - Completing Traceroute.

10.99.105.126
?

Hop Count: 2

An error was detected along the way.

","","","","","","","","","None","","","","1999/11/27","2023/12/04","","",""
"19506","","","None","10.7.250.2","tcp","0","Nessus Scan Information","This plugin displays information about the Nessus scan.","This plugin displays, for each tested host, information about the
scan itself :

  - The version of the plugin set.
  - The type of scanner (Nessus or Nessus Home).
  - The version of the Nessus Engine.
  - The port scanner(s) used.
  - The port range scanned.
  - The ping round trip time 
  - Whether credentialed or third-party patch management
    checks are possible.
  - Whether the display of superseded patches is enabled
  - The date of the scan.
  - The duration of the scan.
  - The number of hosts scanned in parallel.
  - The number of checks done in parallel.","n/a","","Information about this scan : 

Nessus version : 10.8.3
Nessus build : 20010
Plugin feed version : 202501200722
Scanner edition used : Nessus
Scanner OS : WINDOWS
Scanner distribution : win-x86-64
Scan type : Normal
Scan name : Scan 24
Scan policy used : ControlCase Policy
Scanner IP : 10.99.105.72

WARNING : No port scanner was enabled during the scan. This may
lead to incomplete results.

Port range : 1-65535
Ping RTT : Unavailable
Thorough tests : no
Experimental tests : no
Scan for Unpatched Vulnerabilities : no
Plugin debugging enabled : no
Paranoia level : 1
Report verbosity : 1
Safe checks : yes
Optimize the test : no
Credentialed checks : no
Patch management checks : None
Display superseded patches : yes (supersedence plugin did not launch)
CGI scanning : disabled
Web application tests : disabled
Max hosts : 3
Max checks : 3
Recv timeout : 3
Backports : None
Allow post-scan editing : Yes
Nessus Plugin Signature Checking : Enabled
Audit File Signature Checking : Disabled
Scan Start Date : 2025/1/21 15:30 W. Central Africa Standard Time (UTC +01:00)
Scan duration : 2221 sec
Scan for malware : no
","","","","","","","","","None","","","","2005/08/26","2024/12/31","","",""
"10287","","","None","10.7.250.11","udp","0","Traceroute Information","It was possible to obtain traceroute information.","Makes a traceroute to the remote host.","n/a","","For your information, here is the traceroute from 10.99.105.72 to 10.7.250.11 : 
10.99.105.72

ttl was greater than 50 - Completing Traceroute.

10.99.105.126
?

Hop Count: 2

An error was detected along the way.

","","","","","","","","","None","","","","1999/11/27","2023/12/04","","",""
"19506","","","None","10.7.250.11","tcp","0","Nessus Scan Information","This plugin displays information about the Nessus scan.","This plugin displays, for each tested host, information about the
scan itself :

  - The version of the plugin set.
  - The type of scanner (Nessus or Nessus Home).
  - The version of the Nessus Engine.
  - The port scanner(s) used.
  - The port range scanned.
  - The ping round trip time 
  - Whether credentialed or third-party patch management
    checks are possible.
  - Whether the display of superseded patches is enabled
  - The date of the scan.
  - The duration of the scan.
  - The number of hosts scanned in parallel.
  - The number of checks done in parallel.","n/a","","Information about this scan : 

Nessus version : 10.8.3
Nessus build : 20010
Plugin feed version : 202501200722
Scanner edition used : Nessus
Scanner OS : WINDOWS
Scanner distribution : win-x86-64
Scan type : Normal
Scan name : Scan 24
Scan policy used : ControlCase Policy
Scanner IP : 10.99.105.72

WARNING : No port scanner was enabled during the scan. This may
lead to incomplete results.

Port range : 1-65535
Ping RTT : Unavailable
Thorough tests : no
Experimental tests : no
Scan for Unpatched Vulnerabilities : no
Plugin debugging enabled : no
Paranoia level : 1
Report verbosity : 1
Safe checks : yes
Optimize the test : no
Credentialed checks : no
Patch management checks : None
Display superseded patches : yes (supersedence plugin did not launch)
CGI scanning : disabled
Web application tests : disabled
Max hosts : 3
Max checks : 3
Recv timeout : 3
Backports : None
Allow post-scan editing : Yes
Nessus Plugin Signature Checking : Enabled
Audit File Signature Checking : Disabled
Scan Start Date : 2025/1/21 16:45 W. Central Africa Standard Time (UTC +01:00)
Scan duration : 2117 sec
Scan for malware : no
","","","","","","","","","None","","","","2005/08/26","2024/12/31","","",""
"10287","","","None","10.8.250.2","udp","0","Traceroute Information","It was possible to obtain traceroute information.","Makes a traceroute to the remote host.","n/a","","For your information, here is the traceroute from 10.99.105.72 to 10.8.250.2 : 
10.99.105.72

ttl was greater than 50 - Completing Traceroute.

10.99.105.126
?

Hop Count: 2

An error was detected along the way.

","","","","","","","","","None","","","","1999/11/27","2023/12/04","","",""
"19506","","","None","10.8.250.2","tcp","0","Nessus Scan Information","This plugin displays information about the Nessus scan.","This plugin displays, for each tested host, information about the
scan itself :

  - The version of the plugin set.
  - The type of scanner (Nessus or Nessus Home).
  - The version of the Nessus Engine.
  - The port scanner(s) used.
  - The port range scanned.
  - The ping round trip time 
  - Whether credentialed or third-party patch management
    checks are possible.
  - Whether the display of superseded patches is enabled
  - The date of the scan.
  - The duration of the scan.
  - The number of hosts scanned in parallel.
  - The number of checks done in parallel.","n/a","","Information about this scan : 

Nessus version : 10.8.3
Nessus build : 20010
Plugin feed version : 202501200722
Scanner edition used : Nessus
Scanner OS : WINDOWS
Scanner distribution : win-x86-64
Scan type : Normal
Scan name : Scan 24
Scan policy used : ControlCase Policy
Scanner IP : 10.99.105.72

WARNING : No port scanner was enabled during the scan. This may
lead to incomplete results.

Port range : 1-65535
Ping RTT : Unavailable
Thorough tests : no
Experimental tests : no
Scan for Unpatched Vulnerabilities : no
Plugin debugging enabled : no
Paranoia level : 1
Report verbosity : 1
Safe checks : yes
Optimize the test : no
Credentialed checks : no
Patch management checks : None
Display superseded patches : yes (supersedence plugin did not launch)
CGI scanning : disabled
Web application tests : disabled
Max hosts : 3
Max checks : 3
Recv timeout : 3
Backports : None
Allow post-scan editing : Yes
Nessus Plugin Signature Checking : Enabled
Audit File Signature Checking : Disabled
Scan Start Date : 2025/1/21 17:59 W. Central Africa Standard Time (UTC +01:00)
Scan duration : 1994 sec
Scan for malware : no
","","","","","","","","","None","","","","2005/08/26","2024/12/31","","",""
"10287","","","None","10.8.250.3","udp","0","Traceroute Information","It was possible to obtain traceroute information.","Makes a traceroute to the remote host.","n/a","","For your information, here is the traceroute from 10.99.105.72 to 10.8.250.3 : 
10.99.105.72

ttl was greater than 50 - Completing Traceroute.

10.99.105.126
?

Hop Count: 2

An error was detected along the way.

","","","","","","","","","None","","","","1999/11/27","2023/12/04","","",""
"19506","","","None","10.8.250.3","tcp","0","Nessus Scan Information","This plugin displays information about the Nessus scan.","This plugin displays, for each tested host, information about the
scan itself :

  - The version of the plugin set.
  - The type of scanner (Nessus or Nessus Home).
  - The version of the Nessus Engine.
  - The port scanner(s) used.
  - The port range scanned.
  - The ping round trip time 
  - Whether credentialed or third-party patch management
    checks are possible.
  - Whether the display of superseded patches is enabled
  - The date of the scan.
  - The duration of the scan.
  - The number of hosts scanned in parallel.
  - The number of checks done in parallel.","n/a","","Information about this scan : 

Nessus version : 10.8.3
Nessus build : 20010
Plugin feed version : 202501200722
Scanner edition used : Nessus
Scanner OS : WINDOWS
Scanner distribution : win-x86-64
Scan type : Normal
Scan name : Scan 24
Scan policy used : ControlCase Policy
Scanner IP : 10.99.105.72

WARNING : No port scanner was enabled during the scan. This may
lead to incomplete results.

Port range : 1-65535
Ping RTT : Unavailable
Thorough tests : no
Experimental tests : no
Scan for Unpatched Vulnerabilities : no
Plugin debugging enabled : no
Paranoia level : 1
Report verbosity : 1
Safe checks : yes
Optimize the test : no
Credentialed checks : no
Patch management checks : None
Display superseded patches : yes (supersedence plugin did not launch)
CGI scanning : disabled
Web application tests : disabled
Max hosts : 3
Max checks : 3
Recv timeout : 3
Backports : None
Allow post-scan editing : Yes
Nessus Plugin Signature Checking : Enabled
Audit File Signature Checking : Disabled
Scan Start Date : 2025/1/21 17:58 W. Central Africa Standard Time (UTC +01:00)
Scan duration : 2104 sec
Scan for malware : no
","","","","","","","","","None","","","","2005/08/26","2024/12/31","","",""
"10114","CVE-1999-0524","2.1","Low","10.8.250.11","icmp","0","ICMP Timestamp Request Remote Date Disclosure","It is possible to determine the exact time set on the remote host.","The remote host answers to an ICMP timestamp request.  This allows an
attacker to know the date that is set on the targeted machine, which
may assist an unauthenticated, remote attacker in defeating time-based
authentication protocols.

Timestamps returned from machines running Windows Vista / 7 / 2008 /
2008 R2 are deliberately incorrect, but usually within 1000 seconds of
the actual system time.","Filter out the ICMP timestamp requests (13), and the outgoing ICMP
timestamp replies (14).","","","","","","","","","2.2","0.8939","Low","","CWE:200","","1999/08/01","2024/10/07","","",""
"10287","","","None","10.8.250.11","udp","0","Traceroute Information","It was possible to obtain traceroute information.","Makes a traceroute to the remote host.","n/a","","For your information, here is the traceroute from 10.99.105.72 to 10.8.250.11 : 
10.99.105.72

ttl was greater than 50 - Completing Traceroute.

10.99.105.126
?

Hop Count: 2

An error was detected along the way.

","","","","","","","","","None","","","","1999/11/27","2023/12/04","","",""
"19506","","","None","10.8.250.11","tcp","0","Nessus Scan Information","This plugin displays information about the Nessus scan.","This plugin displays, for each tested host, information about the
scan itself :

  - The version of the plugin set.
  - The type of scanner (Nessus or Nessus Home).
  - The version of the Nessus Engine.
  - The port scanner(s) used.
  - The port range scanned.
  - The ping round trip time 
  - Whether credentialed or third-party patch management
    checks are possible.
  - Whether the display of superseded patches is enabled
  - The date of the scan.
  - The duration of the scan.
  - The number of hosts scanned in parallel.
  - The number of checks done in parallel.","n/a","","Information about this scan : 

Nessus version : 10.8.3
Nessus build : 20010
Plugin feed version : 202501200722
Scanner edition used : Nessus
Scanner OS : WINDOWS
Scanner distribution : win-x86-64
Scan type : Normal
Scan name : Scan 24
Scan policy used : ControlCase Policy
Scanner IP : 10.99.105.72

WARNING : No port scanner was enabled during the scan. This may
lead to incomplete results.

Port range : 1-65535
Ping RTT : Unavailable
Thorough tests : no
Experimental tests : no
Scan for Unpatched Vulnerabilities : no
Plugin debugging enabled : no
Paranoia level : 1
Report verbosity : 1
Safe checks : yes
Optimize the test : no
Credentialed checks : no
Patch management checks : None
Display superseded patches : yes (supersedence plugin did not launch)
CGI scanning : disabled
Web application tests : disabled
Max hosts : 3
Max checks : 3
Recv timeout : 3
Backports : None
Allow post-scan editing : Yes
Nessus Plugin Signature Checking : Enabled
Audit File Signature Checking : Disabled
Scan Start Date : 2025/1/21 15:30 W. Central Africa Standard Time (UTC +01:00)
Scan duration : 2157 sec
Scan for malware : no
","","","","","","","","","None","","","","2005/08/26","2024/12/31","","",""
"10287","","","None","10.18.250.3","udp","0","Traceroute Information","It was possible to obtain traceroute information.","Makes a traceroute to the remote host.","n/a","","For your information, here is the traceroute from 10.99.105.72 to 10.18.250.3 : 
10.99.105.72

ttl was greater than 50 - Completing Traceroute.

10.99.105.126
?

Hop Count: 2

An error was detected along the way.

","","","","","","","","","None","","","","1999/11/27","2023/12/04","","",""
"19506","","","None","10.18.250.3","tcp","0","Nessus Scan Information","This plugin displays information about the Nessus scan.","This plugin displays, for each tested host, information about the
scan itself :

  - The version of the plugin set.
  - The type of scanner (Nessus or Nessus Home).
  - The version of the Nessus Engine.
  - The port scanner(s) used.
  - The port range scanned.
  - The ping round trip time 
  - Whether credentialed or third-party patch management
    checks are possible.
  - Whether the display of superseded patches is enabled
  - The date of the scan.
  - The duration of the scan.
  - The number of hosts scanned in parallel.
  - The number of checks done in parallel.","n/a","","Information about this scan : 

Nessus version : 10.8.3
Nessus build : 20010
Plugin feed version : 202501200722
Scanner edition used : Nessus
Scanner OS : WINDOWS
Scanner distribution : win-x86-64
Scan type : Normal
Scan name : Scan 24
Scan policy used : ControlCase Policy
Scanner IP : 10.99.105.72

WARNING : No port scanner was enabled during the scan. This may
lead to incomplete results.

Port range : 1-65535
Ping RTT : Unavailable
Thorough tests : no
Experimental tests : no
Scan for Unpatched Vulnerabilities : no
Plugin debugging enabled : no
Paranoia level : 1
Report verbosity : 1
Safe checks : yes
Optimize the test : no
Credentialed checks : no
Patch management checks : None
Display superseded patches : yes (supersedence plugin did not launch)
CGI scanning : disabled
Web application tests : disabled
Max hosts : 3
Max checks : 3
Recv timeout : 3
Backports : None
Allow post-scan editing : Yes
Nessus Plugin Signature Checking : Enabled
Audit File Signature Checking : Disabled
Scan Start Date : 2025/1/21 16:46 W. Central Africa Standard Time (UTC +01:00)
Scan duration : 2169 sec
Scan for malware : no
","","","","","","","","","None","","","","2005/08/26","2024/12/31","","",""
"10287","","","None","10.25.250.2","udp","0","Traceroute Information","It was possible to obtain traceroute information.","Makes a traceroute to the remote host.","n/a","","For your information, here is the traceroute from 10.99.105.72 to 10.25.250.2 : 
10.99.105.72

ttl was greater than 50 - Completing Traceroute.

10.99.105.126
?

Hop Count: 2

An error was detected along the way.

","","","","","","","","","None","","","","1999/11/27","2023/12/04","","",""
"19506","","","None","10.25.250.2","tcp","0","Nessus Scan Information","This plugin displays information about the Nessus scan.","This plugin displays, for each tested host, information about the
scan itself :

  - The version of the plugin set.
  - The type of scanner (Nessus or Nessus Home).
  - The version of the Nessus Engine.
  - The port scanner(s) used.
  - The port range scanned.
  - The ping round trip time 
  - Whether credentialed or third-party patch management
    checks are possible.
  - Whether the display of superseded patches is enabled
  - The date of the scan.
  - The duration of the scan.
  - The number of hosts scanned in parallel.
  - The number of checks done in parallel.","n/a","","Information about this scan : 

Nessus version : 10.8.3
Nessus build : 20010
Plugin feed version : 202501200722
Scanner edition used : Nessus
Scanner OS : WINDOWS
Scanner distribution : win-x86-64
Scan type : Normal
Scan name : Scan 24
Scan policy used : ControlCase Policy
Scanner IP : 10.99.105.72

WARNING : No port scanner was enabled during the scan. This may
lead to incomplete results.

Port range : 1-65535
Ping RTT : Unavailable
Thorough tests : no
Experimental tests : no
Scan for Unpatched Vulnerabilities : no
Plugin debugging enabled : no
Paranoia level : 1
Report verbosity : 1
Safe checks : yes
Optimize the test : no
Credentialed checks : no
Patch management checks : None
Display superseded patches : yes (supersedence plugin did not launch)
CGI scanning : disabled
Web application tests : disabled
Max hosts : 3
Max checks : 3
Recv timeout : 3
Backports : None
Allow post-scan editing : Yes
Nessus Plugin Signature Checking : Enabled
Audit File Signature Checking : Disabled
Scan Start Date : 2025/1/21 18:33 W. Central Africa Standard Time (UTC +01:00)
Scan duration : 2039 sec
Scan for malware : no
","","","","","","","","","None","","","","2005/08/26","2024/12/31","","",""
"10287","","","None","10.27.250.2","udp","0","Traceroute Information","It was possible to obtain traceroute information.","Makes a traceroute to the remote host.","n/a","","For your information, here is the traceroute from 10.99.105.72 to 10.27.250.2 : 
10.99.105.72

ttl was greater than 50 - Completing Traceroute.

10.99.105.126
?

Hop Count: 2

An error was detected along the way.

","","","","","","","","","None","","","","1999/11/27","2023/12/04","","",""
"19506","","","None","10.27.250.2","tcp","0","Nessus Scan Information","This plugin displays information about the Nessus scan.","This plugin displays, for each tested host, information about the
scan itself :

  - The version of the plugin set.
  - The type of scanner (Nessus or Nessus Home).
  - The version of the Nessus Engine.
  - The port scanner(s) used.
  - The port range scanned.
  - The ping round trip time 
  - Whether credentialed or third-party patch management
    checks are possible.
  - Whether the display of superseded patches is enabled
  - The date of the scan.
  - The duration of the scan.
  - The number of hosts scanned in parallel.
  - The number of checks done in parallel.","n/a","","Information about this scan : 

Nessus version : 10.8.3
Nessus build : 20010
Plugin feed version : 202501200722
Scanner edition used : Nessus
Scanner OS : WINDOWS
Scanner distribution : win-x86-64
Scan type : Normal
Scan name : Scan 24
Scan policy used : ControlCase Policy
Scanner IP : 10.99.105.72

WARNING : No port scanner was enabled during the scan. This may
lead to incomplete results.

Port range : 1-65535
Ping RTT : Unavailable
Thorough tests : no
Experimental tests : no
Scan for Unpatched Vulnerabilities : no
Plugin debugging enabled : no
Paranoia level : 1
Report verbosity : 1
Safe checks : yes
Optimize the test : no
Credentialed checks : no
Patch management checks : None
Display superseded patches : yes (supersedence plugin did not launch)
CGI scanning : disabled
Web application tests : disabled
Max hosts : 3
Max checks : 3
Recv timeout : 3
Backports : None
Allow post-scan editing : Yes
Nessus Plugin Signature Checking : Enabled
Audit File Signature Checking : Disabled
Scan Start Date : 2025/1/21 15:30 W. Central Africa Standard Time (UTC +01:00)
Scan duration : 2259 sec
Scan for malware : no
","","","","","","","","","None","","","","2005/08/26","2024/12/31","","",""
"10287","","","None","10.27.250.11","udp","0","Traceroute Information","It was possible to obtain traceroute information.","Makes a traceroute to the remote host.","n/a","","For your information, here is the traceroute from 10.99.105.72 to 10.27.250.11 : 
10.99.105.72

ttl was greater than 50 - Completing Traceroute.

10.99.105.126
?

Hop Count: 2

An error was detected along the way.

","","","","","","","","","None","","","","1999/11/27","2023/12/04","","",""
"19506","","","None","10.27.250.11","tcp","0","Nessus Scan Information","This plugin displays information about the Nessus scan.","This plugin displays, for each tested host, information about the
scan itself :

  - The version of the plugin set.
  - The type of scanner (Nessus or Nessus Home).
  - The version of the Nessus Engine.
  - The port scanner(s) used.
  - The port range scanned.
  - The ping round trip time 
  - Whether credentialed or third-party patch management
    checks are possible.
  - Whether the display of superseded patches is enabled
  - The date of the scan.
  - The duration of the scan.
  - The number of hosts scanned in parallel.
  - The number of checks done in parallel.","n/a","","Information about this scan : 

Nessus version : 10.8.3
Nessus build : 20010
Plugin feed version : 202501200722
Scanner edition used : Nessus
Scanner OS : WINDOWS
Scanner distribution : win-x86-64
Scan type : Normal
Scan name : Scan 24
Scan policy used : ControlCase Policy
Scanner IP : 10.99.105.72

WARNING : No port scanner was enabled during the scan. This may
lead to incomplete results.

Port range : 1-65535
Ping RTT : Unavailable
Thorough tests : no
Experimental tests : no
Scan for Unpatched Vulnerabilities : no
Plugin debugging enabled : no
Paranoia level : 1
Report verbosity : 1
Safe checks : yes
Optimize the test : no
Credentialed checks : no
Patch management checks : None
Display superseded patches : yes (supersedence plugin did not launch)
CGI scanning : disabled
Web application tests : disabled
Max hosts : 3
Max checks : 3
Recv timeout : 3
Backports : None
Allow post-scan editing : Yes
Nessus Plugin Signature Checking : Enabled
Audit File Signature Checking : Disabled
Scan Start Date : 2025/1/21 17:20 W. Central Africa Standard Time (UTC +01:00)
Scan duration : 2148 sec
Scan for malware : no
","","","","","","","","","None","","","","2005/08/26","2024/12/31","","",""
"10287","","","None","10.28.250.11","udp","0","Traceroute Information","It was possible to obtain traceroute information.","Makes a traceroute to the remote host.","n/a","","For your information, here is the traceroute from 10.99.105.72 to 10.28.250.11 : 
10.99.105.72

ttl was greater than 50 - Completing Traceroute.

10.99.105.126
?

Hop Count: 2

An error was detected along the way.

","","","","","","","","","None","","","","1999/11/27","2023/12/04","","",""
"19506","","","None","10.28.250.11","tcp","0","Nessus Scan Information","This plugin displays information about the Nessus scan.","This plugin displays, for each tested host, information about the
scan itself :

  - The version of the plugin set.
  - The type of scanner (Nessus or Nessus Home).
  - The version of the Nessus Engine.
  - The port scanner(s) used.
  - The port range scanned.
  - The ping round trip time 
  - Whether credentialed or third-party patch management
    checks are possible.
  - Whether the display of superseded patches is enabled
  - The date of the scan.
  - The duration of the scan.
  - The number of hosts scanned in parallel.
  - The number of checks done in parallel.","n/a","","Information about this scan : 

Nessus version : 10.8.3
Nessus build : 20010
Plugin feed version : 202501200722
Scanner edition used : Nessus
Scanner OS : WINDOWS
Scanner distribution : win-x86-64
Scan type : Normal
Scan name : Scan 24
Scan policy used : ControlCase Policy
Scanner IP : 10.99.105.72

WARNING : No port scanner was enabled during the scan. This may
lead to incomplete results.

Port range : 1-65535
Ping RTT : Unavailable
Thorough tests : no
Experimental tests : no
Scan for Unpatched Vulnerabilities : no
Plugin debugging enabled : no
Paranoia level : 1
Report verbosity : 1
Safe checks : yes
Optimize the test : no
Credentialed checks : no
Patch management checks : None
Display superseded patches : yes (supersedence plugin did not launch)
CGI scanning : disabled
Web application tests : disabled
Max hosts : 3
Max checks : 3
Recv timeout : 3
Backports : None
Allow post-scan editing : Yes
Nessus Plugin Signature Checking : Enabled
Audit File Signature Checking : Disabled
Scan Start Date : 2025/1/21 18:34 W. Central Africa Standard Time (UTC +01:00)
Scan duration : 2042 sec
Scan for malware : no
","","","","","","","","","None","","","","2005/08/26","2024/12/31","","",""
"10287","","","None","10.29.250.1","udp","0","Traceroute Information","It was possible to obtain traceroute information.","Makes a traceroute to the remote host.","n/a","","For your information, here is the traceroute from 10.99.105.72 to 10.29.250.1 : 
10.99.105.72

ttl was greater than 50 - Completing Traceroute.

10.99.105.126
?

Hop Count: 2

An error was detected along the way.

","","","","","","","","","None","","","","1999/11/27","2023/12/04","","",""
"19506","","","None","10.29.250.1","tcp","0","Nessus Scan Information","This plugin displays information about the Nessus scan.","This plugin displays, for each tested host, information about the
scan itself :

  - The version of the plugin set.
  - The type of scanner (Nessus or Nessus Home).
  - The version of the Nessus Engine.
  - The port scanner(s) used.
  - The port range scanned.
  - The ping round trip time 
  - Whether credentialed or third-party patch management
    checks are possible.
  - Whether the display of superseded patches is enabled
  - The date of the scan.
  - The duration of the scan.
  - The number of hosts scanned in parallel.
  - The number of checks done in parallel.","n/a","","Information about this scan : 

Nessus version : 10.8.3
Nessus build : 20010
Plugin feed version : 202501200722
Scanner edition used : Nessus
Scanner OS : WINDOWS
Scanner distribution : win-x86-64
Scan type : Normal
Scan name : Scan 24
Scan policy used : ControlCase Policy
Scanner IP : 10.99.105.72

WARNING : No port scanner was enabled during the scan. This may
lead to incomplete results.

Port range : 1-65535
Ping RTT : Unavailable
Thorough tests : no
Experimental tests : no
Scan for Unpatched Vulnerabilities : no
Plugin debugging enabled : no
Paranoia level : 1
Report verbosity : 1
Safe checks : yes
Optimize the test : no
Credentialed checks : no
Patch management checks : None
Display superseded patches : yes (supersedence plugin did not launch)
CGI scanning : disabled
Web application tests : disabled
Max hosts : 3
Max checks : 3
Recv timeout : 3
Backports : None
Allow post-scan editing : Yes
Nessus Plugin Signature Checking : Enabled
Audit File Signature Checking : Disabled
Scan Start Date : 2025/1/21 16:07 W. Central Africa Standard Time (UTC +01:00)
Scan duration : 2208 sec
Scan for malware : no
","","","","","","","","","None","","","","2005/08/26","2024/12/31","","",""
"10287","","","None","10.30.250.1","udp","0","Traceroute Information","It was possible to obtain traceroute information.","Makes a traceroute to the remote host.","n/a","","For your information, here is the traceroute from 10.99.105.72 to 10.30.250.1 : 
10.99.105.72

ttl was greater than 50 - Completing Traceroute.

10.99.105.126
?

Hop Count: 2

An error was detected along the way.

","","","","","","","","","None","","","","1999/11/27","2023/12/04","","",""
"19506","","","None","10.30.250.1","tcp","0","Nessus Scan Information","This plugin displays information about the Nessus scan.","This plugin displays, for each tested host, information about the
scan itself :

  - The version of the plugin set.
  - The type of scanner (Nessus or Nessus Home).
  - The version of the Nessus Engine.
  - The port scanner(s) used.
  - The port range scanned.
  - The ping round trip time 
  - Whether credentialed or third-party patch management
    checks are possible.
  - Whether the display of superseded patches is enabled
  - The date of the scan.
  - The duration of the scan.
  - The number of hosts scanned in parallel.
  - The number of checks done in parallel.","n/a","","Information about this scan : 

Nessus version : 10.8.3
Nessus build : 20010
Plugin feed version : 202501200722
Scanner edition used : Nessus
Scanner OS : WINDOWS
Scanner distribution : win-x86-64
Scan type : Normal
Scan name : Scan 24
Scan policy used : ControlCase Policy
Scanner IP : 10.99.105.72

WARNING : No port scanner was enabled during the scan. This may
lead to incomplete results.

Port range : 1-65535
Ping RTT : Unavailable
Thorough tests : no
Experimental tests : no
Scan for Unpatched Vulnerabilities : no
Plugin debugging enabled : no
Paranoia level : 1
Report verbosity : 1
Safe checks : yes
Optimize the test : no
Credentialed checks : no
Patch management checks : None
Display superseded patches : yes (supersedence plugin did not launch)
CGI scanning : disabled
Web application tests : disabled
Max hosts : 3
Max checks : 3
Recv timeout : 3
Backports : None
Allow post-scan editing : Yes
Nessus Plugin Signature Checking : Enabled
Audit File Signature Checking : Disabled
Scan Start Date : 2025/1/21 17:21 W. Central Africa Standard Time (UTC +01:00)
Scan duration : 2181 sec
Scan for malware : no
","","","","","","","","","None","","","","2005/08/26","2024/12/31","","",""
"10287","","","None","10.31.250.1","udp","0","Traceroute Information","It was possible to obtain traceroute information.","Makes a traceroute to the remote host.","n/a","","For your information, here is the traceroute from 10.99.105.72 to 10.31.250.1 : 
10.99.105.72

ttl was greater than 50 - Completing Traceroute.

10.99.105.126
?

Hop Count: 2

An error was detected along the way.

","","","","","","","","","None","","","","1999/11/27","2023/12/04","","",""
"19506","","","None","10.31.250.1","tcp","0","Nessus Scan Information","This plugin displays information about the Nessus scan.","This plugin displays, for each tested host, information about the
scan itself :

  - The version of the plugin set.
  - The type of scanner (Nessus or Nessus Home).
  - The version of the Nessus Engine.
  - The port scanner(s) used.
  - The port range scanned.
  - The ping round trip time 
  - Whether credentialed or third-party patch management
    checks are possible.
  - Whether the display of superseded patches is enabled
  - The date of the scan.
  - The duration of the scan.
  - The number of hosts scanned in parallel.
  - The number of checks done in parallel.","n/a","","Information about this scan : 

Nessus version : 10.8.3
Nessus build : 20010
Plugin feed version : 202501200722
Scanner edition used : Nessus
Scanner OS : WINDOWS
Scanner distribution : win-x86-64
Scan type : Normal
Scan name : Scan 24
Scan policy used : ControlCase Policy
Scanner IP : 10.99.105.72

WARNING : No port scanner was enabled during the scan. This may
lead to incomplete results.

Port range : 1-65535
Ping RTT : Unavailable
Thorough tests : no
Experimental tests : no
Scan for Unpatched Vulnerabilities : no
Plugin debugging enabled : no
Paranoia level : 1
Report verbosity : 1
Safe checks : yes
Optimize the test : no
Credentialed checks : no
Patch management checks : None
Display superseded patches : yes (supersedence plugin did not launch)
CGI scanning : disabled
Web application tests : disabled
Max hosts : 3
Max checks : 3
Recv timeout : 3
Backports : None
Allow post-scan editing : Yes
Nessus Plugin Signature Checking : Enabled
Audit File Signature Checking : Disabled
Scan Start Date : 2025/1/21 18:34 W. Central Africa Standard Time (UTC +01:00)
Scan duration : 2025 sec
Scan for malware : no
","","","","","","","","","None","","","","2005/08/26","2024/12/31","","",""
"10287","","","None","10.32.250.1","udp","0","Traceroute Information","It was possible to obtain traceroute information.","Makes a traceroute to the remote host.","n/a","","For your information, here is the traceroute from 10.99.105.72 to 10.32.250.1 : 
10.99.105.72

ttl was greater than 50 - Completing Traceroute.

10.99.105.126
?

Hop Count: 2

An error was detected along the way.

","","","","","","","","","None","","","","1999/11/27","2023/12/04","","",""
"19506","","","None","10.32.250.1","tcp","0","Nessus Scan Information","This plugin displays information about the Nessus scan.","This plugin displays, for each tested host, information about the
scan itself :

  - The version of the plugin set.
  - The type of scanner (Nessus or Nessus Home).
  - The version of the Nessus Engine.
  - The port scanner(s) used.
  - The port range scanned.
  - The ping round trip time 
  - Whether credentialed or third-party patch management
    checks are possible.
  - Whether the display of superseded patches is enabled
  - The date of the scan.
  - The duration of the scan.
  - The number of hosts scanned in parallel.
  - The number of checks done in parallel.","n/a","","Information about this scan : 

Nessus version : 10.8.3
Nessus build : 20010
Plugin feed version : 202501200722
Scanner edition used : Nessus
Scanner OS : WINDOWS
Scanner distribution : win-x86-64
Scan type : Normal
Scan name : Scan 24
Scan policy used : ControlCase Policy
Scanner IP : 10.99.105.72

WARNING : No port scanner was enabled during the scan. This may
lead to incomplete results.

Port range : 1-65535
Ping RTT : Unavailable
Thorough tests : no
Experimental tests : no
Scan for Unpatched Vulnerabilities : no
Plugin debugging enabled : no
Paranoia level : 1
Report verbosity : 1
Safe checks : yes
Optimize the test : no
Credentialed checks : no
Patch management checks : None
Display superseded patches : yes (supersedence plugin did not launch)
CGI scanning : disabled
Web application tests : disabled
Max hosts : 3
Max checks : 3
Recv timeout : 3
Backports : None
Allow post-scan editing : Yes
Nessus Plugin Signature Checking : Enabled
Audit File Signature Checking : Disabled
Scan Start Date : 2025/1/21 16:08 W. Central Africa Standard Time (UTC +01:00)
Scan duration : 2186 sec
Scan for malware : no
","","","","","","","","","None","","","","2005/08/26","2024/12/31","","",""
"10287","","","None","10.33.250.1","udp","0","Traceroute Information","It was possible to obtain traceroute information.","Makes a traceroute to the remote host.","n/a","","For your information, here is the traceroute from 10.99.105.72 to 10.33.250.1 : 
10.99.105.72

ttl was greater than 50 - Completing Traceroute.

10.99.105.126
?

Hop Count: 2

An error was detected along the way.

","","","","","","","","","None","","","","1999/11/27","2023/12/04","","",""
"19506","","","None","10.33.250.1","tcp","0","Nessus Scan Information","This plugin displays information about the Nessus scan.","This plugin displays, for each tested host, information about the
scan itself :

  - The version of the plugin set.
  - The type of scanner (Nessus or Nessus Home).
  - The version of the Nessus Engine.
  - The port scanner(s) used.
  - The port range scanned.
  - The ping round trip time 
  - Whether credentialed or third-party patch management
    checks are possible.
  - Whether the display of superseded patches is enabled
  - The date of the scan.
  - The duration of the scan.
  - The number of hosts scanned in parallel.
  - The number of checks done in parallel.","n/a","","Information about this scan : 

Nessus version : 10.8.3
Nessus build : 20010
Plugin feed version : 202501200722
Scanner edition used : Nessus
Scanner OS : WINDOWS
Scanner distribution : win-x86-64
Scan type : Normal
Scan name : Scan 24
Scan policy used : ControlCase Policy
Scanner IP : 10.99.105.72

WARNING : No port scanner was enabled during the scan. This may
lead to incomplete results.

Port range : 1-65535
Ping RTT : Unavailable
Thorough tests : no
Experimental tests : no
Scan for Unpatched Vulnerabilities : no
Plugin debugging enabled : no
Paranoia level : 1
Report verbosity : 1
Safe checks : yes
Optimize the test : no
Credentialed checks : no
Patch management checks : None
Display superseded patches : yes (supersedence plugin did not launch)
CGI scanning : disabled
Web application tests : disabled
Max hosts : 3
Max checks : 3
Recv timeout : 3
Backports : None
Allow post-scan editing : Yes
Nessus Plugin Signature Checking : Enabled
Audit File Signature Checking : Disabled
Scan Start Date : 2025/1/21 17:23 W. Central Africa Standard Time (UTC +01:00)
Scan duration : 2119 sec
Scan for malware : no
","","","","","","","","","None","","","","2005/08/26","2024/12/31","","",""
"10287","","","None","10.34.250.1","udp","0","Traceroute Information","It was possible to obtain traceroute information.","Makes a traceroute to the remote host.","n/a","","For your information, here is the traceroute from 10.99.105.72 to 10.34.250.1 : 
10.99.105.72

ttl was greater than 50 - Completing Traceroute.

10.99.105.126
?

Hop Count: 2

An error was detected along the way.

","","","","","","","","","None","","","","1999/11/27","2023/12/04","","",""
"19506","","","None","10.34.250.1","tcp","0","Nessus Scan Information","This plugin displays information about the Nessus scan.","This plugin displays, for each tested host, information about the
scan itself :

  - The version of the plugin set.
  - The type of scanner (Nessus or Nessus Home).
  - The version of the Nessus Engine.
  - The port scanner(s) used.
  - The port range scanned.
  - The ping round trip time 
  - Whether credentialed or third-party patch management
    checks are possible.
  - Whether the display of superseded patches is enabled
  - The date of the scan.
  - The duration of the scan.
  - The number of hosts scanned in parallel.
  - The number of checks done in parallel.","n/a","","Information about this scan : 

Nessus version : 10.8.3
Nessus build : 20010
Plugin feed version : 202501200722
Scanner edition used : Nessus
Scanner OS : WINDOWS
Scanner distribution : win-x86-64
Scan type : Normal
Scan name : Scan 24
Scan policy used : ControlCase Policy
Scanner IP : 10.99.105.72

WARNING : No port scanner was enabled during the scan. This may
lead to incomplete results.

Port range : 1-65535
Ping RTT : Unavailable
Thorough tests : no
Experimental tests : no
Scan for Unpatched Vulnerabilities : no
Plugin debugging enabled : no
Paranoia level : 1
Report verbosity : 1
Safe checks : yes
Optimize the test : no
Credentialed checks : no
Patch management checks : None
Display superseded patches : yes (supersedence plugin did not launch)
CGI scanning : disabled
Web application tests : disabled
Max hosts : 3
Max checks : 3
Recv timeout : 3
Backports : None
Allow post-scan editing : Yes
Nessus Plugin Signature Checking : Enabled
Audit File Signature Checking : Disabled
Scan Start Date : 2025/1/21 19:08 W. Central Africa Standard Time (UTC +01:00)
Scan duration : 1901 sec
Scan for malware : no
","","","","","","","","","None","","","","2005/08/26","2024/12/31","","",""
"10287","","","None","10.34.250.2","udp","0","Traceroute Information","It was possible to obtain traceroute information.","Makes a traceroute to the remote host.","n/a","","For your information, here is the traceroute from 10.99.105.72 to 10.34.250.2 : 
10.99.105.72

ttl was greater than 50 - Completing Traceroute.

10.99.105.126
?

Hop Count: 2

An error was detected along the way.

","","","","","","","","","None","","","","1999/11/27","2023/12/04","","",""
"19506","","","None","10.34.250.2","tcp","0","Nessus Scan Information","This plugin displays information about the Nessus scan.","This plugin displays, for each tested host, information about the
scan itself :

  - The version of the plugin set.
  - The type of scanner (Nessus or Nessus Home).
  - The version of the Nessus Engine.
  - The port scanner(s) used.
  - The port range scanned.
  - The ping round trip time 
  - Whether credentialed or third-party patch management
    checks are possible.
  - Whether the display of superseded patches is enabled
  - The date of the scan.
  - The duration of the scan.
  - The number of hosts scanned in parallel.
  - The number of checks done in parallel.","n/a","","Information about this scan : 

Nessus version : 10.8.3
Nessus build : 20010
Plugin feed version : 202501200722
Scanner edition used : Nessus
Scanner OS : WINDOWS
Scanner distribution : win-x86-64
Scan type : Normal
Scan name : Scan 24
Scan policy used : ControlCase Policy
Scanner IP : 10.99.105.72

WARNING : No port scanner was enabled during the scan. This may
lead to incomplete results.

Port range : 1-65535
Ping RTT : Unavailable
Thorough tests : no
Experimental tests : no
Scan for Unpatched Vulnerabilities : no
Plugin debugging enabled : no
Paranoia level : 1
Report verbosity : 1
Safe checks : yes
Optimize the test : no
Credentialed checks : no
Patch management checks : None
Display superseded patches : yes (supersedence plugin did not launch)
CGI scanning : disabled
Web application tests : disabled
Max hosts : 3
Max checks : 3
Recv timeout : 3
Backports : None
Allow post-scan editing : Yes
Nessus Plugin Signature Checking : Enabled
Audit File Signature Checking : Disabled
Scan Start Date : 2025/1/21 19:07 W. Central Africa Standard Time (UTC +01:00)
Scan duration : 1995 sec
Scan for malware : no
","","","","","","","","","None","","","","2005/08/26","2024/12/31","","",""
"10287","","","None","10.40.250.12","udp","0","Traceroute Information","It was possible to obtain traceroute information.","Makes a traceroute to the remote host.","n/a","","For your information, here is the traceroute from 10.99.105.72 to 10.40.250.12 : 
10.99.105.72

ttl was greater than 50 - Completing Traceroute.

10.99.105.126
?

Hop Count: 2

An error was detected along the way.

","","","","","","","","","None","","","","1999/11/27","2023/12/04","","",""
"19506","","","None","10.40.250.12","tcp","0","Nessus Scan Information","This plugin displays information about the Nessus scan.","This plugin displays, for each tested host, information about the
scan itself :

  - The version of the plugin set.
  - The type of scanner (Nessus or Nessus Home).
  - The version of the Nessus Engine.
  - The port scanner(s) used.
  - The port range scanned.
  - The ping round trip time 
  - Whether credentialed or third-party patch management
    checks are possible.
  - Whether the display of superseded patches is enabled
  - The date of the scan.
  - The duration of the scan.
  - The number of hosts scanned in parallel.
  - The number of checks done in parallel.","n/a","","Information about this scan : 

Nessus version : 10.8.3
Nessus build : 20010
Plugin feed version : 202501200722
Scanner edition used : Nessus
Scanner OS : WINDOWS
Scanner distribution : win-x86-64
Scan type : Normal
Scan name : Scan 24
Scan policy used : ControlCase Policy
Scanner IP : 10.99.105.72

WARNING : No port scanner was enabled during the scan. This may
lead to incomplete results.

Port range : 1-65535
Ping RTT : Unavailable
Thorough tests : no
Experimental tests : no
Scan for Unpatched Vulnerabilities : no
Plugin debugging enabled : no
Paranoia level : 1
Report verbosity : 1
Safe checks : yes
Optimize the test : no
Credentialed checks : no
Patch management checks : None
Display superseded patches : yes (supersedence plugin did not launch)
CGI scanning : disabled
Web application tests : disabled
Max hosts : 3
Max checks : 3
Recv timeout : 3
Backports : None
Allow post-scan editing : Yes
Nessus Plugin Signature Checking : Enabled
Audit File Signature Checking : Disabled
Scan Start Date : 2025/1/21 16:44 W. Central Africa Standard Time (UTC +01:00)
Scan duration : 2103 sec
Scan for malware : no
","","","","","","","","","None","","","","2005/08/26","2024/12/31","","",""
"10287","","","None","10.40.250.13","udp","0","Traceroute Information","It was possible to obtain traceroute information.","Makes a traceroute to the remote host.","n/a","","For your information, here is the traceroute from 10.99.105.72 to 10.40.250.13 : 
10.99.105.72

ttl was greater than 50 - Completing Traceroute.

10.99.105.126
?

Hop Count: 2

An error was detected along the way.

","","","","","","","","","None","","","","1999/11/27","2023/12/04","","",""
"19506","","","None","10.40.250.13","tcp","0","Nessus Scan Information","This plugin displays information about the Nessus scan.","This plugin displays, for each tested host, information about the
scan itself :

  - The version of the plugin set.
  - The type of scanner (Nessus or Nessus Home).
  - The version of the Nessus Engine.
  - The port scanner(s) used.
  - The port range scanned.
  - The ping round trip time 
  - Whether credentialed or third-party patch management
    checks are possible.
  - Whether the display of superseded patches is enabled
  - The date of the scan.
  - The duration of the scan.
  - The number of hosts scanned in parallel.
  - The number of checks done in parallel.","n/a","","Information about this scan : 

Nessus version : 10.8.3
Nessus build : 20010
Plugin feed version : 202501200722
Scanner edition used : Nessus
Scanner OS : WINDOWS
Scanner distribution : win-x86-64
Scan type : Normal
Scan name : Scan 24
Scan policy used : ControlCase Policy
Scanner IP : 10.99.105.72

WARNING : No port scanner was enabled during the scan. This may
lead to incomplete results.

Port range : 1-65535
Ping RTT : Unavailable
Thorough tests : no
Experimental tests : no
Scan for Unpatched Vulnerabilities : no
Plugin debugging enabled : no
Paranoia level : 1
Report verbosity : 1
Safe checks : yes
Optimize the test : no
Credentialed checks : no
Patch management checks : None
Display superseded patches : yes (supersedence plugin did not launch)
CGI scanning : disabled
Web application tests : disabled
Max hosts : 3
Max checks : 3
Recv timeout : 3
Backports : None
Allow post-scan editing : Yes
Nessus Plugin Signature Checking : Enabled
Audit File Signature Checking : Disabled
Scan Start Date : 2025/1/21 16:08 W. Central Africa Standard Time (UTC +01:00)
Scan duration : 2207 sec
Scan for malware : no
","","","","","","","","","None","","","","2005/08/26","2024/12/31","","",""
"10287","","","None","10.255.44.1","udp","0","Traceroute Information","It was possible to obtain traceroute information.","Makes a traceroute to the remote host.","n/a","","For your information, here is the traceroute from 10.99.105.72 to 10.255.44.1 : 
10.99.105.72

ttl was greater than 50 - Completing Traceroute.

10.99.105.126
?

Hop Count: 2

An error was detected along the way.

","","","","","","","","","None","","","","1999/11/27","2023/12/04","","",""
"19506","","","None","10.255.44.1","tcp","0","Nessus Scan Information","This plugin displays information about the Nessus scan.","This plugin displays, for each tested host, information about the
scan itself :

  - The version of the plugin set.
  - The type of scanner (Nessus or Nessus Home).
  - The version of the Nessus Engine.
  - The port scanner(s) used.
  - The port range scanned.
  - The ping round trip time 
  - Whether credentialed or third-party patch management
    checks are possible.
  - Whether the display of superseded patches is enabled
  - The date of the scan.
  - The duration of the scan.
  - The number of hosts scanned in parallel.
  - The number of checks done in parallel.","n/a","","Information about this scan : 

Nessus version : 10.8.3
Nessus build : 20010
Plugin feed version : 202501200722
Scanner edition used : Nessus
Scanner OS : WINDOWS
Scanner distribution : win-x86-64
Scan type : Normal
Scan name : Scan 24
Scan policy used : ControlCase Policy
Scanner IP : 10.99.105.72

WARNING : No port scanner was enabled during the scan. This may
lead to incomplete results.

Port range : 1-65535
Ping RTT : Unavailable
Thorough tests : no
Experimental tests : no
Scan for Unpatched Vulnerabilities : no
Plugin debugging enabled : no
Paranoia level : 1
Report verbosity : 1
Safe checks : yes
Optimize the test : no
Credentialed checks : no
Patch management checks : None
Display superseded patches : yes (supersedence plugin did not launch)
CGI scanning : disabled
Web application tests : disabled
Max hosts : 3
Max checks : 3
Recv timeout : 3
Backports : None
Allow post-scan editing : Yes
Nessus Plugin Signature Checking : Enabled
Audit File Signature Checking : Disabled
Scan Start Date : 2025/1/21 17:56 W. Central Africa Standard Time (UTC +01:00)
Scan duration : 2196 sec
Scan for malware : no
","","","","","","","","","None","","","","2005/08/26","2024/12/31","","",""
