Plugin ID,CVE,CVSS v2.0 Base Score,Risk,Host,Protocol,Port,Name,Synopsis,Description,Solution,See Also,Plugin Output,STIG Severity,CVSS v4.0 Base Score,CVSS v4.0 Base+Threat Score,CVSS v3.0 Base Score,CVSS v2.0 Temporal Score,CVSS v3.0 Temporal Score,VPR Score,EPSS Score,Risk Factor,BID,XREF,MSKB,Plugin Publication Date,Plugin Modification Date,Metasploit,Core Impact,CANVAS
"10287","","","None","192.168.0.1","udp","0","Traceroute Information","It was possible to obtain traceroute information.","Makes a traceroute to the remote host.","n/a","","For your information, here is the traceroute from 10.99.105.72 to 192.168.0.1 : 
10.99.105.72

ttl was greater than 50 - Completing Traceroute.

10.99.105.126
?

Hop Count: 2

An error was detected along the way.

","","","","","","","","","None","","","","1999/11/27","2023/12/04","","",""
"19506","","","None","192.168.0.1","tcp","0","Nessus Scan Information","This plugin displays information about the Nessus scan.","This plugin displays, for each tested host, information about the
scan itself :

  - The version of the plugin set.
  - The type of scanner (Nessus or Nessus Home).
  - The version of the Nessus Engine.
  - The port scanner(s) used.
  - The port range scanned.
  - The ping round trip time 
  - Whether credentialed or third-party patch management
    checks are possible.
  - Whether the display of superseded patches is enabled
  - The date of the scan.
  - The duration of the scan.
  - The number of hosts scanned in parallel.
  - The number of checks done in parallel.","n/a","","Information about this scan : 

Nessus version : 10.8.3
Nessus build : 20010
Plugin feed version : 202501200722
Scanner edition used : Nessus
Scanner OS : WINDOWS
Scanner distribution : win-x86-64
Scan type : Normal
Scan name : Scan 8
Scan policy used : ControlCase Policy
Scanner IP : 10.99.105.72

WARNING : No port scanner was enabled during the scan. This may
lead to incomplete results.

Port range : 1-65535
Ping RTT : Unavailable
Thorough tests : no
Experimental tests : no
Scan for Unpatched Vulnerabilities : no
Plugin debugging enabled : no
Paranoia level : 1
Report verbosity : 1
Safe checks : yes
Optimize the test : no
Credentialed checks : no
Patch management checks : None
Display superseded patches : yes (supersedence plugin did not launch)
CGI scanning : disabled
Web application tests : disabled
Max hosts : 3
Max checks : 3
Recv timeout : 3
Backports : None
Allow post-scan editing : Yes
Nessus Plugin Signature Checking : Enabled
Audit File Signature Checking : Disabled
Scan Start Date : 2025/1/21 15:30 W. Central Africa Standard Time (UTC +01:00)
Scan duration : 2247 sec
Scan for malware : no
","","","","","","","","","None","","","","2005/08/26","2024/12/31","","",""
"10114","CVE-1999-0524","2.1","Low","10.1.102.5","icmp","0","ICMP Timestamp Request Remote Date Disclosure","It is possible to determine the exact time set on the remote host.","The remote host answers to an ICMP timestamp request.  This allows an
attacker to know the date that is set on the targeted machine, which
may assist an unauthenticated, remote attacker in defeating time-based
authentication protocols.

Timestamps returned from machines running Windows Vista / 7 / 2008 /
2008 R2 are deliberately incorrect, but usually within 1000 seconds of
the actual system time.","Filter out the ICMP timestamp requests (13), and the outgoing ICMP
timestamp replies (14).","","","","","","","","","2.2","0.8939","Low","","CWE:200","","1999/08/01","2024/10/07","","",""
"10287","","","None","10.1.102.5","udp","0","Traceroute Information","It was possible to obtain traceroute information.","Makes a traceroute to the remote host.","n/a","","For your information, here is the traceroute from 10.99.105.72 to 10.1.102.5 : 
10.99.105.72

ttl was greater than 50 - Completing Traceroute.

10.99.105.126
10.99.105.72
172.16.1.35
?

Hop Count: 4

An error was detected along the way.

","","","","","","","","","None","","","","1999/11/27","2023/12/04","","",""
"19506","","","None","10.1.102.5","tcp","0","Nessus Scan Information","This plugin displays information about the Nessus scan.","This plugin displays, for each tested host, information about the
scan itself :

  - The version of the plugin set.
  - The type of scanner (Nessus or Nessus Home).
  - The version of the Nessus Engine.
  - The port scanner(s) used.
  - The port range scanned.
  - The ping round trip time 
  - Whether credentialed or third-party patch management
    checks are possible.
  - Whether the display of superseded patches is enabled
  - The date of the scan.
  - The duration of the scan.
  - The number of hosts scanned in parallel.
  - The number of checks done in parallel.","n/a","","Information about this scan : 

Nessus version : 10.8.3
Nessus build : 20010
Plugin feed version : 202501200722
Scanner edition used : Nessus
Scanner OS : WINDOWS
Scanner distribution : win-x86-64
Scan type : Normal
Scan name : Scan 8
Scan policy used : ControlCase Policy
Scanner IP : 10.99.105.72

WARNING : No port scanner was enabled during the scan. This may
lead to incomplete results.

Port range : 1-65535
Ping RTT : Unavailable
Thorough tests : no
Experimental tests : no
Scan for Unpatched Vulnerabilities : no
Plugin debugging enabled : no
Paranoia level : 1
Report verbosity : 1
Safe checks : yes
Optimize the test : no
Credentialed checks : no
Patch management checks : None
Display superseded patches : yes (supersedence plugin did not launch)
CGI scanning : disabled
Web application tests : disabled
Max hosts : 3
Max checks : 3
Recv timeout : 3
Backports : None
Allow post-scan editing : Yes
Nessus Plugin Signature Checking : Enabled
Audit File Signature Checking : Disabled
Scan Start Date : 2025/1/21 13:41 W. Central Africa Standard Time (UTC +01:00)
Scan duration : 2043 sec
Scan for malware : no
","","","","","","","","","None","","","","2005/08/26","2024/12/31","","",""
"10287","","","None","10.1.102.9","udp","0","Traceroute Information","It was possible to obtain traceroute information.","Makes a traceroute to the remote host.","n/a","","For your information, here is the traceroute from 10.99.105.72 to 10.1.102.9 : 
10.99.105.72

ttl was greater than 50 - Completing Traceroute.

10.99.105.126
?

Hop Count: 2

An error was detected along the way.

","","","","","","","","","None","","","","1999/11/27","2023/12/04","","",""
"19506","","","None","10.1.102.9","tcp","0","Nessus Scan Information","This plugin displays information about the Nessus scan.","This plugin displays, for each tested host, information about the
scan itself :

  - The version of the plugin set.
  - The type of scanner (Nessus or Nessus Home).
  - The version of the Nessus Engine.
  - The port scanner(s) used.
  - The port range scanned.
  - The ping round trip time 
  - Whether credentialed or third-party patch management
    checks are possible.
  - Whether the display of superseded patches is enabled
  - The date of the scan.
  - The duration of the scan.
  - The number of hosts scanned in parallel.
  - The number of checks done in parallel.","n/a","","Information about this scan : 

Nessus version : 10.8.3
Nessus build : 20010
Plugin feed version : 202501200722
Scanner edition used : Nessus
Scanner OS : WINDOWS
Scanner distribution : win-x86-64
Scan type : Normal
Scan name : Scan 8
Scan policy used : ControlCase Policy
Scanner IP : 10.99.105.72

WARNING : No port scanner was enabled during the scan. This may
lead to incomplete results.

Port range : 1-65535
Ping RTT : Unavailable
Thorough tests : no
Experimental tests : no
Scan for Unpatched Vulnerabilities : no
Plugin debugging enabled : no
Paranoia level : 1
Report verbosity : 1
Safe checks : yes
Optimize the test : no
Credentialed checks : no
Patch management checks : None
Display superseded patches : yes (supersedence plugin did not launch)
CGI scanning : disabled
Web application tests : disabled
Max hosts : 3
Max checks : 3
Recv timeout : 3
Backports : None
Allow post-scan editing : Yes
Nessus Plugin Signature Checking : Enabled
Audit File Signature Checking : Disabled
Scan Start Date : 2025/1/21 15:32 W. Central Africa Standard Time (UTC +01:00)
Scan duration : 2184 sec
Scan for malware : no
","","","","","","","","","None","","","","2005/08/26","2024/12/31","","",""
"135860","","","None","10.1.102.9","tcp","445","WMI Not Available","WMI queries could not be made against the remote host.","WMI (Windows Management Instrumentation) is not available on the
remote host over DCOM. WMI queries are used to gather information
about the remote host, such as its current state, network interface
configuration, etc.

Without this information Nessus may not be able to identify installed
software or security vunerabilities that exist on the remote host.","n/a","https://docs.microsoft.com/en-us/windows/win32/wmisdk/wmi-start-page","Can't connect to the 'root\CIMV2' WMI namespace.","","","","","","","","","None","","","","2020/04/21","2025/01/15","","",""
"10287","","","None","10.1.104.5","udp","0","Traceroute Information","It was possible to obtain traceroute information.","Makes a traceroute to the remote host.","n/a","","For your information, here is the traceroute from 10.99.105.72 to 10.1.104.5 : 
10.99.105.72

ttl was greater than 50 - Completing Traceroute.

10.99.105.126
?

Hop Count: 2

An error was detected along the way.

","","","","","","","","","None","","","","1999/11/27","2023/12/04","","",""
"19506","","","None","10.1.104.5","tcp","0","Nessus Scan Information","This plugin displays information about the Nessus scan.","This plugin displays, for each tested host, information about the
scan itself :

  - The version of the plugin set.
  - The type of scanner (Nessus or Nessus Home).
  - The version of the Nessus Engine.
  - The port scanner(s) used.
  - The port range scanned.
  - The ping round trip time 
  - Whether credentialed or third-party patch management
    checks are possible.
  - Whether the display of superseded patches is enabled
  - The date of the scan.
  - The duration of the scan.
  - The number of hosts scanned in parallel.
  - The number of checks done in parallel.","n/a","","Information about this scan : 

Nessus version : 10.8.3
Nessus build : 20010
Plugin feed version : 202501200722
Scanner edition used : Nessus
Scanner OS : WINDOWS
Scanner distribution : win-x86-64
Scan type : Normal
Scan name : Scan 8
Scan policy used : ControlCase Policy
Scanner IP : 10.99.105.72

WARNING : No port scanner was enabled during the scan. This may
lead to incomplete results.

Port range : 1-65535
Ping RTT : Unavailable
Thorough tests : no
Experimental tests : no
Scan for Unpatched Vulnerabilities : no
Plugin debugging enabled : no
Paranoia level : 1
Report verbosity : 1
Safe checks : yes
Optimize the test : no
Credentialed checks : no
Patch management checks : None
Display superseded patches : yes (supersedence plugin did not launch)
CGI scanning : disabled
Web application tests : disabled
Max hosts : 3
Max checks : 3
Recv timeout : 3
Backports : None
Allow post-scan editing : Yes
Nessus Plugin Signature Checking : Enabled
Audit File Signature Checking : Disabled
Scan Start Date : 2025/1/21 13:41 W. Central Africa Standard Time (UTC +01:00)
Scan duration : 2171 sec
Scan for malware : no
","","","","","","","","","None","","","","2005/08/26","2024/12/31","","",""
"10287","","","None","10.1.108.5","udp","0","Traceroute Information","It was possible to obtain traceroute information.","Makes a traceroute to the remote host.","n/a","","For your information, here is the traceroute from 10.99.105.72 to 10.1.108.5 : 
10.99.105.72

ttl was greater than 50 - Completing Traceroute.

10.99.105.126
?

Hop Count: 2

An error was detected along the way.

","","","","","","","","","None","","","","1999/11/27","2023/12/04","","",""
"19506","","","None","10.1.108.5","tcp","0","Nessus Scan Information","This plugin displays information about the Nessus scan.","This plugin displays, for each tested host, information about the
scan itself :

  - The version of the plugin set.
  - The type of scanner (Nessus or Nessus Home).
  - The version of the Nessus Engine.
  - The port scanner(s) used.
  - The port range scanned.
  - The ping round trip time 
  - Whether credentialed or third-party patch management
    checks are possible.
  - Whether the display of superseded patches is enabled
  - The date of the scan.
  - The duration of the scan.
  - The number of hosts scanned in parallel.
  - The number of checks done in parallel.","n/a","","Information about this scan : 

Nessus version : 10.8.3
Nessus build : 20010
Plugin feed version : 202501200722
Scanner edition used : Nessus
Scanner OS : WINDOWS
Scanner distribution : win-x86-64
Scan type : Normal
Scan name : Scan 8
Scan policy used : ControlCase Policy
Scanner IP : 10.99.105.72

WARNING : No port scanner was enabled during the scan. This may
lead to incomplete results.

Port range : 1-65535
Ping RTT : Unavailable
Thorough tests : no
Experimental tests : no
Scan for Unpatched Vulnerabilities : no
Plugin debugging enabled : no
Paranoia level : 1
Report verbosity : 1
Safe checks : yes
Optimize the test : no
Credentialed checks : no
Patch management checks : None
Display superseded patches : yes (supersedence plugin did not launch)
CGI scanning : disabled
Web application tests : disabled
Max hosts : 3
Max checks : 3
Recv timeout : 3
Backports : None
Allow post-scan editing : Yes
Nessus Plugin Signature Checking : Enabled
Audit File Signature Checking : Disabled
Scan Start Date : 2025/1/21 16:08 W. Central Africa Standard Time (UTC +01:00)
Scan duration : 2292 sec
Scan for malware : no
","","","","","","","","","None","","","","2005/08/26","2024/12/31","","",""
"10287","","","None","10.2.100.5","udp","0","Traceroute Information","It was possible to obtain traceroute information.","Makes a traceroute to the remote host.","n/a","","For your information, here is the traceroute from 10.99.105.72 to 10.2.100.5 : 
10.99.105.72

ttl was greater than 50 - Completing Traceroute.

10.99.105.126
?

Hop Count: 2

An error was detected along the way.

","","","","","","","","","None","","","","1999/11/27","2023/12/04","","",""
"19506","","","None","10.2.100.5","tcp","0","Nessus Scan Information","This plugin displays information about the Nessus scan.","This plugin displays, for each tested host, information about the
scan itself :

  - The version of the plugin set.
  - The type of scanner (Nessus or Nessus Home).
  - The version of the Nessus Engine.
  - The port scanner(s) used.
  - The port range scanned.
  - The ping round trip time 
  - Whether credentialed or third-party patch management
    checks are possible.
  - Whether the display of superseded patches is enabled
  - The date of the scan.
  - The duration of the scan.
  - The number of hosts scanned in parallel.
  - The number of checks done in parallel.","n/a","","Information about this scan : 

Nessus version : 10.8.3
Nessus build : 20010
Plugin feed version : 202501200722
Scanner edition used : Nessus
Scanner OS : WINDOWS
Scanner distribution : win-x86-64
Scan type : Normal
Scan name : Scan 8
Scan policy used : ControlCase Policy
Scanner IP : 10.99.105.72

WARNING : No port scanner was enabled during the scan. This may
lead to incomplete results.

Port range : 1-65535
Ping RTT : Unavailable
Thorough tests : no
Experimental tests : no
Scan for Unpatched Vulnerabilities : no
Plugin debugging enabled : no
Paranoia level : 1
Report verbosity : 1
Safe checks : yes
Optimize the test : no
Credentialed checks : no
Patch management checks : None
Display superseded patches : yes (supersedence plugin did not launch)
CGI scanning : disabled
Web application tests : disabled
Max hosts : 3
Max checks : 3
Recv timeout : 3
Backports : None
Allow post-scan editing : Yes
Nessus Plugin Signature Checking : Enabled
Audit File Signature Checking : Disabled
Scan Start Date : 2025/1/21 14:17 W. Central Africa Standard Time (UTC +01:00)
Scan duration : 2218 sec
Scan for malware : no
","","","","","","","","","None","","","","2005/08/26","2024/12/31","","",""
"10287","","","None","10.2.102.5","udp","0","Traceroute Information","It was possible to obtain traceroute information.","Makes a traceroute to the remote host.","n/a","","For your information, here is the traceroute from 10.99.105.72 to 10.2.102.5 : 
10.99.105.72

ttl was greater than 50 - Completing Traceroute.

10.99.105.126
?

Hop Count: 2

An error was detected along the way.

","","","","","","","","","None","","","","1999/11/27","2023/12/04","","",""
"19506","","","None","10.2.102.5","tcp","0","Nessus Scan Information","This plugin displays information about the Nessus scan.","This plugin displays, for each tested host, information about the
scan itself :

  - The version of the plugin set.
  - The type of scanner (Nessus or Nessus Home).
  - The version of the Nessus Engine.
  - The port scanner(s) used.
  - The port range scanned.
  - The ping round trip time 
  - Whether credentialed or third-party patch management
    checks are possible.
  - Whether the display of superseded patches is enabled
  - The date of the scan.
  - The duration of the scan.
  - The number of hosts scanned in parallel.
  - The number of checks done in parallel.","n/a","","Information about this scan : 

Nessus version : 10.8.3
Nessus build : 20010
Plugin feed version : 202501200722
Scanner edition used : Nessus
Scanner OS : WINDOWS
Scanner distribution : win-x86-64
Scan type : Normal
Scan name : Scan 8
Scan policy used : ControlCase Policy
Scanner IP : 10.99.105.72

WARNING : No port scanner was enabled during the scan. This may
lead to incomplete results.

Port range : 1-65535
Ping RTT : Unavailable
Thorough tests : no
Experimental tests : no
Scan for Unpatched Vulnerabilities : no
Plugin debugging enabled : no
Paranoia level : 1
Report verbosity : 1
Safe checks : yes
Optimize the test : no
Credentialed checks : no
Patch management checks : None
Display superseded patches : yes (supersedence plugin did not launch)
CGI scanning : disabled
Web application tests : disabled
Max hosts : 3
Max checks : 3
Recv timeout : 3
Backports : None
Allow post-scan editing : Yes
Nessus Plugin Signature Checking : Enabled
Audit File Signature Checking : Disabled
Scan Start Date : 2025/1/21 16:44 W. Central Africa Standard Time (UTC +01:00)
Scan duration : 2150 sec
Scan for malware : no
","","","","","","","","","None","","","","2005/08/26","2024/12/31","","",""
"10287","","","None","10.19.101.5","udp","0","Traceroute Information","It was possible to obtain traceroute information.","Makes a traceroute to the remote host.","n/a","","For your information, here is the traceroute from 10.99.105.72 to 10.19.101.5 : 
10.99.105.72

ttl was greater than 50 - Completing Traceroute.

10.99.105.126
?

Hop Count: 2

An error was detected along the way.

","","","","","","","","","None","","","","1999/11/27","2023/12/04","","",""
"19506","","","None","10.19.101.5","tcp","0","Nessus Scan Information","This plugin displays information about the Nessus scan.","This plugin displays, for each tested host, information about the
scan itself :

  - The version of the plugin set.
  - The type of scanner (Nessus or Nessus Home).
  - The version of the Nessus Engine.
  - The port scanner(s) used.
  - The port range scanned.
  - The ping round trip time 
  - Whether credentialed or third-party patch management
    checks are possible.
  - Whether the display of superseded patches is enabled
  - The date of the scan.
  - The duration of the scan.
  - The number of hosts scanned in parallel.
  - The number of checks done in parallel.","n/a","","Information about this scan : 

Nessus version : 10.8.3
Nessus build : 20010
Plugin feed version : 202501200722
Scanner edition used : Nessus
Scanner OS : WINDOWS
Scanner distribution : win-x86-64
Scan type : Normal
Scan name : Scan 8
Scan policy used : ControlCase Policy
Scanner IP : 10.99.105.72

WARNING : No port scanner was enabled during the scan. This may
lead to incomplete results.

Port range : 1-65535
Ping RTT : Unavailable
Thorough tests : no
Experimental tests : no
Scan for Unpatched Vulnerabilities : no
Plugin debugging enabled : no
Paranoia level : 1
Report verbosity : 1
Safe checks : yes
Optimize the test : no
Credentialed checks : no
Patch management checks : None
Display superseded patches : yes (supersedence plugin did not launch)
CGI scanning : disabled
Web application tests : disabled
Max hosts : 3
Max checks : 3
Recv timeout : 3
Backports : None
Allow post-scan editing : Yes
Nessus Plugin Signature Checking : Enabled
Audit File Signature Checking : Disabled
Scan Start Date : 2025/1/21 14:52 W. Central Africa Standard Time (UTC +01:00)
Scan duration : 2187 sec
Scan for malware : no
","","","","","","","","","None","","","","2005/08/26","2024/12/31","","",""
"10287","","","None","10.19.252.6","udp","0","Traceroute Information","It was possible to obtain traceroute information.","Makes a traceroute to the remote host.","n/a","","For your information, here is the traceroute from 10.99.105.72 to 10.19.252.6 : 
10.99.105.72

ttl was greater than 50 - Completing Traceroute.

10.99.105.126
?

Hop Count: 2

An error was detected along the way.

","","","","","","","","","None","","","","1999/11/27","2023/12/04","","",""
"19506","","","None","10.19.252.6","tcp","0","Nessus Scan Information","This plugin displays information about the Nessus scan.","This plugin displays, for each tested host, information about the
scan itself :

  - The version of the plugin set.
  - The type of scanner (Nessus or Nessus Home).
  - The version of the Nessus Engine.
  - The port scanner(s) used.
  - The port range scanned.
  - The ping round trip time 
  - Whether credentialed or third-party patch management
    checks are possible.
  - Whether the display of superseded patches is enabled
  - The date of the scan.
  - The duration of the scan.
  - The number of hosts scanned in parallel.
  - The number of checks done in parallel.","n/a","","Information about this scan : 

Nessus version : 10.8.3
Nessus build : 20010
Plugin feed version : 202501200722
Scanner edition used : Nessus
Scanner OS : WINDOWS
Scanner distribution : win-x86-64
Scan type : Normal
Scan name : Scan 8
Scan policy used : ControlCase Policy
Scanner IP : 10.99.105.72

WARNING : No port scanner was enabled during the scan. This may
lead to incomplete results.

Port range : 1-65535
Ping RTT : Unavailable
Thorough tests : no
Experimental tests : no
Scan for Unpatched Vulnerabilities : no
Plugin debugging enabled : no
Paranoia level : 1
Report verbosity : 1
Safe checks : yes
Optimize the test : no
Credentialed checks : no
Patch management checks : None
Display superseded patches : yes (supersedence plugin did not launch)
CGI scanning : disabled
Web application tests : disabled
Max hosts : 3
Max checks : 3
Recv timeout : 3
Backports : None
Allow post-scan editing : Yes
Nessus Plugin Signature Checking : Enabled
Audit File Signature Checking : Disabled
Scan Start Date : 2025/1/21 16:48 W. Central Africa Standard Time (UTC +01:00)
Scan duration : 2308 sec
Scan for malware : no
","","","","","","","","","None","","","","2005/08/26","2024/12/31","","",""
"10287","","","None","10.40.100.5","udp","0","Traceroute Information","It was possible to obtain traceroute information.","Makes a traceroute to the remote host.","n/a","","For your information, here is the traceroute from 10.99.105.72 to 10.40.100.5 : 
10.99.105.72

ttl was greater than 50 - Completing Traceroute.

10.99.105.126
?

Hop Count: 2

An error was detected along the way.

","","","","","","","","","None","","","","1999/11/27","2023/12/04","","",""
"19506","","","None","10.40.100.5","tcp","0","Nessus Scan Information","This plugin displays information about the Nessus scan.","This plugin displays, for each tested host, information about the
scan itself :

  - The version of the plugin set.
  - The type of scanner (Nessus or Nessus Home).
  - The version of the Nessus Engine.
  - The port scanner(s) used.
  - The port range scanned.
  - The ping round trip time 
  - Whether credentialed or third-party patch management
    checks are possible.
  - Whether the display of superseded patches is enabled
  - The date of the scan.
  - The duration of the scan.
  - The number of hosts scanned in parallel.
  - The number of checks done in parallel.","n/a","","Information about this scan : 

Nessus version : 10.8.3
Nessus build : 20010
Plugin feed version : 202501200722
Scanner edition used : Nessus
Scanner OS : WINDOWS
Scanner distribution : win-x86-64
Scan type : Normal
Scan name : Scan 8
Scan policy used : ControlCase Policy
Scanner IP : 10.99.105.72

WARNING : No port scanner was enabled during the scan. This may
lead to incomplete results.

Port range : 1-65535
Ping RTT : Unavailable
Thorough tests : no
Experimental tests : no
Scan for Unpatched Vulnerabilities : no
Plugin debugging enabled : no
Paranoia level : 1
Report verbosity : 1
Safe checks : yes
Optimize the test : no
Credentialed checks : no
Patch management checks : None
Display superseded patches : yes (supersedence plugin did not launch)
CGI scanning : disabled
Web application tests : disabled
Max hosts : 3
Max checks : 3
Recv timeout : 3
Backports : None
Allow post-scan editing : Yes
Nessus Plugin Signature Checking : Enabled
Audit File Signature Checking : Disabled
Scan Start Date : 2025/1/21 14:54 W. Central Africa Standard Time (UTC +01:00)
Scan duration : 2217 sec
Scan for malware : no
","","","","","","","","","None","","","","2005/08/26","2024/12/31","","",""
"10287","","","None","10.255.12.2","udp","0","Traceroute Information","It was possible to obtain traceroute information.","Makes a traceroute to the remote host.","n/a","","For your information, here is the traceroute from 10.99.105.72 to 10.255.12.2 : 
10.99.105.72

ttl was greater than 50 - Completing Traceroute.

10.99.105.126
?

Hop Count: 2

An error was detected along the way.

","","","","","","","","","None","","","","1999/11/27","2023/12/04","","",""
"19506","","","None","10.255.12.2","tcp","0","Nessus Scan Information","This plugin displays information about the Nessus scan.","This plugin displays, for each tested host, information about the
scan itself :

  - The version of the plugin set.
  - The type of scanner (Nessus or Nessus Home).
  - The version of the Nessus Engine.
  - The port scanner(s) used.
  - The port range scanned.
  - The ping round trip time 
  - Whether credentialed or third-party patch management
    checks are possible.
  - Whether the display of superseded patches is enabled
  - The date of the scan.
  - The duration of the scan.
  - The number of hosts scanned in parallel.
  - The number of checks done in parallel.","n/a","","Information about this scan : 

Nessus version : 10.8.3
Nessus build : 20010
Plugin feed version : 202501200722
Scanner edition used : Nessus
Scanner OS : WINDOWS
Scanner distribution : win-x86-64
Scan type : Normal
Scan name : Scan 8
Scan policy used : ControlCase Policy
Scanner IP : 10.99.105.72

WARNING : No port scanner was enabled during the scan. This may
lead to incomplete results.

Port range : 1-65535
Ping RTT : Unavailable
Thorough tests : no
Experimental tests : no
Scan for Unpatched Vulnerabilities : no
Plugin debugging enabled : no
Paranoia level : 1
Report verbosity : 1
Safe checks : yes
Optimize the test : no
Credentialed checks : no
Patch management checks : None
Display superseded patches : yes (supersedence plugin did not launch)
CGI scanning : disabled
Web application tests : disabled
Max hosts : 3
Max checks : 3
Recv timeout : 3
Backports : None
Allow post-scan editing : Yes
Nessus Plugin Signature Checking : Enabled
Audit File Signature Checking : Disabled
Scan Start Date : 2025/1/21 17:26 W. Central Africa Standard Time (UTC +01:00)
Scan duration : 2280 sec
Scan for malware : no
","","","","","","","","","None","","","","2005/08/26","2024/12/31","","",""
"10114","CVE-1999-0524","2.1","Low","10.255.20.2","icmp","0","ICMP Timestamp Request Remote Date Disclosure","It is possible to determine the exact time set on the remote host.","The remote host answers to an ICMP timestamp request.  This allows an
attacker to know the date that is set on the targeted machine, which
may assist an unauthenticated, remote attacker in defeating time-based
authentication protocols.

Timestamps returned from machines running Windows Vista / 7 / 2008 /
2008 R2 are deliberately incorrect, but usually within 1000 seconds of
the actual system time.","Filter out the ICMP timestamp requests (13), and the outgoing ICMP
timestamp replies (14).","","","","","","","","","2.2","0.8939","Low","","CWE:200","","1999/08/01","2024/10/07","","",""
"10287","","","None","10.255.20.2","udp","0","Traceroute Information","It was possible to obtain traceroute information.","Makes a traceroute to the remote host.","n/a","","For your information, here is the traceroute from 10.99.105.72 to 10.255.20.2 : 
10.99.105.72

ttl was greater than 50 - Completing Traceroute.

10.99.105.126
?

Hop Count: 2

An error was detected along the way.

","","","","","","","","","None","","","","1999/11/27","2023/12/04","","",""
"19506","","","None","10.255.20.2","tcp","0","Nessus Scan Information","This plugin displays information about the Nessus scan.","This plugin displays, for each tested host, information about the
scan itself :

  - The version of the plugin set.
  - The type of scanner (Nessus or Nessus Home).
  - The version of the Nessus Engine.
  - The port scanner(s) used.
  - The port range scanned.
  - The ping round trip time 
  - Whether credentialed or third-party patch management
    checks are possible.
  - Whether the display of superseded patches is enabled
  - The date of the scan.
  - The duration of the scan.
  - The number of hosts scanned in parallel.
  - The number of checks done in parallel.","n/a","","Information about this scan : 

Nessus version : 10.8.3
Nessus build : 20010
Plugin feed version : 202501200722
Scanner edition used : Nessus
Scanner OS : WINDOWS
Scanner distribution : win-x86-64
Scan type : Normal
Scan name : Scan 8
Scan policy used : ControlCase Policy
Scanner IP : 10.99.105.72

WARNING : No port scanner was enabled during the scan. This may
lead to incomplete results.

Port range : 1-65535
Ping RTT : Unavailable
Thorough tests : no
Experimental tests : no
Scan for Unpatched Vulnerabilities : no
Plugin debugging enabled : no
Paranoia level : 1
Report verbosity : 1
Safe checks : yes
Optimize the test : no
Credentialed checks : no
Patch management checks : None
Display superseded patches : yes (supersedence plugin did not launch)
CGI scanning : disabled
Web application tests : disabled
Max hosts : 3
Max checks : 3
Recv timeout : 3
Backports : None
Allow post-scan editing : Yes
Nessus Plugin Signature Checking : Enabled
Audit File Signature Checking : Disabled
Scan Start Date : 2025/1/21 15:30 W. Central Africa Standard Time (UTC +01:00)
Scan duration : 2177 sec
Scan for malware : no
","","","","","","","","","None","","","","2005/08/26","2024/12/31","","",""
"10114","CVE-1999-0524","2.1","Low","10.255.21.2","icmp","0","ICMP Timestamp Request Remote Date Disclosure","It is possible to determine the exact time set on the remote host.","The remote host answers to an ICMP timestamp request.  This allows an
attacker to know the date that is set on the targeted machine, which
may assist an unauthenticated, remote attacker in defeating time-based
authentication protocols.

Timestamps returned from machines running Windows Vista / 7 / 2008 /
2008 R2 are deliberately incorrect, but usually within 1000 seconds of
the actual system time.","Filter out the ICMP timestamp requests (13), and the outgoing ICMP
timestamp replies (14).","","","","","","","","","2.2","0.8939","Low","","CWE:200","","1999/08/01","2024/10/07","","",""
"10287","","","None","10.255.21.2","udp","0","Traceroute Information","It was possible to obtain traceroute information.","Makes a traceroute to the remote host.","n/a","","For your information, here is the traceroute from 10.99.105.72 to 10.255.21.2 : 
10.99.105.72

ttl was greater than 50 - Completing Traceroute.

10.99.105.126
?

Hop Count: 2

An error was detected along the way.

","","","","","","","","","None","","","","1999/11/27","2023/12/04","","",""
"19506","","","None","10.255.21.2","tcp","0","Nessus Scan Information","This plugin displays information about the Nessus scan.","This plugin displays, for each tested host, information about the
scan itself :

  - The version of the plugin set.
  - The type of scanner (Nessus or Nessus Home).
  - The version of the Nessus Engine.
  - The port scanner(s) used.
  - The port range scanned.
  - The ping round trip time 
  - Whether credentialed or third-party patch management
    checks are possible.
  - Whether the display of superseded patches is enabled
  - The date of the scan.
  - The duration of the scan.
  - The number of hosts scanned in parallel.
  - The number of checks done in parallel.","n/a","","Information about this scan : 

Nessus version : 10.8.3
Nessus build : 20010
Plugin feed version : 202501200722
Scanner edition used : Nessus
Scanner OS : WINDOWS
Scanner distribution : win-x86-64
Scan type : Normal
Scan name : Scan 8
Scan policy used : ControlCase Policy
Scanner IP : 10.99.105.72

WARNING : No port scanner was enabled during the scan. This may
lead to incomplete results.

Port range : 1-65535
Ping RTT : Unavailable
Thorough tests : no
Experimental tests : no
Scan for Unpatched Vulnerabilities : no
Plugin debugging enabled : no
Paranoia level : 1
Report verbosity : 1
Safe checks : yes
Optimize the test : no
Credentialed checks : no
Patch management checks : None
Display superseded patches : yes (supersedence plugin did not launch)
CGI scanning : disabled
Web application tests : disabled
Max hosts : 3
Max checks : 3
Recv timeout : 3
Backports : None
Allow post-scan editing : Yes
Nessus Plugin Signature Checking : Enabled
Audit File Signature Checking : Disabled
Scan Start Date : 2025/1/21 13:41 W. Central Africa Standard Time (UTC +01:00)
Scan duration : 2142 sec
Scan for malware : no
","","","","","","","","","None","","","","2005/08/26","2024/12/31","","",""
"10287","","","None","10.255.22.2","udp","0","Traceroute Information","It was possible to obtain traceroute information.","Makes a traceroute to the remote host.","n/a","","For your information, here is the traceroute from 10.99.105.72 to 10.255.22.2 : 
10.99.105.72

ttl was greater than 50 - Completing Traceroute.

10.99.105.126
?

Hop Count: 2

An error was detected along the way.

","","","","","","","","","None","","","","1999/11/27","2023/12/04","","",""
"19506","","","None","10.255.22.2","tcp","0","Nessus Scan Information","This plugin displays information about the Nessus scan.","This plugin displays, for each tested host, information about the
scan itself :

  - The version of the plugin set.
  - The type of scanner (Nessus or Nessus Home).
  - The version of the Nessus Engine.
  - The port scanner(s) used.
  - The port range scanned.
  - The ping round trip time 
  - Whether credentialed or third-party patch management
    checks are possible.
  - Whether the display of superseded patches is enabled
  - The date of the scan.
  - The duration of the scan.
  - The number of hosts scanned in parallel.
  - The number of checks done in parallel.","n/a","","Information about this scan : 

Nessus version : 10.8.3
Nessus build : 20010
Plugin feed version : 202501200722
Scanner edition used : Nessus
Scanner OS : WINDOWS
Scanner distribution : win-x86-64
Scan type : Normal
Scan name : Scan 8
Scan policy used : ControlCase Policy
Scanner IP : 10.99.105.72

WARNING : No port scanner was enabled during the scan. This may
lead to incomplete results.

Port range : 1-65535
Ping RTT : Unavailable
Thorough tests : no
Experimental tests : no
Scan for Unpatched Vulnerabilities : no
Plugin debugging enabled : no
Paranoia level : 1
Report verbosity : 1
Safe checks : yes
Optimize the test : no
Credentialed checks : no
Patch management checks : None
Display superseded patches : yes (supersedence plugin did not launch)
CGI scanning : disabled
Web application tests : disabled
Max hosts : 3
Max checks : 3
Recv timeout : 3
Backports : None
Allow post-scan editing : Yes
Nessus Plugin Signature Checking : Enabled
Audit File Signature Checking : Disabled
Scan Start Date : 2025/1/21 16:07 W. Central Africa Standard Time (UTC +01:00)
Scan duration : 2197 sec
Scan for malware : no
","","","","","","","","","None","","","","2005/08/26","2024/12/31","","",""
"10287","","","None","10.255.25.6","udp","0","Traceroute Information","It was possible to obtain traceroute information.","Makes a traceroute to the remote host.","n/a","","For your information, here is the traceroute from 10.99.105.72 to 10.255.25.6 : 
10.99.105.72

ttl was greater than 50 - Completing Traceroute.

10.99.105.126
?

Hop Count: 2

An error was detected along the way.

","","","","","","","","","None","","","","1999/11/27","2023/12/04","","",""
"19506","","","None","10.255.25.6","tcp","0","Nessus Scan Information","This plugin displays information about the Nessus scan.","This plugin displays, for each tested host, information about the
scan itself :

  - The version of the plugin set.
  - The type of scanner (Nessus or Nessus Home).
  - The version of the Nessus Engine.
  - The port scanner(s) used.
  - The port range scanned.
  - The ping round trip time 
  - Whether credentialed or third-party patch management
    checks are possible.
  - Whether the display of superseded patches is enabled
  - The date of the scan.
  - The duration of the scan.
  - The number of hosts scanned in parallel.
  - The number of checks done in parallel.","n/a","","Information about this scan : 

Nessus version : 10.8.3
Nessus build : 20010
Plugin feed version : 202501200722
Scanner edition used : Nessus
Scanner OS : WINDOWS
Scanner distribution : win-x86-64
Scan type : Normal
Scan name : Scan 8
Scan policy used : ControlCase Policy
Scanner IP : 10.99.105.72

WARNING : No port scanner was enabled during the scan. This may
lead to incomplete results.

Port range : 1-65535
Ping RTT : Unavailable
Thorough tests : no
Experimental tests : no
Scan for Unpatched Vulnerabilities : no
Plugin debugging enabled : no
Paranoia level : 1
Report verbosity : 1
Safe checks : yes
Optimize the test : no
Credentialed checks : no
Patch management checks : None
Display superseded patches : yes (supersedence plugin did not launch)
CGI scanning : disabled
Web application tests : disabled
Max hosts : 3
Max checks : 3
Recv timeout : 3
Backports : None
Allow post-scan editing : Yes
Nessus Plugin Signature Checking : Enabled
Audit File Signature Checking : Disabled
Scan Start Date : 2025/1/21 14:16 W. Central Africa Standard Time (UTC +01:00)
Scan duration : 2150 sec
Scan for malware : no
","","","","","","","","","None","","","","2005/08/26","2024/12/31","","",""
"10287","","","None","10.255.29.2","udp","0","Traceroute Information","It was possible to obtain traceroute information.","Makes a traceroute to the remote host.","n/a","","For your information, here is the traceroute from 10.99.105.72 to 10.255.29.2 : 
10.99.105.72

ttl was greater than 50 - Completing Traceroute.

10.99.105.126
?

Hop Count: 2

An error was detected along the way.

","","","","","","","","","None","","","","1999/11/27","2023/12/04","","",""
"19506","","","None","10.255.29.2","tcp","0","Nessus Scan Information","This plugin displays information about the Nessus scan.","This plugin displays, for each tested host, information about the
scan itself :

  - The version of the plugin set.
  - The type of scanner (Nessus or Nessus Home).
  - The version of the Nessus Engine.
  - The port scanner(s) used.
  - The port range scanned.
  - The ping round trip time 
  - Whether credentialed or third-party patch management
    checks are possible.
  - Whether the display of superseded patches is enabled
  - The date of the scan.
  - The duration of the scan.
  - The number of hosts scanned in parallel.
  - The number of checks done in parallel.","n/a","","Information about this scan : 

Nessus version : 10.8.3
Nessus build : 20010
Plugin feed version : 202501200722
Scanner edition used : Nessus
Scanner OS : WINDOWS
Scanner distribution : win-x86-64
Scan type : Normal
Scan name : Scan 8
Scan policy used : ControlCase Policy
Scanner IP : 10.99.105.72

WARNING : No port scanner was enabled during the scan. This may
lead to incomplete results.

Port range : 1-65535
Ping RTT : Unavailable
Thorough tests : no
Experimental tests : no
Scan for Unpatched Vulnerabilities : no
Plugin debugging enabled : no
Paranoia level : 1
Report verbosity : 1
Safe checks : yes
Optimize the test : no
Credentialed checks : no
Patch management checks : None
Display superseded patches : yes (supersedence plugin did not launch)
CGI scanning : disabled
Web application tests : disabled
Max hosts : 3
Max checks : 3
Recv timeout : 3
Backports : None
Allow post-scan editing : Yes
Nessus Plugin Signature Checking : Enabled
Audit File Signature Checking : Disabled
Scan Start Date : 2025/1/21 16:09 W. Central Africa Standard Time (UTC +01:00)
Scan duration : 2248 sec
Scan for malware : no
","","","","","","","","","None","","","","2005/08/26","2024/12/31","","",""
"10287","","","None","10.255.31.2","udp","0","Traceroute Information","It was possible to obtain traceroute information.","Makes a traceroute to the remote host.","n/a","","For your information, here is the traceroute from 10.99.105.72 to 10.255.31.2 : 
10.99.105.72

ttl was greater than 50 - Completing Traceroute.

10.99.105.126
?

Hop Count: 2

An error was detected along the way.

","","","","","","","","","None","","","","1999/11/27","2023/12/04","","",""
"19506","","","None","10.255.31.2","tcp","0","Nessus Scan Information","This plugin displays information about the Nessus scan.","This plugin displays, for each tested host, information about the
scan itself :

  - The version of the plugin set.
  - The type of scanner (Nessus or Nessus Home).
  - The version of the Nessus Engine.
  - The port scanner(s) used.
  - The port range scanned.
  - The ping round trip time 
  - Whether credentialed or third-party patch management
    checks are possible.
  - Whether the display of superseded patches is enabled
  - The date of the scan.
  - The duration of the scan.
  - The number of hosts scanned in parallel.
  - The number of checks done in parallel.","n/a","","Information about this scan : 

Nessus version : 10.8.3
Nessus build : 20010
Plugin feed version : 202501200722
Scanner edition used : Nessus
Scanner OS : WINDOWS
Scanner distribution : win-x86-64
Scan type : Normal
Scan name : Scan 8
Scan policy used : ControlCase Policy
Scanner IP : 10.99.105.72

WARNING : No port scanner was enabled during the scan. This may
lead to incomplete results.

Port range : 1-65535
Ping RTT : Unavailable
Thorough tests : no
Experimental tests : no
Scan for Unpatched Vulnerabilities : no
Plugin debugging enabled : no
Paranoia level : 1
Report verbosity : 1
Safe checks : yes
Optimize the test : no
Credentialed checks : no
Patch management checks : None
Display superseded patches : yes (supersedence plugin did not launch)
CGI scanning : disabled
Web application tests : disabled
Max hosts : 3
Max checks : 3
Recv timeout : 3
Backports : None
Allow post-scan editing : Yes
Nessus Plugin Signature Checking : Enabled
Audit File Signature Checking : Disabled
Scan Start Date : 2025/1/21 14:17 W. Central Africa Standard Time (UTC +01:00)
Scan duration : 2193 sec
Scan for malware : no
","","","","","","","","","None","","","","2005/08/26","2024/12/31","","",""
"10287","","","None","10.255.32.2","udp","0","Traceroute Information","It was possible to obtain traceroute information.","Makes a traceroute to the remote host.","n/a","","For your information, here is the traceroute from 10.99.105.72 to 10.255.32.2 : 
10.99.105.72

ttl was greater than 50 - Completing Traceroute.

10.99.105.126
?

Hop Count: 2

An error was detected along the way.

","","","","","","","","","None","","","","1999/11/27","2023/12/04","","",""
"19506","","","None","10.255.32.2","tcp","0","Nessus Scan Information","This plugin displays information about the Nessus scan.","This plugin displays, for each tested host, information about the
scan itself :

  - The version of the plugin set.
  - The type of scanner (Nessus or Nessus Home).
  - The version of the Nessus Engine.
  - The port scanner(s) used.
  - The port range scanned.
  - The ping round trip time 
  - Whether credentialed or third-party patch management
    checks are possible.
  - Whether the display of superseded patches is enabled
  - The date of the scan.
  - The duration of the scan.
  - The number of hosts scanned in parallel.
  - The number of checks done in parallel.","n/a","","Information about this scan : 

Nessus version : 10.8.3
Nessus build : 20010
Plugin feed version : 202501200722
Scanner edition used : Nessus
Scanner OS : WINDOWS
Scanner distribution : win-x86-64
Scan type : Normal
Scan name : Scan 8
Scan policy used : ControlCase Policy
Scanner IP : 10.99.105.72

WARNING : No port scanner was enabled during the scan. This may
lead to incomplete results.

Port range : 1-65535
Ping RTT : Unavailable
Thorough tests : no
Experimental tests : no
Scan for Unpatched Vulnerabilities : no
Plugin debugging enabled : no
Paranoia level : 1
Report verbosity : 1
Safe checks : yes
Optimize the test : no
Credentialed checks : no
Patch management checks : None
Display superseded patches : yes (supersedence plugin did not launch)
CGI scanning : disabled
Web application tests : disabled
Max hosts : 3
Max checks : 3
Recv timeout : 3
Backports : None
Allow post-scan editing : Yes
Nessus Plugin Signature Checking : Enabled
Audit File Signature Checking : Disabled
Scan Start Date : 2025/1/21 16:47 W. Central Africa Standard Time (UTC +01:00)
Scan duration : 2282 sec
Scan for malware : no
","","","","","","","","","None","","","","2005/08/26","2024/12/31","","",""
"10287","","","None","10.255.33.2","udp","0","Traceroute Information","It was possible to obtain traceroute information.","Makes a traceroute to the remote host.","n/a","","For your information, here is the traceroute from 10.99.105.72 to 10.255.33.2 : 
10.99.105.72

ttl was greater than 50 - Completing Traceroute.

10.99.105.126
?

Hop Count: 2

An error was detected along the way.

","","","","","","","","","None","","","","1999/11/27","2023/12/04","","",""
"19506","","","None","10.255.33.2","tcp","0","Nessus Scan Information","This plugin displays information about the Nessus scan.","This plugin displays, for each tested host, information about the
scan itself :

  - The version of the plugin set.
  - The type of scanner (Nessus or Nessus Home).
  - The version of the Nessus Engine.
  - The port scanner(s) used.
  - The port range scanned.
  - The ping round trip time 
  - Whether credentialed or third-party patch management
    checks are possible.
  - Whether the display of superseded patches is enabled
  - The date of the scan.
  - The duration of the scan.
  - The number of hosts scanned in parallel.
  - The number of checks done in parallel.","n/a","","Information about this scan : 

Nessus version : 10.8.3
Nessus build : 20010
Plugin feed version : 202501200722
Scanner edition used : Nessus
Scanner OS : WINDOWS
Scanner distribution : win-x86-64
Scan type : Normal
Scan name : Scan 8
Scan policy used : ControlCase Policy
Scanner IP : 10.99.105.72

WARNING : No port scanner was enabled during the scan. This may
lead to incomplete results.

Port range : 1-65535
Ping RTT : Unavailable
Thorough tests : no
Experimental tests : no
Scan for Unpatched Vulnerabilities : no
Plugin debugging enabled : no
Paranoia level : 1
Report verbosity : 1
Safe checks : yes
Optimize the test : no
Credentialed checks : no
Patch management checks : None
Display superseded patches : yes (supersedence plugin did not launch)
CGI scanning : disabled
Web application tests : disabled
Max hosts : 3
Max checks : 3
Recv timeout : 3
Backports : None
Allow post-scan editing : Yes
Nessus Plugin Signature Checking : Enabled
Audit File Signature Checking : Disabled
Scan Start Date : 2025/1/21 14:54 W. Central Africa Standard Time (UTC +01:00)
Scan duration : 2127 sec
Scan for malware : no
","","","","","","","","","None","","","","2005/08/26","2024/12/31","","",""
"10287","","","None","10.255.34.2","udp","0","Traceroute Information","It was possible to obtain traceroute information.","Makes a traceroute to the remote host.","n/a","","For your information, here is the traceroute from 10.99.105.72 to 10.255.34.2 : 
10.99.105.72

ttl was greater than 50 - Completing Traceroute.

10.99.105.126
?

Hop Count: 2

An error was detected along the way.

","","","","","","","","","None","","","","1999/11/27","2023/12/04","","",""
"19506","","","None","10.255.34.2","tcp","0","Nessus Scan Information","This plugin displays information about the Nessus scan.","This plugin displays, for each tested host, information about the
scan itself :

  - The version of the plugin set.
  - The type of scanner (Nessus or Nessus Home).
  - The version of the Nessus Engine.
  - The port scanner(s) used.
  - The port range scanned.
  - The ping round trip time 
  - Whether credentialed or third-party patch management
    checks are possible.
  - Whether the display of superseded patches is enabled
  - The date of the scan.
  - The duration of the scan.
  - The number of hosts scanned in parallel.
  - The number of checks done in parallel.","n/a","","Information about this scan : 

Nessus version : 10.8.3
Nessus build : 20010
Plugin feed version : 202501200722
Scanner edition used : Nessus
Scanner OS : WINDOWS
Scanner distribution : win-x86-64
Scan type : Normal
Scan name : Scan 8
Scan policy used : ControlCase Policy
Scanner IP : 10.99.105.72

WARNING : No port scanner was enabled during the scan. This may
lead to incomplete results.

Port range : 1-65535
Ping RTT : Unavailable
Thorough tests : no
Experimental tests : no
Scan for Unpatched Vulnerabilities : no
Plugin debugging enabled : no
Paranoia level : 1
Report verbosity : 1
Safe checks : yes
Optimize the test : no
Credentialed checks : no
Patch management checks : None
Display superseded patches : yes (supersedence plugin did not launch)
CGI scanning : disabled
Web application tests : disabled
Max hosts : 3
Max checks : 3
Recv timeout : 3
Backports : None
Allow post-scan editing : Yes
Nessus Plugin Signature Checking : Enabled
Audit File Signature Checking : Disabled
Scan Start Date : 2025/1/21 17:20 W. Central Africa Standard Time (UTC +01:00)
Scan duration : 2168 sec
Scan for malware : no
","","","","","","","","","None","","","","2005/08/26","2024/12/31","","",""
