Plugin ID,CVE,CVSS v2.0 Base Score,Risk,Host,Protocol,Port,Name,Synopsis,Description,Solution,See Also,Plugin Output,STIG Severity,CVSS v4.0 Base Score,CVSS v4.0 Base+Threat Score,CVSS v3.0 Base Score,CVSS v2.0 Temporal Score,CVSS v3.0 Temporal Score,VPR Score,EPSS Score,Risk Factor,BID,XREF,MSKB,Plugin Publication Date,Plugin Modification Date,Metasploit,Core Impact,CANVAS
"10114","CVE-1999-0524","2.1","Low","10.50.0.35","icmp","0","ICMP Timestamp Request Remote Date Disclosure","It is possible to determine the exact time set on the remote host.","The remote host answers to an ICMP timestamp request.  This allows an
attacker to know the date that is set on the targeted machine, which
may assist an unauthenticated, remote attacker in defeating time-based
authentication protocols.

Timestamps returned from machines running Windows Vista / 7 / 2008 /
2008 R2 are deliberately incorrect, but usually within 1000 seconds of
the actual system time.","Filter out the ICMP timestamp requests (13), and the outgoing ICMP
timestamp replies (14).","","This host returns non-standard timestamps (high bit is set)
","","","","","","","2.2","0.8939","Low","","CWE:200","","1999/08/01","2024/10/07","","",""
"10267","","","None","10.50.0.35","tcp","22","SSH Server Type and Version Information","An SSH server is listening on this port.","It is possible to obtain information about the remote SSH server by
sending an empty authentication request.","n/a","","
SSH version : SSH-2.0-Cisco-1.25
SSH supported authentication : publickey,keyboard-interactive,password
","","","","","","","","","None","","IAVT:0001-T-0933","","1999/10/12","2024/07/24","","",""
"10287","","","None","10.50.0.35","udp","0","Traceroute Information","It was possible to obtain traceroute information.","Makes a traceroute to the remote host.","n/a","","For your information, here is the traceroute from 10.99.105.72 to 10.50.0.35 : 
10.99.105.72
10.99.105.126
10.99.105.72

Hop Count: 2
","","","","","","","","","None","","","","1999/11/27","2023/12/04","","",""
"11936","","","None","10.50.0.35","tcp","0","OS Identification","It is possible to guess the remote operating system.","Using a combination of remote probes (e.g., TCP/IP, SMB, HTTP, NTP,
SNMP, etc.), it is possible to guess the name of the remote operating
system in use. It is also possible sometimes to guess the version of
the operating system.","n/a","","
Remote operating system : CISCO IOS 15
CISCO IOS 12
Cisco IOS XE
CISCO PIX
Confidence level : 69
Method : SSH

 
The remote host is running one of these operating systems : 
CISCO IOS 15
CISCO IOS 12
Cisco IOS XE
CISCO PIX","","","","","","","","","None","","","","2003/12/09","2024/10/14","","",""
"19506","","","None","10.50.0.35","tcp","0","Nessus Scan Information","This plugin displays information about the Nessus scan.","This plugin displays, for each tested host, information about the
scan itself :

  - The version of the plugin set.
  - The type of scanner (Nessus or Nessus Home).
  - The version of the Nessus Engine.
  - The port scanner(s) used.
  - The port range scanned.
  - The ping round trip time 
  - Whether credentialed or third-party patch management
    checks are possible.
  - Whether the display of superseded patches is enabled
  - The date of the scan.
  - The duration of the scan.
  - The number of hosts scanned in parallel.
  - The number of checks done in parallel.","n/a","","Information about this scan : 

Nessus version : 10.8.3
Nessus build : 20010
Plugin feed version : 202501200722
Scanner edition used : Nessus
Scanner OS : WINDOWS
Scanner distribution : win-x86-64
Scan type : Normal
Scan name : Scan 16
Scan policy used : ControlCase Policy
Scanner IP : 10.99.105.72

WARNING : No port scanner was enabled during the scan. This may
lead to incomplete results.

Port range : 1-65535
Ping RTT : Unavailable
Thorough tests : no
Experimental tests : no
Scan for Unpatched Vulnerabilities : no
Plugin debugging enabled : no
Paranoia level : 1
Report verbosity : 1
Safe checks : yes
Optimize the test : no
Credentialed checks : no
Patch management checks : None
Display superseded patches : yes (supersedence plugin did not launch)
CGI scanning : disabled
Web application tests : disabled
Max hosts : 3
Max checks : 3
Recv timeout : 3
Backports : None
Allow post-scan editing : Yes
Nessus Plugin Signature Checking : Enabled
Audit File Signature Checking : Disabled
Scan Start Date : 2025/1/21 14:21 W. Central Africa Standard Time (UTC +01:00)
Scan duration : 2274 sec
Scan for malware : no
","","","","","","","","","None","","","","2005/08/26","2024/12/31","","",""
"45590","","","None","10.50.0.35","tcp","0","Common Platform Enumeration (CPE)","It was possible to enumerate CPE names that matched on the remote
system.","By using information obtained from a Nessus scan, this plugin reports
CPE (Common Platform Enumeration) matches for various hardware and
software products found on a host. 

Note that if an official CPE is not available for the product, this
plugin computes the best possible CPE based on the information
available from the scan.","n/a","http://cpe.mitre.org/
https://nvd.nist.gov/products/cpe","
The remote operating system matched the following CPE's : 

  cpe:/o:cisco:ios:12 -> Cisco IOS
  cpe:/o:cisco:ios:15 -> Cisco IOS
  cpe:/o:cisco:ios_xe -> Cisco iOS XE
  cpe:/o:cisco:pix_firewall -> Cisco PIX Firewall Software
","","","","","","","","","None","","","","2010/04/21","2025/01/15","","",""
"54615","","","None","10.50.0.35","tcp","0","Device Type","It is possible to guess the remote device type.","Based on the remote operating system, it is possible to determine
what the remote system type is (eg: a printer, router, general-purpose
computer, etc).","n/a","","Remote device type : router
Confidence level : 69
","","","","","","","","","None","","","","2011/05/23","2022/09/09","","",""
"110723","","","None","10.50.0.35","tcp","0","Target Credential Status by Authentication Protocol - No Credentials Provided","Nessus was able to find common ports used for local checks,
however, no credentials were provided in the scan policy.","Nessus was not able to successfully authenticate directly to the
remote target on an available authentication protocol. Nessus was
able to connect to the remote port and identify that the service
running on the port supports an authentication protocol, but Nessus
failed to authenticate to the remote service using the provided
credentials. There may have been a protocol failure that prevented
authentication from being attempted or all of the provided credentials
for the authentication protocol may be invalid. See plugin output for
error details.

Please note the following :

- This plugin reports per protocol, so it is possible for
  valid credentials to be provided for one protocol and not
  another. For example, authentication may succeed via SSH
  but fail via SMB, while no credentials were provided for
  an available SNMP service.

- Providing valid credentials for all available
  authentication protocols may improve scan coverage, but
  the value of successful authentication for a given
  protocol may vary from target to target depending upon
  what data (if any) is gathered from the target via that
  protocol. For example, successful authentication via SSH
  is more valuable for Linux targets than for Windows
  targets, and likewise successful authentication via SMB
  is more valuable for Windows targets than for Linux
  targets.","n/a","","SSH was detected on port 22 but no credentials were provided.
SSH local checks were not enabled.

","","","","","","","","","None","","IAVB:0001-B-0504","","2018/06/27","2024/04/19","","",""
"117886","","","None","10.50.0.35","tcp","0","OS Security Patch Assessment Not Available","OS Security Patch Assessment is not available.","OS Security Patch Assessment is not available on the remote host.
This does not necessarily indicate a problem with the scan.
Credentials may not have been provided, OS security patch assessment
may not be supported for the target, the target may not have been
identified, or another issue may have occurred that prevented OS
security patch assessment from being available. See plugin output for
details.

This plugin reports non-failure information impacting the availability
of OS Security Patch Assessment. Failure information is reported by
plugin 21745 : 'OS Security Patch Assessment failed'.  If a target
host is not supported for OS Security Patch Assessment, plugin
110695 : 'OS Security Patch Assessment Checks Not Supported' will
report concurrently with this plugin.","n/a","","
The following issues were reported :

  - Plugin      : no_local_checks_credentials.nasl
    Plugin ID   : 110723
    Plugin Name : Target Credential Status by Authentication Protocol - No Credentials Provided
    Message     : 
Credentials were not provided for detected SSH service.
","","","","","","","","","None","","IAVB:0001-B-0515","","2018/10/02","2021/07/12","","",""
"135860","","","None","10.50.0.35","tcp","445","WMI Not Available","WMI queries could not be made against the remote host.","WMI (Windows Management Instrumentation) is not available on the
remote host over DCOM. WMI queries are used to gather information
about the remote host, such as its current state, network interface
configuration, etc.

Without this information Nessus may not be able to identify installed
software or security vunerabilities that exist on the remote host.","n/a","https://docs.microsoft.com/en-us/windows/win32/wmisdk/wmi-start-page","Can't connect to the 'root\CIMV2' WMI namespace.","","","","","","","","","None","","","","2020/04/21","2025/01/15","","",""
"149334","","","None","10.50.0.35","tcp","22","SSH Password Authentication Accepted","The SSH server on the remote host accepts password authentication.","The SSH server on the remote host accepts password authentication.","n/a","https://tools.ietf.org/html/rfc4252#section-8","","","","","","","","","","None","","","","2021/05/07","2021/05/07","","",""
"185519","","","None","10.50.0.35","udp","161","SNMP Server Detection","An SNMP server is listening on the remote host.","The remote service is an SNMP agent which provides management data about the device.","Disable this service if it is not needed or restrict access to
internal hosts only if the service is available externally.","https://en.wikipedia.org/wiki/Simple_Network_Management_Protocol","Nessus detected the following SNMP versions:
  - SNMPv3

","","","","","","","","","None","","","","2023/11/14","2023/11/14","","",""
"10287","","","None","10.50.0.36","udp","0","Traceroute Information","It was possible to obtain traceroute information.","Makes a traceroute to the remote host.","n/a","","For your information, here is the traceroute from 10.99.105.72 to 10.50.0.36 : 
10.99.105.72
10.99.105.126

Hop Count: 1
","","","","","","","","","None","","","","1999/11/27","2023/12/04","","",""
"19506","","","None","10.50.0.36","tcp","0","Nessus Scan Information","This plugin displays information about the Nessus scan.","This plugin displays, for each tested host, information about the
scan itself :

  - The version of the plugin set.
  - The type of scanner (Nessus or Nessus Home).
  - The version of the Nessus Engine.
  - The port scanner(s) used.
  - The port range scanned.
  - The ping round trip time 
  - Whether credentialed or third-party patch management
    checks are possible.
  - Whether the display of superseded patches is enabled
  - The date of the scan.
  - The duration of the scan.
  - The number of hosts scanned in parallel.
  - The number of checks done in parallel.","n/a","","Information about this scan : 

Nessus version : 10.8.3
Nessus build : 20010
Plugin feed version : 202501200722
Scanner edition used : Nessus
Scanner OS : WINDOWS
Scanner distribution : win-x86-64
Scan type : Normal
Scan name : Scan 16
Scan policy used : ControlCase Policy
Scanner IP : 10.99.105.72

WARNING : No port scanner was enabled during the scan. This may
lead to incomplete results.

Port range : 1-65535
Ping RTT : Unavailable
Thorough tests : no
Experimental tests : no
Scan for Unpatched Vulnerabilities : no
Plugin debugging enabled : no
Paranoia level : 1
Report verbosity : 1
Safe checks : yes
Optimize the test : no
Credentialed checks : no
Patch management checks : None
Display superseded patches : yes (supersedence plugin did not launch)
CGI scanning : disabled
Web application tests : disabled
Max hosts : 3
Max checks : 3
Recv timeout : 3
Backports : None
Allow post-scan editing : Yes
Nessus Plugin Signature Checking : Enabled
Audit File Signature Checking : Disabled
Scan Start Date : 2025/1/21 13:46 W. Central Africa Standard Time (UTC +01:00)
Scan duration : 2174 sec
Scan for malware : no
","","","","","","","","","None","","","","2005/08/26","2024/12/31","","",""
"10287","","","None","10.50.0.37","udp","0","Traceroute Information","It was possible to obtain traceroute information.","Makes a traceroute to the remote host.","n/a","","For your information, here is the traceroute from 10.99.105.72 to 10.50.0.37 : 
10.99.105.72
10.99.105.126

Hop Count: 1
","","","","","","","","","None","","","","1999/11/27","2023/12/04","","",""
"19506","","","None","10.50.0.37","tcp","0","Nessus Scan Information","This plugin displays information about the Nessus scan.","This plugin displays, for each tested host, information about the
scan itself :

  - The version of the plugin set.
  - The type of scanner (Nessus or Nessus Home).
  - The version of the Nessus Engine.
  - The port scanner(s) used.
  - The port range scanned.
  - The ping round trip time 
  - Whether credentialed or third-party patch management
    checks are possible.
  - Whether the display of superseded patches is enabled
  - The date of the scan.
  - The duration of the scan.
  - The number of hosts scanned in parallel.
  - The number of checks done in parallel.","n/a","","Information about this scan : 

Nessus version : 10.8.3
Nessus build : 20010
Plugin feed version : 202501200722
Scanner edition used : Nessus
Scanner OS : WINDOWS
Scanner distribution : win-x86-64
Scan type : Normal
Scan name : Scan 16
Scan policy used : ControlCase Policy
Scanner IP : 10.99.105.72

WARNING : No port scanner was enabled during the scan. This may
lead to incomplete results.

Port range : 1-65535
Ping RTT : Unavailable
Thorough tests : no
Experimental tests : no
Scan for Unpatched Vulnerabilities : no
Plugin debugging enabled : no
Paranoia level : 1
Report verbosity : 1
Safe checks : yes
Optimize the test : no
Credentialed checks : no
Patch management checks : None
Display superseded patches : yes (supersedence plugin did not launch)
CGI scanning : disabled
Web application tests : disabled
Max hosts : 3
Max checks : 3
Recv timeout : 3
Backports : None
Allow post-scan editing : Yes
Nessus Plugin Signature Checking : Enabled
Audit File Signature Checking : Disabled
Scan Start Date : 2025/1/21 13:46 W. Central Africa Standard Time (UTC +01:00)
Scan duration : 2054 sec
Scan for malware : no
","","","","","","","","","None","","","","2005/08/26","2024/12/31","","",""
"10114","CVE-1999-0524","2.1","Low","10.50.0.38","icmp","0","ICMP Timestamp Request Remote Date Disclosure","It is possible to determine the exact time set on the remote host.","The remote host answers to an ICMP timestamp request.  This allows an
attacker to know the date that is set on the targeted machine, which
may assist an unauthenticated, remote attacker in defeating time-based
authentication protocols.

Timestamps returned from machines running Windows Vista / 7 / 2008 /
2008 R2 are deliberately incorrect, but usually within 1000 seconds of
the actual system time.","Filter out the ICMP timestamp requests (13), and the outgoing ICMP
timestamp replies (14).","","","","","","","","","2.2","0.8939","Low","","CWE:200","","1999/08/01","2024/10/07","","",""
"10287","","","None","10.50.0.38","udp","0","Traceroute Information","It was possible to obtain traceroute information.","Makes a traceroute to the remote host.","n/a","","For your information, here is the traceroute from 10.99.105.72 to 10.50.0.38 : 
10.99.105.72
10.99.105.126

Hop Count: 1
","","","","","","","","","None","","","","1999/11/27","2023/12/04","","",""
"19506","","","None","10.50.0.38","tcp","0","Nessus Scan Information","This plugin displays information about the Nessus scan.","This plugin displays, for each tested host, information about the
scan itself :

  - The version of the plugin set.
  - The type of scanner (Nessus or Nessus Home).
  - The version of the Nessus Engine.
  - The port scanner(s) used.
  - The port range scanned.
  - The ping round trip time 
  - Whether credentialed or third-party patch management
    checks are possible.
  - Whether the display of superseded patches is enabled
  - The date of the scan.
  - The duration of the scan.
  - The number of hosts scanned in parallel.
  - The number of checks done in parallel.","n/a","","Information about this scan : 

Nessus version : 10.8.3
Nessus build : 20010
Plugin feed version : 202501200722
Scanner edition used : Nessus
Scanner OS : WINDOWS
Scanner distribution : win-x86-64
Scan type : Normal
Scan name : Scan 16
Scan policy used : ControlCase Policy
Scanner IP : 10.99.105.72

WARNING : No port scanner was enabled during the scan. This may
lead to incomplete results.

Port range : 1-65535
Ping RTT : Unavailable
Thorough tests : no
Experimental tests : no
Scan for Unpatched Vulnerabilities : no
Plugin debugging enabled : no
Paranoia level : 1
Report verbosity : 1
Safe checks : yes
Optimize the test : no
Credentialed checks : no
Patch management checks : None
Display superseded patches : yes (supersedence plugin did not launch)
CGI scanning : disabled
Web application tests : disabled
Max hosts : 3
Max checks : 3
Recv timeout : 3
Backports : None
Allow post-scan editing : Yes
Nessus Plugin Signature Checking : Enabled
Audit File Signature Checking : Disabled
Scan Start Date : 2025/1/21 13:46 W. Central Africa Standard Time (UTC +01:00)
Scan duration : 2104 sec
Scan for malware : no
","","","","","","","","","None","","","","2005/08/26","2024/12/31","","",""
"10287","","","None","10.50.0.55","udp","0","Traceroute Information","It was possible to obtain traceroute information.","Makes a traceroute to the remote host.","n/a","","For your information, here is the traceroute from 10.99.105.72 to 10.50.0.55 : 
10.99.105.72
10.99.105.126

Hop Count: 1
","","","","","","","","","None","","","","1999/11/27","2023/12/04","","",""
"19506","","","None","10.50.0.55","tcp","0","Nessus Scan Information","This plugin displays information about the Nessus scan.","This plugin displays, for each tested host, information about the
scan itself :

  - The version of the plugin set.
  - The type of scanner (Nessus or Nessus Home).
  - The version of the Nessus Engine.
  - The port scanner(s) used.
  - The port range scanned.
  - The ping round trip time 
  - Whether credentialed or third-party patch management
    checks are possible.
  - Whether the display of superseded patches is enabled
  - The date of the scan.
  - The duration of the scan.
  - The number of hosts scanned in parallel.
  - The number of checks done in parallel.","n/a","","Information about this scan : 

Nessus version : 10.8.3
Nessus build : 20010
Plugin feed version : 202501200722
Scanner edition used : Nessus
Scanner OS : WINDOWS
Scanner distribution : win-x86-64
Scan type : Normal
Scan name : Scan 16
Scan policy used : ControlCase Policy
Scanner IP : 10.99.105.72

WARNING : No port scanner was enabled during the scan. This may
lead to incomplete results.

Port range : 1-65535
Ping RTT : Unavailable
Thorough tests : no
Experimental tests : no
Scan for Unpatched Vulnerabilities : no
Plugin debugging enabled : no
Paranoia level : 1
Report verbosity : 1
Safe checks : yes
Optimize the test : no
Credentialed checks : no
Patch management checks : None
Display superseded patches : yes (supersedence plugin did not launch)
CGI scanning : disabled
Web application tests : disabled
Max hosts : 3
Max checks : 3
Recv timeout : 3
Backports : None
Allow post-scan editing : Yes
Nessus Plugin Signature Checking : Enabled
Audit File Signature Checking : Disabled
Scan Start Date : 2025/1/21 16:13 W. Central Africa Standard Time (UTC +01:00)
Scan duration : 2193 sec
Scan for malware : no
","","","","","","","","","None","","","","2005/08/26","2024/12/31","","",""
"10287","","","None","10.50.0.56","udp","0","Traceroute Information","It was possible to obtain traceroute information.","Makes a traceroute to the remote host.","n/a","","For your information, here is the traceroute from 10.99.105.72 to 10.50.0.56 : 
10.99.105.72
10.99.105.126

Hop Count: 1
","","","","","","","","","None","","","","1999/11/27","2023/12/04","","",""
"19506","","","None","10.50.0.56","tcp","0","Nessus Scan Information","This plugin displays information about the Nessus scan.","This plugin displays, for each tested host, information about the
scan itself :

  - The version of the plugin set.
  - The type of scanner (Nessus or Nessus Home).
  - The version of the Nessus Engine.
  - The port scanner(s) used.
  - The port range scanned.
  - The ping round trip time 
  - Whether credentialed or third-party patch management
    checks are possible.
  - Whether the display of superseded patches is enabled
  - The date of the scan.
  - The duration of the scan.
  - The number of hosts scanned in parallel.
  - The number of checks done in parallel.","n/a","","Information about this scan : 

Nessus version : 10.8.3
Nessus build : 20010
Plugin feed version : 202501200722
Scanner edition used : Nessus
Scanner OS : WINDOWS
Scanner distribution : win-x86-64
Scan type : Normal
Scan name : Scan 16
Scan policy used : ControlCase Policy
Scanner IP : 10.99.105.72

WARNING : No port scanner was enabled during the scan. This may
lead to incomplete results.

Port range : 1-65535
Ping RTT : Unavailable
Thorough tests : no
Experimental tests : no
Scan for Unpatched Vulnerabilities : no
Plugin debugging enabled : no
Paranoia level : 1
Report verbosity : 1
Safe checks : yes
Optimize the test : no
Credentialed checks : no
Patch management checks : None
Display superseded patches : yes (supersedence plugin did not launch)
CGI scanning : disabled
Web application tests : disabled
Max hosts : 3
Max checks : 3
Recv timeout : 3
Backports : None
Allow post-scan editing : Yes
Nessus Plugin Signature Checking : Enabled
Audit File Signature Checking : Disabled
Scan Start Date : 2025/1/21 16:12 W. Central Africa Standard Time (UTC +01:00)
Scan duration : 2082 sec
Scan for malware : no
","","","","","","","","","None","","","","2005/08/26","2024/12/31","","",""
"10114","CVE-1999-0524","2.1","Low","10.50.0.58","icmp","0","ICMP Timestamp Request Remote Date Disclosure","It is possible to determine the exact time set on the remote host.","The remote host answers to an ICMP timestamp request.  This allows an
attacker to know the date that is set on the targeted machine, which
may assist an unauthenticated, remote attacker in defeating time-based
authentication protocols.

Timestamps returned from machines running Windows Vista / 7 / 2008 /
2008 R2 are deliberately incorrect, but usually within 1000 seconds of
the actual system time.","Filter out the ICMP timestamp requests (13), and the outgoing ICMP
timestamp replies (14).","","","","","","","","","2.2","0.8939","Low","","CWE:200","","1999/08/01","2024/10/07","","",""
"10287","","","None","10.50.0.58","udp","0","Traceroute Information","It was possible to obtain traceroute information.","Makes a traceroute to the remote host.","n/a","","For your information, here is the traceroute from 10.99.105.72 to 10.50.0.58 : 
10.99.105.72
10.99.105.126

Hop Count: 1
","","","","","","","","","None","","","","1999/11/27","2023/12/04","","",""
"19506","","","None","10.50.0.58","tcp","0","Nessus Scan Information","This plugin displays information about the Nessus scan.","This plugin displays, for each tested host, information about the
scan itself :

  - The version of the plugin set.
  - The type of scanner (Nessus or Nessus Home).
  - The version of the Nessus Engine.
  - The port scanner(s) used.
  - The port range scanned.
  - The ping round trip time 
  - Whether credentialed or third-party patch management
    checks are possible.
  - Whether the display of superseded patches is enabled
  - The date of the scan.
  - The duration of the scan.
  - The number of hosts scanned in parallel.
  - The number of checks done in parallel.","n/a","","Information about this scan : 

Nessus version : 10.8.3
Nessus build : 20010
Plugin feed version : 202501200722
Scanner edition used : Nessus
Scanner OS : WINDOWS
Scanner distribution : win-x86-64
Scan type : Normal
Scan name : Scan 16
Scan policy used : ControlCase Policy
Scanner IP : 10.99.105.72

WARNING : No port scanner was enabled during the scan. This may
lead to incomplete results.

Port range : 1-65535
Ping RTT : Unavailable
Thorough tests : no
Experimental tests : no
Scan for Unpatched Vulnerabilities : no
Plugin debugging enabled : no
Paranoia level : 1
Report verbosity : 1
Safe checks : yes
Optimize the test : no
Credentialed checks : no
Patch management checks : None
Display superseded patches : yes (supersedence plugin did not launch)
CGI scanning : disabled
Web application tests : disabled
Max hosts : 3
Max checks : 3
Recv timeout : 3
Backports : None
Allow post-scan editing : Yes
Nessus Plugin Signature Checking : Enabled
Audit File Signature Checking : Disabled
Scan Start Date : 2025/1/21 15:37 W. Central Africa Standard Time (UTC +01:00)
Scan duration : 2154 sec
Scan for malware : no
","","","","","","","","","None","","","","2005/08/26","2024/12/31","","",""
"10114","CVE-1999-0524","2.1","Low","10.50.0.62","icmp","0","ICMP Timestamp Request Remote Date Disclosure","It is possible to determine the exact time set on the remote host.","The remote host answers to an ICMP timestamp request.  This allows an
attacker to know the date that is set on the targeted machine, which
may assist an unauthenticated, remote attacker in defeating time-based
authentication protocols.

Timestamps returned from machines running Windows Vista / 7 / 2008 /
2008 R2 are deliberately incorrect, but usually within 1000 seconds of
the actual system time.","Filter out the ICMP timestamp requests (13), and the outgoing ICMP
timestamp replies (14).","","","","","","","","","2.2","0.8939","Low","","CWE:200","","1999/08/01","2024/10/07","","",""
"10287","","","None","10.50.0.62","udp","0","Traceroute Information","It was possible to obtain traceroute information.","Makes a traceroute to the remote host.","n/a","","For your information, here is the traceroute from 10.99.105.72 to 10.50.0.62 : 
10.99.105.72
10.99.105.126

Hop Count: 1
","","","","","","","","","None","","","","1999/11/27","2023/12/04","","",""
"19506","","","None","10.50.0.62","tcp","0","Nessus Scan Information","This plugin displays information about the Nessus scan.","This plugin displays, for each tested host, information about the
scan itself :

  - The version of the plugin set.
  - The type of scanner (Nessus or Nessus Home).
  - The version of the Nessus Engine.
  - The port scanner(s) used.
  - The port range scanned.
  - The ping round trip time 
  - Whether credentialed or third-party patch management
    checks are possible.
  - Whether the display of superseded patches is enabled
  - The date of the scan.
  - The duration of the scan.
  - The number of hosts scanned in parallel.
  - The number of checks done in parallel.","n/a","","Information about this scan : 

Nessus version : 10.8.3
Nessus build : 20010
Plugin feed version : 202501200722
Scanner edition used : Nessus
Scanner OS : WINDOWS
Scanner distribution : win-x86-64
Scan type : Normal
Scan name : Scan 16
Scan policy used : ControlCase Policy
Scanner IP : 10.99.105.72

WARNING : No port scanner was enabled during the scan. This may
lead to incomplete results.

Port range : 1-65535
Ping RTT : Unavailable
Thorough tests : no
Experimental tests : no
Scan for Unpatched Vulnerabilities : no
Plugin debugging enabled : no
Paranoia level : 1
Report verbosity : 1
Safe checks : yes
Optimize the test : no
Credentialed checks : no
Patch management checks : None
Display superseded patches : yes (supersedence plugin did not launch)
CGI scanning : disabled
Web application tests : disabled
Max hosts : 3
Max checks : 3
Recv timeout : 3
Backports : None
Allow post-scan editing : Yes
Nessus Plugin Signature Checking : Enabled
Audit File Signature Checking : Disabled
Scan Start Date : 2025/1/21 14:59 W. Central Africa Standard Time (UTC +01:00)
Scan duration : 2190 sec
Scan for malware : no
","","","","","","","","","None","","","","2005/08/26","2024/12/31","","",""
"135860","","","None","10.50.0.62","tcp","445","WMI Not Available","WMI queries could not be made against the remote host.","WMI (Windows Management Instrumentation) is not available on the
remote host over DCOM. WMI queries are used to gather information
about the remote host, such as its current state, network interface
configuration, etc.

Without this information Nessus may not be able to identify installed
software or security vunerabilities that exist on the remote host.","n/a","https://docs.microsoft.com/en-us/windows/win32/wmisdk/wmi-start-page","Can't connect to the 'root\CIMV2' WMI namespace.","","","","","","","","","None","","","","2020/04/21","2025/01/15","","",""
"10287","","","None","10.50.0.63","udp","0","Traceroute Information","It was possible to obtain traceroute information.","Makes a traceroute to the remote host.","n/a","","For your information, here is the traceroute from 10.99.105.72 to 10.50.0.63 : 
10.99.105.72
10.99.105.126

Hop Count: 1
","","","","","","","","","None","","","","1999/11/27","2023/12/04","","",""
"19506","","","None","10.50.0.63","tcp","0","Nessus Scan Information","This plugin displays information about the Nessus scan.","This plugin displays, for each tested host, information about the
scan itself :

  - The version of the plugin set.
  - The type of scanner (Nessus or Nessus Home).
  - The version of the Nessus Engine.
  - The port scanner(s) used.
  - The port range scanned.
  - The ping round trip time 
  - Whether credentialed or third-party patch management
    checks are possible.
  - Whether the display of superseded patches is enabled
  - The date of the scan.
  - The duration of the scan.
  - The number of hosts scanned in parallel.
  - The number of checks done in parallel.","n/a","","Information about this scan : 

Nessus version : 10.8.3
Nessus build : 20010
Plugin feed version : 202501200722
Scanner edition used : Nessus
Scanner OS : WINDOWS
Scanner distribution : win-x86-64
Scan type : Normal
Scan name : Scan 16
Scan policy used : ControlCase Policy
Scanner IP : 10.99.105.72

WARNING : No port scanner was enabled during the scan. This may
lead to incomplete results.

Port range : 1-65535
Ping RTT : Unavailable
Thorough tests : no
Experimental tests : no
Scan for Unpatched Vulnerabilities : no
Plugin debugging enabled : no
Paranoia level : 1
Report verbosity : 1
Safe checks : yes
Optimize the test : no
Credentialed checks : no
Patch management checks : None
Display superseded patches : yes (supersedence plugin did not launch)
CGI scanning : disabled
Web application tests : disabled
Max hosts : 3
Max checks : 3
Recv timeout : 3
Backports : None
Allow post-scan editing : Yes
Nessus Plugin Signature Checking : Enabled
Audit File Signature Checking : Disabled
Scan Start Date : 2025/1/21 14:57 W. Central Africa Standard Time (UTC +01:00)
Scan duration : 2300 sec
Scan for malware : no
","","","","","","","","","None","","","","2005/08/26","2024/12/31","","",""
"10287","","","None","10.50.0.76","udp","0","Traceroute Information","It was possible to obtain traceroute information.","Makes a traceroute to the remote host.","n/a","","For your information, here is the traceroute from 10.99.105.72 to 10.50.0.76 : 
10.99.105.72
10.99.105.126

Hop Count: 1
","","","","","","","","","None","","","","1999/11/27","2023/12/04","","",""
"19506","","","None","10.50.0.76","tcp","0","Nessus Scan Information","This plugin displays information about the Nessus scan.","This plugin displays, for each tested host, information about the
scan itself :

  - The version of the plugin set.
  - The type of scanner (Nessus or Nessus Home).
  - The version of the Nessus Engine.
  - The port scanner(s) used.
  - The port range scanned.
  - The ping round trip time 
  - Whether credentialed or third-party patch management
    checks are possible.
  - Whether the display of superseded patches is enabled
  - The date of the scan.
  - The duration of the scan.
  - The number of hosts scanned in parallel.
  - The number of checks done in parallel.","n/a","","Information about this scan : 

Nessus version : 10.8.3
Nessus build : 20010
Plugin feed version : 202501200722
Scanner edition used : Nessus
Scanner OS : WINDOWS
Scanner distribution : win-x86-64
Scan type : Normal
Scan name : Scan 16
Scan policy used : ControlCase Policy
Scanner IP : 10.99.105.72

WARNING : No port scanner was enabled during the scan. This may
lead to incomplete results.

Port range : 1-65535
Ping RTT : Unavailable
Thorough tests : no
Experimental tests : no
Scan for Unpatched Vulnerabilities : no
Plugin debugging enabled : no
Paranoia level : 1
Report verbosity : 1
Safe checks : yes
Optimize the test : no
Credentialed checks : no
Patch management checks : None
Display superseded patches : yes (supersedence plugin did not launch)
CGI scanning : disabled
Web application tests : disabled
Max hosts : 3
Max checks : 3
Recv timeout : 3
Backports : None
Allow post-scan editing : Yes
Nessus Plugin Signature Checking : Enabled
Audit File Signature Checking : Disabled
Scan Start Date : 2025/1/21 14:22 W. Central Africa Standard Time (UTC +01:00)
Scan duration : 2111 sec
Scan for malware : no
","","","","","","","","","None","","","","2005/08/26","2024/12/31","","",""
"10287","","","None","10.50.36.2","udp","0","Traceroute Information","It was possible to obtain traceroute information.","Makes a traceroute to the remote host.","n/a","","For your information, here is the traceroute from 10.99.105.72 to 10.50.36.2 : 
10.99.105.72

ttl was greater than 50 - Completing Traceroute.

10.99.105.126
?

Hop Count: 2

An error was detected along the way.

","","","","","","","","","None","","","","1999/11/27","2023/12/04","","",""
"19506","","","None","10.50.36.2","tcp","0","Nessus Scan Information","This plugin displays information about the Nessus scan.","This plugin displays, for each tested host, information about the
scan itself :

  - The version of the plugin set.
  - The type of scanner (Nessus or Nessus Home).
  - The version of the Nessus Engine.
  - The port scanner(s) used.
  - The port range scanned.
  - The ping round trip time 
  - Whether credentialed or third-party patch management
    checks are possible.
  - Whether the display of superseded patches is enabled
  - The date of the scan.
  - The duration of the scan.
  - The number of hosts scanned in parallel.
  - The number of checks done in parallel.","n/a","","Information about this scan : 

Nessus version : 10.8.3
Nessus build : 20010
Plugin feed version : 202501200722
Scanner edition used : Nessus
Scanner OS : WINDOWS
Scanner distribution : win-x86-64
Scan type : Normal
Scan name : Scan 16
Scan policy used : ControlCase Policy
Scanner IP : 10.99.105.72

WARNING : No port scanner was enabled during the scan. This may
lead to incomplete results.

Port range : 1-65535
Ping RTT : Unavailable
Thorough tests : no
Experimental tests : no
Scan for Unpatched Vulnerabilities : no
Plugin debugging enabled : no
Paranoia level : 1
Report verbosity : 1
Safe checks : yes
Optimize the test : no
Credentialed checks : no
Patch management checks : None
Display superseded patches : yes (supersedence plugin did not launch)
CGI scanning : disabled
Web application tests : disabled
Max hosts : 3
Max checks : 3
Recv timeout : 3
Backports : None
Allow post-scan editing : Yes
Nessus Plugin Signature Checking : Enabled
Audit File Signature Checking : Disabled
Scan Start Date : 2025/1/21 17:27 W. Central Africa Standard Time (UTC +01:00)
Scan duration : 2337 sec
Scan for malware : no
","","","","","","","","","None","","","","2005/08/26","2024/12/31","","",""
"135860","","","None","10.50.36.2","tcp","445","WMI Not Available","WMI queries could not be made against the remote host.","WMI (Windows Management Instrumentation) is not available on the
remote host over DCOM. WMI queries are used to gather information
about the remote host, such as its current state, network interface
configuration, etc.

Without this information Nessus may not be able to identify installed
software or security vunerabilities that exist on the remote host.","n/a","https://docs.microsoft.com/en-us/windows/win32/wmisdk/wmi-start-page","Can't connect to the 'root\CIMV2' WMI namespace.","","","","","","","","","None","","","","2020/04/21","2025/01/15","","",""
"10287","","","None","10.50.36.3","udp","0","Traceroute Information","It was possible to obtain traceroute information.","Makes a traceroute to the remote host.","n/a","","For your information, here is the traceroute from 10.99.105.72 to 10.50.36.3 : 
10.99.105.72

ttl was greater than 50 - Completing Traceroute.

10.99.105.126
?

Hop Count: 2

An error was detected along the way.

","","","","","","","","","None","","","","1999/11/27","2023/12/04","","",""
"19506","","","None","10.50.36.3","tcp","0","Nessus Scan Information","This plugin displays information about the Nessus scan.","This plugin displays, for each tested host, information about the
scan itself :

  - The version of the plugin set.
  - The type of scanner (Nessus or Nessus Home).
  - The version of the Nessus Engine.
  - The port scanner(s) used.
  - The port range scanned.
  - The ping round trip time 
  - Whether credentialed or third-party patch management
    checks are possible.
  - Whether the display of superseded patches is enabled
  - The date of the scan.
  - The duration of the scan.
  - The number of hosts scanned in parallel.
  - The number of checks done in parallel.","n/a","","Information about this scan : 

Nessus version : 10.8.3
Nessus build : 20010
Plugin feed version : 202501200722
Scanner edition used : Nessus
Scanner OS : WINDOWS
Scanner distribution : win-x86-64
Scan type : Normal
Scan name : Scan 16
Scan policy used : ControlCase Policy
Scanner IP : 10.99.105.72

WARNING : No port scanner was enabled during the scan. This may
lead to incomplete results.

Port range : 1-65535
Ping RTT : Unavailable
Thorough tests : no
Experimental tests : no
Scan for Unpatched Vulnerabilities : no
Plugin debugging enabled : no
Paranoia level : 1
Report verbosity : 1
Safe checks : yes
Optimize the test : no
Credentialed checks : no
Patch management checks : None
Display superseded patches : yes (supersedence plugin did not launch)
CGI scanning : disabled
Web application tests : disabled
Max hosts : 3
Max checks : 3
Recv timeout : 3
Backports : None
Allow post-scan editing : Yes
Nessus Plugin Signature Checking : Enabled
Audit File Signature Checking : Disabled
Scan Start Date : 2025/1/21 16:13 W. Central Africa Standard Time (UTC +01:00)
Scan duration : 2278 sec
Scan for malware : no
","","","","","","","","","None","","","","2005/08/26","2024/12/31","","",""
"10287","","","None","10.50.36.4","udp","0","Traceroute Information","It was possible to obtain traceroute information.","Makes a traceroute to the remote host.","n/a","","For your information, here is the traceroute from 10.99.105.72 to 10.50.36.4 : 
10.99.105.72

ttl was greater than 50 - Completing Traceroute.

10.99.105.126
?

Hop Count: 2

An error was detected along the way.

","","","","","","","","","None","","","","1999/11/27","2023/12/04","","",""
"19506","","","None","10.50.36.4","tcp","0","Nessus Scan Information","This plugin displays information about the Nessus scan.","This plugin displays, for each tested host, information about the
scan itself :

  - The version of the plugin set.
  - The type of scanner (Nessus or Nessus Home).
  - The version of the Nessus Engine.
  - The port scanner(s) used.
  - The port range scanned.
  - The ping round trip time 
  - Whether credentialed or third-party patch management
    checks are possible.
  - Whether the display of superseded patches is enabled
  - The date of the scan.
  - The duration of the scan.
  - The number of hosts scanned in parallel.
  - The number of checks done in parallel.","n/a","","Information about this scan : 

Nessus version : 10.8.3
Nessus build : 20010
Plugin feed version : 202501200722
Scanner edition used : Nessus
Scanner OS : WINDOWS
Scanner distribution : win-x86-64
Scan type : Normal
Scan name : Scan 16
Scan policy used : ControlCase Policy
Scanner IP : 10.99.105.72

WARNING : No port scanner was enabled during the scan. This may
lead to incomplete results.

Port range : 1-65535
Ping RTT : Unavailable
Thorough tests : no
Experimental tests : no
Scan for Unpatched Vulnerabilities : no
Plugin debugging enabled : no
Paranoia level : 1
Report verbosity : 1
Safe checks : yes
Optimize the test : no
Credentialed checks : no
Patch management checks : None
Display superseded patches : yes (supersedence plugin did not launch)
CGI scanning : disabled
Web application tests : disabled
Max hosts : 3
Max checks : 3
Recv timeout : 3
Backports : None
Allow post-scan editing : Yes
Nessus Plugin Signature Checking : Enabled
Audit File Signature Checking : Disabled
Scan Start Date : 2025/1/21 16:47 W. Central Africa Standard Time (UTC +01:00)
Scan duration : 2248 sec
Scan for malware : no
","","","","","","","","","None","","","","2005/08/26","2024/12/31","","",""
"10287","","","None","10.50.36.5","udp","0","Traceroute Information","It was possible to obtain traceroute information.","Makes a traceroute to the remote host.","n/a","","For your information, here is the traceroute from 10.99.105.72 to 10.50.36.5 : 
10.99.105.72

ttl was greater than 50 - Completing Traceroute.

10.99.105.126
?

Hop Count: 2

An error was detected along the way.

","","","","","","","","","None","","","","1999/11/27","2023/12/04","","",""
"19506","","","None","10.50.36.5","tcp","0","Nessus Scan Information","This plugin displays information about the Nessus scan.","This plugin displays, for each tested host, information about the
scan itself :

  - The version of the plugin set.
  - The type of scanner (Nessus or Nessus Home).
  - The version of the Nessus Engine.
  - The port scanner(s) used.
  - The port range scanned.
  - The ping round trip time 
  - Whether credentialed or third-party patch management
    checks are possible.
  - Whether the display of superseded patches is enabled
  - The date of the scan.
  - The duration of the scan.
  - The number of hosts scanned in parallel.
  - The number of checks done in parallel.","n/a","","Information about this scan : 

Nessus version : 10.8.3
Nessus build : 20010
Plugin feed version : 202501200722
Scanner edition used : Nessus
Scanner OS : WINDOWS
Scanner distribution : win-x86-64
Scan type : Normal
Scan name : Scan 16
Scan policy used : ControlCase Policy
Scanner IP : 10.99.105.72

WARNING : No port scanner was enabled during the scan. This may
lead to incomplete results.

Port range : 1-65535
Ping RTT : Unavailable
Thorough tests : no
Experimental tests : no
Scan for Unpatched Vulnerabilities : no
Plugin debugging enabled : no
Paranoia level : 1
Report verbosity : 1
Safe checks : yes
Optimize the test : no
Credentialed checks : no
Patch management checks : None
Display superseded patches : yes (supersedence plugin did not launch)
CGI scanning : disabled
Web application tests : disabled
Max hosts : 3
Max checks : 3
Recv timeout : 3
Backports : None
Allow post-scan editing : Yes
Nessus Plugin Signature Checking : Enabled
Audit File Signature Checking : Disabled
Scan Start Date : 2025/1/21 16:50 W. Central Africa Standard Time (UTC +01:00)
Scan duration : 2187 sec
Scan for malware : no
","","","","","","","","","None","","","","2005/08/26","2024/12/31","","",""
"10287","","","None","10.50.36.6","udp","0","Traceroute Information","It was possible to obtain traceroute information.","Makes a traceroute to the remote host.","n/a","","For your information, here is the traceroute from 10.99.105.72 to 10.50.36.6 : 
10.99.105.72

ttl was greater than 50 - Completing Traceroute.

10.99.105.126
?

Hop Count: 2

An error was detected along the way.

","","","","","","","","","None","","","","1999/11/27","2023/12/04","","",""
"19506","","","None","10.50.36.6","tcp","0","Nessus Scan Information","This plugin displays information about the Nessus scan.","This plugin displays, for each tested host, information about the
scan itself :

  - The version of the plugin set.
  - The type of scanner (Nessus or Nessus Home).
  - The version of the Nessus Engine.
  - The port scanner(s) used.
  - The port range scanned.
  - The ping round trip time 
  - Whether credentialed or third-party patch management
    checks are possible.
  - Whether the display of superseded patches is enabled
  - The date of the scan.
  - The duration of the scan.
  - The number of hosts scanned in parallel.
  - The number of checks done in parallel.","n/a","","Information about this scan : 

Nessus version : 10.8.3
Nessus build : 20010
Plugin feed version : 202501200722
Scanner edition used : Nessus
Scanner OS : WINDOWS
Scanner distribution : win-x86-64
Scan type : Normal
Scan name : Scan 16
Scan policy used : ControlCase Policy
Scanner IP : 10.99.105.72

WARNING : No port scanner was enabled during the scan. This may
lead to incomplete results.

Port range : 1-65535
Ping RTT : Unavailable
Thorough tests : no
Experimental tests : no
Scan for Unpatched Vulnerabilities : no
Plugin debugging enabled : no
Paranoia level : 1
Report verbosity : 1
Safe checks : yes
Optimize the test : no
Credentialed checks : no
Patch management checks : None
Display superseded patches : yes (supersedence plugin did not launch)
CGI scanning : disabled
Web application tests : disabled
Max hosts : 3
Max checks : 3
Recv timeout : 3
Backports : None
Allow post-scan editing : Yes
Nessus Plugin Signature Checking : Enabled
Audit File Signature Checking : Disabled
Scan Start Date : 2025/1/21 16:52 W. Central Africa Standard Time (UTC +01:00)
Scan duration : 2262 sec
Scan for malware : no
","","","","","","","","","None","","","","2005/08/26","2024/12/31","","",""
"10287","","","None","10.50.36.7","udp","0","Traceroute Information","It was possible to obtain traceroute information.","Makes a traceroute to the remote host.","n/a","","For your information, here is the traceroute from 10.99.105.72 to 10.50.36.7 : 
10.99.105.72

ttl was greater than 50 - Completing Traceroute.

10.99.105.126
?

Hop Count: 2

An error was detected along the way.

","","","","","","","","","None","","","","1999/11/27","2023/12/04","","",""
"19506","","","None","10.50.36.7","tcp","0","Nessus Scan Information","This plugin displays information about the Nessus scan.","This plugin displays, for each tested host, information about the
scan itself :

  - The version of the plugin set.
  - The type of scanner (Nessus or Nessus Home).
  - The version of the Nessus Engine.
  - The port scanner(s) used.
  - The port range scanned.
  - The ping round trip time 
  - Whether credentialed or third-party patch management
    checks are possible.
  - Whether the display of superseded patches is enabled
  - The date of the scan.
  - The duration of the scan.
  - The number of hosts scanned in parallel.
  - The number of checks done in parallel.","n/a","","Information about this scan : 

Nessus version : 10.8.3
Nessus build : 20010
Plugin feed version : 202501200722
Scanner edition used : Nessus
Scanner OS : WINDOWS
Scanner distribution : win-x86-64
Scan type : Normal
Scan name : Scan 16
Scan policy used : ControlCase Policy
Scanner IP : 10.99.105.72

WARNING : No port scanner was enabled during the scan. This may
lead to incomplete results.

Port range : 1-65535
Ping RTT : Unavailable
Thorough tests : no
Experimental tests : no
Scan for Unpatched Vulnerabilities : no
Plugin debugging enabled : no
Paranoia level : 1
Report verbosity : 1
Safe checks : yes
Optimize the test : no
Credentialed checks : no
Patch management checks : None
Display superseded patches : yes (supersedence plugin did not launch)
CGI scanning : disabled
Web application tests : disabled
Max hosts : 3
Max checks : 3
Recv timeout : 3
Backports : None
Allow post-scan editing : Yes
Nessus Plugin Signature Checking : Enabled
Audit File Signature Checking : Disabled
Scan Start Date : 2025/1/21 17:26 W. Central Africa Standard Time (UTC +01:00)
Scan duration : 2320 sec
Scan for malware : no
","","","","","","","","","None","","","","2005/08/26","2024/12/31","","",""
"10114","CVE-1999-0524","2.1","Low","10.50.50.1","icmp","0","ICMP Timestamp Request Remote Date Disclosure","It is possible to determine the exact time set on the remote host.","The remote host answers to an ICMP timestamp request.  This allows an
attacker to know the date that is set on the targeted machine, which
may assist an unauthenticated, remote attacker in defeating time-based
authentication protocols.

Timestamps returned from machines running Windows Vista / 7 / 2008 /
2008 R2 are deliberately incorrect, but usually within 1000 seconds of
the actual system time.","Filter out the ICMP timestamp requests (13), and the outgoing ICMP
timestamp replies (14).","","","","","","","","","2.2","0.8939","Low","","CWE:200","","1999/08/01","2024/10/07","","",""
"10287","","","None","10.50.50.1","udp","0","Traceroute Information","It was possible to obtain traceroute information.","Makes a traceroute to the remote host.","n/a","","For your information, here is the traceroute from 10.99.105.72 to 10.50.50.1 : 
10.99.105.72

ttl was greater than 50 - Completing Traceroute.

10.99.105.126
10.99.105.72
?

Hop Count: 3

An error was detected along the way.

","","","","","","","","","None","","","","1999/11/27","2023/12/04","","",""
"19506","","","None","10.50.50.1","tcp","0","Nessus Scan Information","This plugin displays information about the Nessus scan.","This plugin displays, for each tested host, information about the
scan itself :

  - The version of the plugin set.
  - The type of scanner (Nessus or Nessus Home).
  - The version of the Nessus Engine.
  - The port scanner(s) used.
  - The port range scanned.
  - The ping round trip time 
  - Whether credentialed or third-party patch management
    checks are possible.
  - Whether the display of superseded patches is enabled
  - The date of the scan.
  - The duration of the scan.
  - The number of hosts scanned in parallel.
  - The number of checks done in parallel.","n/a","","Information about this scan : 

Nessus version : 10.8.3
Nessus build : 20010
Plugin feed version : 202501200722
Scanner edition used : Nessus
Scanner OS : WINDOWS
Scanner distribution : win-x86-64
Scan type : Normal
Scan name : Scan 16
Scan policy used : ControlCase Policy
Scanner IP : 10.99.105.72

WARNING : No port scanner was enabled during the scan. This may
lead to incomplete results.

Port range : 1-65535
Ping RTT : Unavailable
Thorough tests : no
Experimental tests : no
Scan for Unpatched Vulnerabilities : no
Plugin debugging enabled : no
Paranoia level : 1
Report verbosity : 1
Safe checks : yes
Optimize the test : no
Credentialed checks : no
Patch management checks : None
Display superseded patches : yes (supersedence plugin did not launch)
CGI scanning : disabled
Web application tests : disabled
Max hosts : 3
Max checks : 3
Recv timeout : 3
Backports : None
Allow post-scan editing : Yes
Nessus Plugin Signature Checking : Enabled
Audit File Signature Checking : Disabled
Scan Start Date : 2025/1/21 15:36 W. Central Africa Standard Time (UTC +01:00)
Scan duration : 2098 sec
Scan for malware : no
","","","","","","","","","None","","","","2005/08/26","2024/12/31","","",""
"10114","CVE-1999-0524","2.1","Low","10.50.50.3","icmp","0","ICMP Timestamp Request Remote Date Disclosure","It is possible to determine the exact time set on the remote host.","The remote host answers to an ICMP timestamp request.  This allows an
attacker to know the date that is set on the targeted machine, which
may assist an unauthenticated, remote attacker in defeating time-based
authentication protocols.

Timestamps returned from machines running Windows Vista / 7 / 2008 /
2008 R2 are deliberately incorrect, but usually within 1000 seconds of
the actual system time.","Filter out the ICMP timestamp requests (13), and the outgoing ICMP
timestamp replies (14).","","","","","","","","","2.2","0.8939","Low","","CWE:200","","1999/08/01","2024/10/07","","",""
"10287","","","None","10.50.50.3","udp","0","Traceroute Information","It was possible to obtain traceroute information.","Makes a traceroute to the remote host.","n/a","","For your information, here is the traceroute from 10.99.105.72 to 10.50.50.3 : 
10.99.105.72

ttl was greater than 50 - Completing Traceroute.

10.99.105.126
?

Hop Count: 2

An error was detected along the way.

","","","","","","","","","None","","","","1999/11/27","2023/12/04","","",""
"19506","","","None","10.50.50.3","tcp","0","Nessus Scan Information","This plugin displays information about the Nessus scan.","This plugin displays, for each tested host, information about the
scan itself :

  - The version of the plugin set.
  - The type of scanner (Nessus or Nessus Home).
  - The version of the Nessus Engine.
  - The port scanner(s) used.
  - The port range scanned.
  - The ping round trip time 
  - Whether credentialed or third-party patch management
    checks are possible.
  - Whether the display of superseded patches is enabled
  - The date of the scan.
  - The duration of the scan.
  - The number of hosts scanned in parallel.
  - The number of checks done in parallel.","n/a","","Information about this scan : 

Nessus version : 10.8.3
Nessus build : 20010
Plugin feed version : 202501200722
Scanner edition used : Nessus
Scanner OS : WINDOWS
Scanner distribution : win-x86-64
Scan type : Normal
Scan name : Scan 16
Scan policy used : ControlCase Policy
Scanner IP : 10.99.105.72

WARNING : No port scanner was enabled during the scan. This may
lead to incomplete results.

Port range : 1-65535
Ping RTT : Unavailable
Thorough tests : no
Experimental tests : no
Scan for Unpatched Vulnerabilities : no
Plugin debugging enabled : no
Paranoia level : 1
Report verbosity : 1
Safe checks : yes
Optimize the test : no
Credentialed checks : no
Patch management checks : None
Display superseded patches : yes (supersedence plugin did not launch)
CGI scanning : disabled
Web application tests : disabled
Max hosts : 3
Max checks : 3
Recv timeout : 3
Backports : None
Allow post-scan editing : Yes
Nessus Plugin Signature Checking : Enabled
Audit File Signature Checking : Disabled
Scan Start Date : 2025/1/21 15:36 W. Central Africa Standard Time (UTC +01:00)
Scan duration : 2131 sec
Scan for malware : no
","","","","","","","","","None","","","","2005/08/26","2024/12/31","","",""
"66334","","","None","10.50.50.3","tcp","0","Patch Report","The remote host is missing several patches.","The remote host is missing one or more security patches. This plugin lists the newest version of each patch to install 
to make sure the remote host is up-to-date.

Note: Because the 'Show missing patches that have been superseded' setting in your scan policy depends on this plugin,
it will always run and cannot be disabled.","Install the patches listed below.","","

. You need to take the following action :

[ Treck TCP/IP stack multiple vulnerabilities. (Ripple20) (137702) ]

+ Action to take : Apply the relevant patches as they become available.


","","","","","","","","","None","","","","2013/07/08","2025/01/14","","",""
"137702","CVE-2020-11896","10.0","Critical","10.50.50.3","tcp","0","Treck TCP/IP stack multiple vulnerabilities. (Ripple20)","The Treck network stack used by the remote host is affected by multiple vulnerabilities.","This plugin detects the usage of the Treck TCP/IP stack by the host thereby indicating that it could be potentially
vulnerable to the Ripple20 vulnerabilities. Patches are being slowly rolled out by vendors and we will release plugins
for patches as they are released by the vendors. In the interim, if you have applied the patches from the vendor for the
Ripple20 vulnerabilities on this host, please recast the severity of this plugin.

Note: This plugin requires ICMP traffic to be unblocked between the scanner and the host","Apply the relevant patches as they become available.","https://www.jsof-tech.com/ripple20/
http://www.nessus.org/u?431098c1
https://support.hp.com/emea_africa-en/document/c06640149
https://psirt.bosch.com/security-advisories/BOSCH-SA-662084.html","
  Detected Treck TCP\IP network stack.","","","","10.0","8.3","9.3","7.3","0.3963","Critical","","CISA-KNOWN-EXPLOITED:2022/03/17;CEA-ID:CEA-2020-0052","","2020/06/22","2023/10/04","","",""
"137702","CVE-2020-11897","10.0","Critical","10.50.50.3","tcp","0","Treck TCP/IP stack multiple vulnerabilities. (Ripple20)","The Treck network stack used by the remote host is affected by multiple vulnerabilities.","This plugin detects the usage of the Treck TCP/IP stack by the host thereby indicating that it could be potentially
vulnerable to the Ripple20 vulnerabilities. Patches are being slowly rolled out by vendors and we will release plugins
for patches as they are released by the vendors. In the interim, if you have applied the patches from the vendor for the
Ripple20 vulnerabilities on this host, please recast the severity of this plugin.

Note: This plugin requires ICMP traffic to be unblocked between the scanner and the host","Apply the relevant patches as they become available.","https://www.jsof-tech.com/ripple20/
http://www.nessus.org/u?431098c1
https://support.hp.com/emea_africa-en/document/c06640149
https://psirt.bosch.com/security-advisories/BOSCH-SA-662084.html","
  Detected Treck TCP\IP network stack.","","","","10.0","8.3","9.3","7.3","0.3963","Critical","","CISA-KNOWN-EXPLOITED:2022/03/17;CEA-ID:CEA-2020-0052","","2020/06/22","2023/10/04","","",""
"137702","CVE-2020-11898","10.0","Critical","10.50.50.3","tcp","0","Treck TCP/IP stack multiple vulnerabilities. (Ripple20)","The Treck network stack used by the remote host is affected by multiple vulnerabilities.","This plugin detects the usage of the Treck TCP/IP stack by the host thereby indicating that it could be potentially
vulnerable to the Ripple20 vulnerabilities. Patches are being slowly rolled out by vendors and we will release plugins
for patches as they are released by the vendors. In the interim, if you have applied the patches from the vendor for the
Ripple20 vulnerabilities on this host, please recast the severity of this plugin.

Note: This plugin requires ICMP traffic to be unblocked between the scanner and the host","Apply the relevant patches as they become available.","https://www.jsof-tech.com/ripple20/
http://www.nessus.org/u?431098c1
https://support.hp.com/emea_africa-en/document/c06640149
https://psirt.bosch.com/security-advisories/BOSCH-SA-662084.html","
  Detected Treck TCP\IP network stack.","","","","10.0","8.3","9.3","7.3","0.3963","Critical","","CISA-KNOWN-EXPLOITED:2022/03/17;CEA-ID:CEA-2020-0052","","2020/06/22","2023/10/04","","",""
"137702","CVE-2020-11899","10.0","Critical","10.50.50.3","tcp","0","Treck TCP/IP stack multiple vulnerabilities. (Ripple20)","The Treck network stack used by the remote host is affected by multiple vulnerabilities.","This plugin detects the usage of the Treck TCP/IP stack by the host thereby indicating that it could be potentially
vulnerable to the Ripple20 vulnerabilities. Patches are being slowly rolled out by vendors and we will release plugins
for patches as they are released by the vendors. In the interim, if you have applied the patches from the vendor for the
Ripple20 vulnerabilities on this host, please recast the severity of this plugin.

Note: This plugin requires ICMP traffic to be unblocked between the scanner and the host","Apply the relevant patches as they become available.","https://www.jsof-tech.com/ripple20/
http://www.nessus.org/u?431098c1
https://support.hp.com/emea_africa-en/document/c06640149
https://psirt.bosch.com/security-advisories/BOSCH-SA-662084.html","
  Detected Treck TCP\IP network stack.","","","","10.0","8.3","9.3","7.3","0.3963","Critical","","CISA-KNOWN-EXPLOITED:2022/03/17;CEA-ID:CEA-2020-0052","","2020/06/22","2023/10/04","","",""
"137702","CVE-2020-11900","10.0","Critical","10.50.50.3","tcp","0","Treck TCP/IP stack multiple vulnerabilities. (Ripple20)","The Treck network stack used by the remote host is affected by multiple vulnerabilities.","This plugin detects the usage of the Treck TCP/IP stack by the host thereby indicating that it could be potentially
vulnerable to the Ripple20 vulnerabilities. Patches are being slowly rolled out by vendors and we will release plugins
for patches as they are released by the vendors. In the interim, if you have applied the patches from the vendor for the
Ripple20 vulnerabilities on this host, please recast the severity of this plugin.

Note: This plugin requires ICMP traffic to be unblocked between the scanner and the host","Apply the relevant patches as they become available.","https://www.jsof-tech.com/ripple20/
http://www.nessus.org/u?431098c1
https://support.hp.com/emea_africa-en/document/c06640149
https://psirt.bosch.com/security-advisories/BOSCH-SA-662084.html","
  Detected Treck TCP\IP network stack.","","","","10.0","8.3","9.3","7.3","0.3963","Critical","","CISA-KNOWN-EXPLOITED:2022/03/17;CEA-ID:CEA-2020-0052","","2020/06/22","2023/10/04","","",""
"137702","CVE-2020-11901","10.0","Critical","10.50.50.3","tcp","0","Treck TCP/IP stack multiple vulnerabilities. (Ripple20)","The Treck network stack used by the remote host is affected by multiple vulnerabilities.","This plugin detects the usage of the Treck TCP/IP stack by the host thereby indicating that it could be potentially
vulnerable to the Ripple20 vulnerabilities. Patches are being slowly rolled out by vendors and we will release plugins
for patches as they are released by the vendors. In the interim, if you have applied the patches from the vendor for the
Ripple20 vulnerabilities on this host, please recast the severity of this plugin.

Note: This plugin requires ICMP traffic to be unblocked between the scanner and the host","Apply the relevant patches as they become available.","https://www.jsof-tech.com/ripple20/
http://www.nessus.org/u?431098c1
https://support.hp.com/emea_africa-en/document/c06640149
https://psirt.bosch.com/security-advisories/BOSCH-SA-662084.html","
  Detected Treck TCP\IP network stack.","","","","10.0","8.3","9.3","7.3","0.3963","Critical","","CISA-KNOWN-EXPLOITED:2022/03/17;CEA-ID:CEA-2020-0052","","2020/06/22","2023/10/04","","",""
"137702","CVE-2020-11902","10.0","Critical","10.50.50.3","tcp","0","Treck TCP/IP stack multiple vulnerabilities. (Ripple20)","The Treck network stack used by the remote host is affected by multiple vulnerabilities.","This plugin detects the usage of the Treck TCP/IP stack by the host thereby indicating that it could be potentially
vulnerable to the Ripple20 vulnerabilities. Patches are being slowly rolled out by vendors and we will release plugins
for patches as they are released by the vendors. In the interim, if you have applied the patches from the vendor for the
Ripple20 vulnerabilities on this host, please recast the severity of this plugin.

Note: This plugin requires ICMP traffic to be unblocked between the scanner and the host","Apply the relevant patches as they become available.","https://www.jsof-tech.com/ripple20/
http://www.nessus.org/u?431098c1
https://support.hp.com/emea_africa-en/document/c06640149
https://psirt.bosch.com/security-advisories/BOSCH-SA-662084.html","
  Detected Treck TCP\IP network stack.","","","","10.0","8.3","9.3","7.3","0.3963","Critical","","CISA-KNOWN-EXPLOITED:2022/03/17;CEA-ID:CEA-2020-0052","","2020/06/22","2023/10/04","","",""
"137702","CVE-2020-11903","10.0","Critical","10.50.50.3","tcp","0","Treck TCP/IP stack multiple vulnerabilities. (Ripple20)","The Treck network stack used by the remote host is affected by multiple vulnerabilities.","This plugin detects the usage of the Treck TCP/IP stack by the host thereby indicating that it could be potentially
vulnerable to the Ripple20 vulnerabilities. Patches are being slowly rolled out by vendors and we will release plugins
for patches as they are released by the vendors. In the interim, if you have applied the patches from the vendor for the
Ripple20 vulnerabilities on this host, please recast the severity of this plugin.

Note: This plugin requires ICMP traffic to be unblocked between the scanner and the host","Apply the relevant patches as they become available.","https://www.jsof-tech.com/ripple20/
http://www.nessus.org/u?431098c1
https://support.hp.com/emea_africa-en/document/c06640149
https://psirt.bosch.com/security-advisories/BOSCH-SA-662084.html","
  Detected Treck TCP\IP network stack.","","","","10.0","8.3","9.3","7.3","0.3963","Critical","","CISA-KNOWN-EXPLOITED:2022/03/17;CEA-ID:CEA-2020-0052","","2020/06/22","2023/10/04","","",""
"137702","CVE-2020-11904","10.0","Critical","10.50.50.3","tcp","0","Treck TCP/IP stack multiple vulnerabilities. (Ripple20)","The Treck network stack used by the remote host is affected by multiple vulnerabilities.","This plugin detects the usage of the Treck TCP/IP stack by the host thereby indicating that it could be potentially
vulnerable to the Ripple20 vulnerabilities. Patches are being slowly rolled out by vendors and we will release plugins
for patches as they are released by the vendors. In the interim, if you have applied the patches from the vendor for the
Ripple20 vulnerabilities on this host, please recast the severity of this plugin.

Note: This plugin requires ICMP traffic to be unblocked between the scanner and the host","Apply the relevant patches as they become available.","https://www.jsof-tech.com/ripple20/
http://www.nessus.org/u?431098c1
https://support.hp.com/emea_africa-en/document/c06640149
https://psirt.bosch.com/security-advisories/BOSCH-SA-662084.html","
  Detected Treck TCP\IP network stack.","","","","10.0","8.3","9.3","7.3","0.3963","Critical","","CISA-KNOWN-EXPLOITED:2022/03/17;CEA-ID:CEA-2020-0052","","2020/06/22","2023/10/04","","",""
"137702","CVE-2020-11905","10.0","Critical","10.50.50.3","tcp","0","Treck TCP/IP stack multiple vulnerabilities. (Ripple20)","The Treck network stack used by the remote host is affected by multiple vulnerabilities.","This plugin detects the usage of the Treck TCP/IP stack by the host thereby indicating that it could be potentially
vulnerable to the Ripple20 vulnerabilities. Patches are being slowly rolled out by vendors and we will release plugins
for patches as they are released by the vendors. In the interim, if you have applied the patches from the vendor for the
Ripple20 vulnerabilities on this host, please recast the severity of this plugin.

Note: This plugin requires ICMP traffic to be unblocked between the scanner and the host","Apply the relevant patches as they become available.","https://www.jsof-tech.com/ripple20/
http://www.nessus.org/u?431098c1
https://support.hp.com/emea_africa-en/document/c06640149
https://psirt.bosch.com/security-advisories/BOSCH-SA-662084.html","
  Detected Treck TCP\IP network stack.","","","","10.0","8.3","9.3","7.3","0.3963","Critical","","CISA-KNOWN-EXPLOITED:2022/03/17;CEA-ID:CEA-2020-0052","","2020/06/22","2023/10/04","","",""
"137702","CVE-2020-11906","10.0","Critical","10.50.50.3","tcp","0","Treck TCP/IP stack multiple vulnerabilities. (Ripple20)","The Treck network stack used by the remote host is affected by multiple vulnerabilities.","This plugin detects the usage of the Treck TCP/IP stack by the host thereby indicating that it could be potentially
vulnerable to the Ripple20 vulnerabilities. Patches are being slowly rolled out by vendors and we will release plugins
for patches as they are released by the vendors. In the interim, if you have applied the patches from the vendor for the
Ripple20 vulnerabilities on this host, please recast the severity of this plugin.

Note: This plugin requires ICMP traffic to be unblocked between the scanner and the host","Apply the relevant patches as they become available.","https://www.jsof-tech.com/ripple20/
http://www.nessus.org/u?431098c1
https://support.hp.com/emea_africa-en/document/c06640149
https://psirt.bosch.com/security-advisories/BOSCH-SA-662084.html","
  Detected Treck TCP\IP network stack.","","","","10.0","8.3","9.3","7.3","0.3963","Critical","","CISA-KNOWN-EXPLOITED:2022/03/17;CEA-ID:CEA-2020-0052","","2020/06/22","2023/10/04","","",""
"137702","CVE-2020-11907","10.0","Critical","10.50.50.3","tcp","0","Treck TCP/IP stack multiple vulnerabilities. (Ripple20)","The Treck network stack used by the remote host is affected by multiple vulnerabilities.","This plugin detects the usage of the Treck TCP/IP stack by the host thereby indicating that it could be potentially
vulnerable to the Ripple20 vulnerabilities. Patches are being slowly rolled out by vendors and we will release plugins
for patches as they are released by the vendors. In the interim, if you have applied the patches from the vendor for the
Ripple20 vulnerabilities on this host, please recast the severity of this plugin.

Note: This plugin requires ICMP traffic to be unblocked between the scanner and the host","Apply the relevant patches as they become available.","https://www.jsof-tech.com/ripple20/
http://www.nessus.org/u?431098c1
https://support.hp.com/emea_africa-en/document/c06640149
https://psirt.bosch.com/security-advisories/BOSCH-SA-662084.html","
  Detected Treck TCP\IP network stack.","","","","10.0","8.3","9.3","7.3","0.3963","Critical","","CISA-KNOWN-EXPLOITED:2022/03/17;CEA-ID:CEA-2020-0052","","2020/06/22","2023/10/04","","",""
"137702","CVE-2020-11908","10.0","Critical","10.50.50.3","tcp","0","Treck TCP/IP stack multiple vulnerabilities. (Ripple20)","The Treck network stack used by the remote host is affected by multiple vulnerabilities.","This plugin detects the usage of the Treck TCP/IP stack by the host thereby indicating that it could be potentially
vulnerable to the Ripple20 vulnerabilities. Patches are being slowly rolled out by vendors and we will release plugins
for patches as they are released by the vendors. In the interim, if you have applied the patches from the vendor for the
Ripple20 vulnerabilities on this host, please recast the severity of this plugin.

Note: This plugin requires ICMP traffic to be unblocked between the scanner and the host","Apply the relevant patches as they become available.","https://www.jsof-tech.com/ripple20/
http://www.nessus.org/u?431098c1
https://support.hp.com/emea_africa-en/document/c06640149
https://psirt.bosch.com/security-advisories/BOSCH-SA-662084.html","
  Detected Treck TCP\IP network stack.","","","","10.0","8.3","9.3","7.3","0.3963","Critical","","CISA-KNOWN-EXPLOITED:2022/03/17;CEA-ID:CEA-2020-0052","","2020/06/22","2023/10/04","","",""
"137702","CVE-2020-11909","10.0","Critical","10.50.50.3","tcp","0","Treck TCP/IP stack multiple vulnerabilities. (Ripple20)","The Treck network stack used by the remote host is affected by multiple vulnerabilities.","This plugin detects the usage of the Treck TCP/IP stack by the host thereby indicating that it could be potentially
vulnerable to the Ripple20 vulnerabilities. Patches are being slowly rolled out by vendors and we will release plugins
for patches as they are released by the vendors. In the interim, if you have applied the patches from the vendor for the
Ripple20 vulnerabilities on this host, please recast the severity of this plugin.

Note: This plugin requires ICMP traffic to be unblocked between the scanner and the host","Apply the relevant patches as they become available.","https://www.jsof-tech.com/ripple20/
http://www.nessus.org/u?431098c1
https://support.hp.com/emea_africa-en/document/c06640149
https://psirt.bosch.com/security-advisories/BOSCH-SA-662084.html","
  Detected Treck TCP\IP network stack.","","","","10.0","8.3","9.3","7.3","0.3963","Critical","","CISA-KNOWN-EXPLOITED:2022/03/17;CEA-ID:CEA-2020-0052","","2020/06/22","2023/10/04","","",""
"137702","CVE-2020-11910","10.0","Critical","10.50.50.3","tcp","0","Treck TCP/IP stack multiple vulnerabilities. (Ripple20)","The Treck network stack used by the remote host is affected by multiple vulnerabilities.","This plugin detects the usage of the Treck TCP/IP stack by the host thereby indicating that it could be potentially
vulnerable to the Ripple20 vulnerabilities. Patches are being slowly rolled out by vendors and we will release plugins
for patches as they are released by the vendors. In the interim, if you have applied the patches from the vendor for the
Ripple20 vulnerabilities on this host, please recast the severity of this plugin.

Note: This plugin requires ICMP traffic to be unblocked between the scanner and the host","Apply the relevant patches as they become available.","https://www.jsof-tech.com/ripple20/
http://www.nessus.org/u?431098c1
https://support.hp.com/emea_africa-en/document/c06640149
https://psirt.bosch.com/security-advisories/BOSCH-SA-662084.html","
  Detected Treck TCP\IP network stack.","","","","10.0","8.3","9.3","7.3","0.3963","Critical","","CISA-KNOWN-EXPLOITED:2022/03/17;CEA-ID:CEA-2020-0052","","2020/06/22","2023/10/04","","",""
"137702","CVE-2020-11911","10.0","Critical","10.50.50.3","tcp","0","Treck TCP/IP stack multiple vulnerabilities. (Ripple20)","The Treck network stack used by the remote host is affected by multiple vulnerabilities.","This plugin detects the usage of the Treck TCP/IP stack by the host thereby indicating that it could be potentially
vulnerable to the Ripple20 vulnerabilities. Patches are being slowly rolled out by vendors and we will release plugins
for patches as they are released by the vendors. In the interim, if you have applied the patches from the vendor for the
Ripple20 vulnerabilities on this host, please recast the severity of this plugin.

Note: This plugin requires ICMP traffic to be unblocked between the scanner and the host","Apply the relevant patches as they become available.","https://www.jsof-tech.com/ripple20/
http://www.nessus.org/u?431098c1
https://support.hp.com/emea_africa-en/document/c06640149
https://psirt.bosch.com/security-advisories/BOSCH-SA-662084.html","
  Detected Treck TCP\IP network stack.","","","","10.0","8.3","9.3","7.3","0.3963","Critical","","CISA-KNOWN-EXPLOITED:2022/03/17;CEA-ID:CEA-2020-0052","","2020/06/22","2023/10/04","","",""
"137702","CVE-2020-11912","10.0","Critical","10.50.50.3","tcp","0","Treck TCP/IP stack multiple vulnerabilities. (Ripple20)","The Treck network stack used by the remote host is affected by multiple vulnerabilities.","This plugin detects the usage of the Treck TCP/IP stack by the host thereby indicating that it could be potentially
vulnerable to the Ripple20 vulnerabilities. Patches are being slowly rolled out by vendors and we will release plugins
for patches as they are released by the vendors. In the interim, if you have applied the patches from the vendor for the
Ripple20 vulnerabilities on this host, please recast the severity of this plugin.

Note: This plugin requires ICMP traffic to be unblocked between the scanner and the host","Apply the relevant patches as they become available.","https://www.jsof-tech.com/ripple20/
http://www.nessus.org/u?431098c1
https://support.hp.com/emea_africa-en/document/c06640149
https://psirt.bosch.com/security-advisories/BOSCH-SA-662084.html","
  Detected Treck TCP\IP network stack.","","","","10.0","8.3","9.3","7.3","0.3963","Critical","","CISA-KNOWN-EXPLOITED:2022/03/17;CEA-ID:CEA-2020-0052","","2020/06/22","2023/10/04","","",""
"137702","CVE-2020-11913","10.0","Critical","10.50.50.3","tcp","0","Treck TCP/IP stack multiple vulnerabilities. (Ripple20)","The Treck network stack used by the remote host is affected by multiple vulnerabilities.","This plugin detects the usage of the Treck TCP/IP stack by the host thereby indicating that it could be potentially
vulnerable to the Ripple20 vulnerabilities. Patches are being slowly rolled out by vendors and we will release plugins
for patches as they are released by the vendors. In the interim, if you have applied the patches from the vendor for the
Ripple20 vulnerabilities on this host, please recast the severity of this plugin.

Note: This plugin requires ICMP traffic to be unblocked between the scanner and the host","Apply the relevant patches as they become available.","https://www.jsof-tech.com/ripple20/
http://www.nessus.org/u?431098c1
https://support.hp.com/emea_africa-en/document/c06640149
https://psirt.bosch.com/security-advisories/BOSCH-SA-662084.html","
  Detected Treck TCP\IP network stack.","","","","10.0","8.3","9.3","7.3","0.3963","Critical","","CISA-KNOWN-EXPLOITED:2022/03/17;CEA-ID:CEA-2020-0052","","2020/06/22","2023/10/04","","",""
"137702","CVE-2020-11914","10.0","Critical","10.50.50.3","tcp","0","Treck TCP/IP stack multiple vulnerabilities. (Ripple20)","The Treck network stack used by the remote host is affected by multiple vulnerabilities.","This plugin detects the usage of the Treck TCP/IP stack by the host thereby indicating that it could be potentially
vulnerable to the Ripple20 vulnerabilities. Patches are being slowly rolled out by vendors and we will release plugins
for patches as they are released by the vendors. In the interim, if you have applied the patches from the vendor for the
Ripple20 vulnerabilities on this host, please recast the severity of this plugin.

Note: This plugin requires ICMP traffic to be unblocked between the scanner and the host","Apply the relevant patches as they become available.","https://www.jsof-tech.com/ripple20/
http://www.nessus.org/u?431098c1
https://support.hp.com/emea_africa-en/document/c06640149
https://psirt.bosch.com/security-advisories/BOSCH-SA-662084.html","
  Detected Treck TCP\IP network stack.","","","","10.0","8.3","9.3","7.3","0.3963","Critical","","CISA-KNOWN-EXPLOITED:2022/03/17;CEA-ID:CEA-2020-0052","","2020/06/22","2023/10/04","","",""
"137703","","","None","10.50.50.3","tcp","0","Treck/Kasago Network Stack Detection","Attempts to detect the Treck network stack.","The Treck/Kasago network stack appears to be running on the remote
 host.

Note that this plugin is based on a detection method provided by JSOF 
(https://www.jsof-tech.com/).

The plugin sends a special packet to the host and looks for a
specific type of ICMP response packet. If the response is not
received (for example, the host does not respond to the special
packet or the response is blocked by a device between the scanner
and the host), the plugin cannot make a determination. Failure to
receive the specific type of ICMP packet in the response does not
necessarily indicate that the remote host does not use the
Treck/Kasago network stack.","n/a","https://www.treck.com/","The remote host appears to be running the Treck/Kasago network stack. Response to ICMP type 165 : 

0x00:  45 00 00 2C 0A 2F 00 00 29 06 ED F1 0A 63 69 48    E..,./..)....ciH
0x10:  0A FF 1B 02 E1 EF CA 7F 75 D8 B7 CF 00 00 00 00    ........u.......
0x20:  60 02 04 00 20 63 00 00 02 04 05 B4                `... c......    
","","","","","","","","","None","","","","2020/06/22","2025/01/13","","",""
"10287","","","None","10.50.50.4","udp","0","Traceroute Information","It was possible to obtain traceroute information.","Makes a traceroute to the remote host.","n/a","","For your information, here is the traceroute from 10.99.105.72 to 10.50.50.4 : 
10.99.105.72

ttl was greater than 50 - Completing Traceroute.

10.99.105.126
?

Hop Count: 2

An error was detected along the way.

","","","","","","","","","None","","","","1999/11/27","2023/12/04","","",""
"19506","","","None","10.50.50.4","tcp","0","Nessus Scan Information","This plugin displays information about the Nessus scan.","This plugin displays, for each tested host, information about the
scan itself :

  - The version of the plugin set.
  - The type of scanner (Nessus or Nessus Home).
  - The version of the Nessus Engine.
  - The port scanner(s) used.
  - The port range scanned.
  - The ping round trip time 
  - Whether credentialed or third-party patch management
    checks are possible.
  - Whether the display of superseded patches is enabled
  - The date of the scan.
  - The duration of the scan.
  - The number of hosts scanned in parallel.
  - The number of checks done in parallel.","n/a","","Information about this scan : 

Nessus version : 10.8.3
Nessus build : 20010
Plugin feed version : 202501200722
Scanner edition used : Nessus
Scanner OS : WINDOWS
Scanner distribution : win-x86-64
Scan type : Normal
Scan name : Scan 16
Scan policy used : ControlCase Policy
Scanner IP : 10.99.105.72

WARNING : No port scanner was enabled during the scan. This may
lead to incomplete results.

Port range : 1-65535
Ping RTT : Unavailable
Thorough tests : no
Experimental tests : no
Scan for Unpatched Vulnerabilities : no
Plugin debugging enabled : no
Paranoia level : 1
Report verbosity : 1
Safe checks : yes
Optimize the test : no
Credentialed checks : no
Patch management checks : None
Display superseded patches : yes (supersedence plugin did not launch)
CGI scanning : disabled
Web application tests : disabled
Max hosts : 3
Max checks : 3
Recv timeout : 3
Backports : None
Allow post-scan editing : Yes
Nessus Plugin Signature Checking : Enabled
Audit File Signature Checking : Disabled
Scan Start Date : 2025/1/21 15:00 W. Central Africa Standard Time (UTC +01:00)
Scan duration : 2137 sec
Scan for malware : no
","","","","","","","","","None","","","","2005/08/26","2024/12/31","","",""
"10287","","","None","10.50.50.13","udp","0","Traceroute Information","It was possible to obtain traceroute information.","Makes a traceroute to the remote host.","n/a","","For your information, here is the traceroute from 10.99.105.72 to 10.50.50.13 : 
10.99.105.72

ttl was greater than 50 - Completing Traceroute.

10.99.105.126
?

Hop Count: 2

An error was detected along the way.

","","","","","","","","","None","","","","1999/11/27","2023/12/04","","",""
"19506","","","None","10.50.50.13","tcp","0","Nessus Scan Information","This plugin displays information about the Nessus scan.","This plugin displays, for each tested host, information about the
scan itself :

  - The version of the plugin set.
  - The type of scanner (Nessus or Nessus Home).
  - The version of the Nessus Engine.
  - The port scanner(s) used.
  - The port range scanned.
  - The ping round trip time 
  - Whether credentialed or third-party patch management
    checks are possible.
  - Whether the display of superseded patches is enabled
  - The date of the scan.
  - The duration of the scan.
  - The number of hosts scanned in parallel.
  - The number of checks done in parallel.","n/a","","Information about this scan : 

Nessus version : 10.8.3
Nessus build : 20010
Plugin feed version : 202501200722
Scanner edition used : Nessus
Scanner OS : WINDOWS
Scanner distribution : win-x86-64
Scan type : Normal
Scan name : Scan 16
Scan policy used : ControlCase Policy
Scanner IP : 10.99.105.72

WARNING : No port scanner was enabled during the scan. This may
lead to incomplete results.

Port range : 1-65535
Ping RTT : Unavailable
Thorough tests : no
Experimental tests : no
Scan for Unpatched Vulnerabilities : no
Plugin debugging enabled : no
Paranoia level : 1
Report verbosity : 1
Safe checks : yes
Optimize the test : no
Credentialed checks : no
Patch management checks : None
Display superseded patches : yes (supersedence plugin did not launch)
CGI scanning : disabled
Web application tests : disabled
Max hosts : 3
Max checks : 3
Recv timeout : 3
Backports : None
Allow post-scan editing : Yes
Nessus Plugin Signature Checking : Enabled
Audit File Signature Checking : Disabled
Scan Start Date : 2025/1/21 14:23 W. Central Africa Standard Time (UTC +01:00)
Scan duration : 2188 sec
Scan for malware : no
","","","","","","","","","None","","","","2005/08/26","2024/12/31","","",""
